customer_id,age,gender,education_level,employment_type,join_date,annual_income,loan_amount,credit_score,transaction_count,spending_ratio,default_flag,repayment_history,inflation_rate,unemployment_rate,avg_interest_rate,join_year,join_month,join_day,join_weekday,education_level_encoded,gender_encoded,region_East,region_North,region_South,region_West,purpose_Business,purpose_Car,purpose_Education,purpose_Home,purpose_Other,income_band,credit_score_above_700,transaction_count_qbin,transaction_count_kmeans_bin,spending_ratio_log,spending_ratio_sqrt,spending_ratio_reciprocal,loan_amount_boxcox,annual_income_yeojohnson,debt_to_income_ratio,avg_monthly_transactions,spending_to_income_ratio
CUST100000,59.0,Female,Secondary,Self-Employed,2024-07-31,343579.3328761503,245388.3774157788,768.9545417544166,51,33.94141888679641,0,0,7.2,8.56,11.89,2024,7,31,Wednesday,1.0,0,False,False,True,False,False,True,False,False,False,Medium,1.0,Q4,1,3.55367291311997,5.825926440215016,0.028619330063264198,0.5105602506061748,-0.037017651647245214,0.7142116941714701,8.5,0.33941418886796415
CUST100001,49.0,Male,Primary,Salaried,2018-11-09,443721.10072199965,84827.36517404705,561.496365122939,55,40.04600085567268,0,0,7.12,7.52,10.17,2018,11,9,Friday,0.0,1,False,False,False,True,False,False,False,True,False,Medium,0.0,Q4,3,3.714693409853592,6.328190962326649,0.02436290939807348,-0.7661234638054737,0.3695360110607204,0.19117270969539293,9.166666666666666,0.4004600085567268
CUST100002,35.0,Female,Post-Graduate,Salaried,2023-07-22,324866.22400722053,199833.7796973686,640.179057060969,48,31.324229915330136,0,0,4.65,3.95,7.17,2023,7,22,Saturday,3.0,0,True,False,False,False,False,False,True,False,False,Medium,0.0,Q3,1,3.475817101182501,5.596805331198338,0.030936545205234374,0.25737365683236507,-0.1295093421762722,0.6151263656542117,8.0,0.3132422991533014
CUST100003,63.0,Female,Graduate,Self-Employed,2015-06-24,269247.79276952747,206636.8670436827,632.7241403092659,37,7.168918924662007,0,1,4.93,3.44,11.79,2015,6,24,Wednesday,2.0,0,False,True,False,False,False,True,False,False,False,Low,0.0,Q1,0,2.100336577553719,2.6774836926976806,0.12241521910334976,0.2984360037915588,-0.44911899460872295,0.767459836599519,6.166666666666667,0.07168918924662007
CUST100004,28.0,Male,Post-Graduate,Salaried,2019-08-24,171027.96535598708,96097.65853716564,636.322307585529,45,41.07523548148397,0,0,4.93,3.44,11.79,2019,8,24,Saturday,3.0,1,False,True,False,False,True,False,False,False,False,Low,0.0,Q2,2,3.7394593367690865,6.408996448858742,0.023766949573938084,-0.6203626487155092,-1.2854457666185317,0.5618827209757343,7.5,0.41075235481483974
CUST100005,41.0,Male,Post-Graduate,Salaried,2024-12-29,367018.0413899793,226496.3391759984,796.4190684186451,45,27.487756037838125,0,1,4.93,3.44,11.79,2024,12,29,Sunday,3.0,1,False,True,False,False,False,False,True,False,False,Medium,1.0,Q2,2,3.349474382257192,5.242876694891662,0.035102799907152246,0.4114169827056887,0.07034329647655062,0.617125900182471,7.5,0.27487756037838124
CUST100006,59.0,Female,Graduate,Salaried,2016-04-18,104927.56851646773,48968.72916600701,562.4224901666305,42,6.986029858992405,0,3,4.93,3.44,11.79,2016,4,18,Monday,2.0,0,False,True,False,False,False,False,False,False,True,Low,0.0,Q2,2,2.0776937475511956,2.643109884017765,0.1252186653013804,-1.3953190167998744,-2.296822120956008,0.46669078354104504,7.0,0.06986029858992404
CUST100007,39.0,Female,Graduate,Self-Employed,2020-04-18,240001.6734404467,125512.68056995362,625.4746364096801,48,23.468445078270435,0,0,7.2,8.56,11.89,2020,4,18,Saturday,2.0,0,False,False,True,False,False,True,False,False,False,Low,0.0,Q3,1,3.197384331433549,4.844424122459803,0.04086896395750398,-0.3046542128254537,-0.6522609614649618,0.5229658559072421,8.0,0.23468445078270433
CUST100008,43.0,Female,Graduate,Salaried,2024-05-25,207591.92540757084,26468.27911251546,770.2657999057401,55,22.13557817638302,0,2,7.2,8.56,11.89,2024,5,25,Saturday,2.0,0,False,False,True,False,False,False,False,False,True,Low,1.0,Q4,3,3.141371613461553,4.704846243649523,0.04322347132957359,-2.0757405309866717,-0.9169091178756065,0.12750148668138017,9.166666666666666,0.2213557817638302
CUST100009,31.0,Female,Secondary,Salaried,2015-09-27,313756.94012212753,191758.96011263315,624.1640937328682,45,8.997649555041145,0,0,4.93,3.44,11.79,2015,9,27,Sunday,1.0,0,False,True,False,False,False,False,False,False,True,Medium,0.0,Q2,2,2.3023500208708736,2.999608233593371,0.10002350997547889,0.2068941582926949,-0.18761975782553758,0.6111704175786277,7.5,0.08997649555041144
CUST100010,31.0,Female,Graduate,Self-Employed,2020-08-06,318698.92279869213,52635.60349056376,575.1376227306803,42,56.06691341921098,1,1,4.93,3.44,11.79,2020,8,6,Thursday,2.0,0,False,True,False,False,False,False,False,False,True,Medium,0.0,Q2,2,4.044224498964955,7.487784279692557,0.01752328871642391,-1.3138017794768442,-0.1614575880304479,0.16515777031292733,7.0,0.5606691341921097
CUST100011,44.0,Male,Graduate,Salaried,2021-09-20,644334.9668092511,288669.5880455232,671.0411745415798,48,22.194381554227206,0,1,4.93,3.44,11.79,2021,9,20,Monday,2.0,1,False,True,False,False,False,False,False,True,False,High,0.0,Q3,1,3.143910074956554,4.711091333674949,0.04311388935557752,0.7130514715148171,0.9183222825458558,0.4480116754721786,8.0,0.22194381554227205
CUST100012,56.0,Male,Graduate,Salaried,2023-10-01,936670.0515125548,312964.01747728966,714.4512433365612,48,36.31879393210495,0,0,7.2,8.56,11.89,2023,10,1,Sunday,2.0,1,False,False,True,False,False,False,False,False,True,High,1.0,Q3,1,3.6194970585251327,6.026507606574885,0.026796149999362945,0.8145155921959664,1.4202808469937502,0.33412407813392636,8.0,0.36318793932104954
CUST100013,60.0,Male,Post-Graduate,Salaried,2016-11-24,185226.1325752394,99344.62111044864,618.5727223881362,48,56.75028428746567,0,3,4.93,3.44,11.79,2016,11,24,Thursday,3.0,1,False,True,False,False,True,False,False,False,False,Low,0.0,Q3,1,4.056128272116465,7.533278455457867,0.017315932074416535,-0.5813511721326996,-1.1316136377471695,0.5363423601693706,8.0,0.5675028428746567
CUST100014,44.0,Female,Graduate,Salaried,2016-01-11,1197443.6791810172,247551.20605550823,694.3494712646036,45,10.116643239629058,0,2,4.93,3.44,11.79,2016,1,11,Monday,2.0,0,False,True,False,False,True,False,False,False,False,Very High,0.0,Q2,2,2.4084433763116078,3.1806671060689546,0.08995521205854297,0.5214489030047713,1.7255257004991562,0.20673306841856567,7.5,0.10116643239629058
CUST100015,23.0,Male,Graduate,Self-Employed,2018-11-16,226935.8461151307,148260.52912092302,539.8707924740349,47,26.290750296057443,0,1,7.12,7.52,10.17,2018,11,16,Friday,2.0,1,False,False,False,True,False,False,True,False,False,Low,0.0,Q3,1,3.306547827785235,5.127450662469356,0.03664245171538816,-0.10516423748963631,-0.7532601758810529,0.6533147215786547,7.833333333333333,0.2629075029605744
CUST100016,42.0,Female,Graduate,Salaried,2021-02-07,401722.1942996885,295671.2427167472,544.3178333265124,32,24.382643321630727,0,1,7.12,7.52,10.17,2021,2,7,Sunday,2.0,0,False,False,False,True,False,False,False,False,True,Medium,0.0,Q1,0,3.2340656066514737,4.937878423131814,0.039397000041670766,0.7430927083883192,0.21452465216026612,0.7360092295427763,5.333333333333333,0.24382643321630726
CUST100017,22.0,Female,Graduate,Salaried,2020-09-14,492139.6484381945,113528.52601774888,614.7930975797898,41,29.42039692684615,0,1,4.93,3.44,11.79,2020,9,14,Monday,2.0,0,False,True,False,False,False,False,False,False,True,Medium,0.0,Q1,2,3.415113334965814,5.424057238529674,0.03287268086622154,-0.42388765834380326,0.5269968840614953,0.23068355979452526,6.833333333333333,0.2942039692684615
CUST100018,44.0,Female,Graduate,Salaried,2018-05-20,1570256.6755126158,288064.32495736046,697.2013935993382,51,18.23227026442316,0,3,4.65,3.95,7.17,2018,5,20,Sunday,2.0,0,True,False,False,False,False,True,False,False,False,Very High,0.0,Q4,1,2.9565896111046785,4.2699262598343735,0.05199594152177922,0.7104224589760519,2.0416058377362916,0.18345046988150573,8.5,0.18232270264423162
CUST100019,64.0,Male,Secondary,Self-Employed,2025-11-11,261615.35605080752,56616.80347733685,710.9198384788069,42,30.70491158150884,0,2,4.93,3.44,11.79,2025,11,11,Tuesday,1.0,1,False,True,False,False,False,False,False,True,False,Low,1.0,Q2,2,3.4564716083611273,5.541201276032918,0.03154085440134856,-1.2311335995161488,-0.49938378825833873,0.21641238622988734,7.0,0.30704911581508837
CUST100020,50.0,Female,Graduate,Self-Employed,2020-05-25,123248.4101232442,98808.50299573869,555.4387162033549,48,46.36947732184882,1,4,7.12,7.52,10.17,2020,5,25,Monday,2.0,0,False,False,False,True,False,False,True,False,False,Low,0.0,Q3,1,3.8579780829260595,6.809513736079017,0.021110640364586784,-0.5877091022242622,-1.9501281252135645,0.8017020495188015,8.0,0.4636947732184882
CUST100021,58.0,Male,Secondary,Salaried,2015-05-14,885783.3574310901,462867.3418531842,707.9536563786064,50,29.10255204079671,0,1,4.65,3.95,7.17,2015,5,14,Thursday,1.0,1,True,False,False,False,False,False,False,False,True,High,1.0,Q4,1,3.404609953569279,5.394678122075191,0.033219774809947755,1.3129238687168818,1.3482421367577215,0.5225514094050849,8.333333333333334,0.2910255204079671
CUST100022,22.0,Female,Secondary,Salaried,2022-12-22,219690.68631252533,104091.37975122246,663.3205632347824,48,29.916389489996103,0,0,4.65,3.95,7.17,2022,12,22,Thursday,1.0,0,True,False,False,False,False,True,False,False,False,Low,0.0,Q3,1,3.4312864474961016,5.469587689213521,0.03234530346189289,-0.526424871211717,-0.8124436082203164,0.4738087968060021,8.0,0.29916389489996104
CUST100023,41.0,Male,Graduate,Self-Employed,2017-07-12,291573.3409707845,54048.79139047318,579.6636244438946,43,45.3292859558994,0,1,4.93,3.44,11.79,2017,7,12,Wednesday,2.0,1,False,True,False,False,False,False,False,True,False,Low,0.0,Q2,2,3.8357742871772484,6.732702722970872,0.021584619304340125,-1.2838043593367938,-0.31172683267366114,0.18536945528188342,7.166666666666667,0.453292859558994
CUST100024,53.0,Male,Graduate,Salaried,2016-11-20,185229.376244124,114776.4207981852,543.2649318381601,52,23.94392029181646,0,0,7.12,7.52,10.17,2016,11,20,Sunday,2.0,1,False,False,False,True,False,False,True,False,False,Low,0.0,Q4,1,3.216630116825087,4.893252526879893,0.04008992926136304,-0.4109336726414848,-1.1315801899798263,0.6196448054055693,8.666666666666666,0.23943920291816462
CUST100025,32.0,Female,Post-Graduate,Self-Employed,2019-08-29,292078.45777526894,232027.03149775145,668.385852392346,45,17.733024548936026,1,4,7.12,7.52,10.17,2019,8,29,Thursday,3.0,0,False,False,False,True,False,False,True,False,False,Low,0.0,Q2,2,2.930287984942806,4.211059789285356,0.05338166281625872,0.44122267463327675,-0.30877135307219145,0.794399673516072,7.5,0.17733024548936027
CUST100026,42.0,Male,Graduate,Self-Employed,2025-12-11,218767.5606547644,166820.91798598628,650.84436571443,38,44.5622199701836,1,3,4.65,3.95,7.17,2025,12,11,Thursday,2.0,1,True,False,False,False,False,False,False,False,True,Low,0.0,Q1,0,3.8190788636909194,6.675493986978312,0.021948008693483564,0.03730898771963745,-0.8201589182176696,0.7625486954587624,6.333333333333333,0.445622199701836
CUST100027,64.0,Male,Graduate,Self-Employed,2020-07-22,352990.4950251373,326584.74727711256,652.8417944622365,65,21.92421987206556,0,1,4.93,3.44,11.79,2020,7,22,Wednesday,2.0,1,False,True,False,False,False,False,True,False,False,Medium,0.0,Q4,3,3.1321939879916694,4.682330602602251,0.04362198607327771,0.8682061047457409,0.007156298991185425,0.9251941677745619,10.833333333333334,0.2192421987206556
CUST100028,45.0,Female,Graduate,Salaried,2021-12-13,380208.46669078496,60918.13101514481,575.2063320475011,46,20.847975583242203,1,2,7.2,8.56,11.89,2021,12,13,Monday,2.0,0,False,False,True,False,False,True,False,False,False,Medium,0.0,Q3,2,3.0841082665967314,4.565958342258742,0.045770831086383044,-1.1477478528509613,0.12707202139830767,0.16022297332133892,7.666666666666667,0.20847975583242204
CUST100029,47.0,Female,Graduate,Salaried,2020-02-16,240714.509799629,45715.92721965054,500.55821703364586,43,16.912026055206358,1,1,7.2,8.56,11.89,2020,2,16,Sunday,2.0,0,False,False,True,False,False,False,True,False,False,Low,0.0,Q2,2,2.88547233391835,4.112423379858445,0.055828413654486465,-1.4725860372418456,-0.6469488340816739,0.1899176217408104,7.166666666666667,0.16912026055206358
CUST100030,62.0,Female,Primary,Salaried,2017-04-20,658370.5422960055,91807.92189645016,772.3592677510887,51,13.312919156727574,0,1,7.12,7.52,10.17,2017,4,20,Thursday,0.0,0,False,False,False,True,True,False,False,False,False,High,1.0,Q4,1,2.661162566945199,3.648687319670949,0.06986694950554269,-0.6738479935317842,0.9485092977528446,0.13944718968785974,8.5,0.13312919156727573
CUST100031,48.0,Female,Secondary,Salaried,2017-09-14,422100.21891554,129155.6488096924,733.3480488255809,46,7.607760422833536,0,3,7.2,8.56,11.89,2017,9,14,Thursday,1.0,0,False,False,True,False,False,True,False,False,False,Medium,1.0,Q3,2,2.1526641711122174,2.7582168919128778,0.11617423706953221,-0.270528265572056,0.2921379074250228,0.3059833731939754,7.666666666666667,0.07607760422833536
CUST100032,36.0,Female,Secondary,Salaried,2019-01-01,119655.37915381964,24951.63734709273,650.84436571443,36,15.74582795504726,0,0,7.12,7.52,10.17,2019,1,1,Tuesday,1.0,0,False,False,False,True,False,False,False,True,False,Low,0.0,Q1,0,2.818149149935559,3.9681013035263173,0.05971636652928802,-2.139693077812441,-2.0128376428361263,0.20852917372830224,6.0,0.1574582795504726
CUST100033,35.0,Male,Graduate,Salaried,2017-04-18,3643679.941941896,1111203.2373169912,768.2395173812369,49,36.90334687219531,0,1,7.12,7.52,10.17,2017,4,18,Tuesday,2.0,1,False,False,False,True,False,False,False,True,False,Very High,1.0,Q3,1,3.635039416162952,6.074812496875546,0.026382894454462232,2.4714582253254114,2.8987412322613357,0.3049673009218193,8.166666666666666,0.3690334687219531
CUST100034,64.0,Male,Primary,Self-Employed,2023-07-15,404707.8510326061,165139.59970551217,667.9135279802875,53,20.745099877136912,0,3,7.12,7.52,10.17,2023,7,15,Saturday,0.0,1,False,False,False,True,False,False,False,False,True,Medium,0.0,Q4,3,3.079388439147212,4.554678899454594,0.04598737212752071,0.025033648835519413,0.22619931237634192,0.4080464445751693,8.833333333333334,0.20745099877136913
CUST100035,23.0,Male,Secondary,Salaried,2022-06-08,834376.0613124715,712879.4151382416,607.5170439505854,44,19.227741461155105,0,1,7.2,8.56,11.89,2022,6,8,Wednesday,1.0,1,False,False,True,False,False,False,False,False,True,High,0.0,Q2,2,3.007055001899903,4.384944864095226,0.049437056624456924,1.876656415469406,1.2700283815956357,0.8543862272569086,7.333333333333333,0.19227741461155104
CUST100036,57.0,Female,Secondary,Salaried,2024-07-04,390174.92992256006,229540.24207364,694.4105796040168,35,4.2946020127630815,0,3,7.12,7.52,10.17,2024,7,4,Thursday,1.0,0,False,False,False,True,True,False,False,False,False,Medium,0.0,Q1,0,1.6666878133886684,2.072342156296368,0.18887160877992648,0.4279045893869689,0.16833239982243917,0.5883008478253535,5.833333333333333,0.04294602012763082
CUST100037,27.0,Female,Post-Graduate,Salaried,2024-09-29,352990.4950251373,172988.69713606258,583.6219458985767,45,8.769097451312538,0,0,4.65,3.95,7.17,2024,9,29,Sunday,3.0,0,True,False,False,False,False,False,False,True,False,Medium,0.0,Q2,2,2.279224082187898,2.961266190553044,0.10236360165141396,0.08136555753500989,0.007156298991185425,0.4900661620470648,7.5,0.08769097451312538
CUST100038,41.0,Female,Secondary,Self-Employed,2023-05-26,320431.1783088468,214138.13254025285,570.3481745717455,43,8.60557857374678,0,1,4.93,3.44,11.79,2023,5,26,Friday,1.0,0,False,True,False,False,False,False,False,True,False,Medium,0.0,Q2,2,2.26234403113169,2.933526644458301,0.104106170421959,0.3422643897211931,-0.1524067157954441,0.6682812005698657,7.166666666666667,0.08605578573746779
CUST100039,29.0,Male,Graduate,Unemployed,2021-10-15,586748.5242171525,111483.68906676394,711.7285687685815,36,42.55140627897846,0,0,4.93,3.44,11.79,2021,10,15,Friday,2.0,1,False,True,False,False,False,False,False,True,False,Medium,1.0,Q1,0,3.773941993913294,6.523143895314472,0.02296137106559251,-0.44540668940803013,0.7852937274996581,0.1900025044213054,6.0,0.4255140627897846
CUST100040,59.0,Female,Secondary,Salaried,2018-12-22,352990.4950251373,157103.63950844784,718.4607014051265,44,37.00602095917106,0,0,7.12,7.52,10.17,2018,12,22,Saturday,1.0,0,False,False,False,True,False,False,False,True,False,Medium,1.0,Q2,2,3.6377445934690726,6.083257429960618,0.026311620494928304,-0.035309848681934215,0.007156298991185425,0.4450647870766608,7.333333333333333,0.3700602095917106
CUST100041,38.0,Male,Graduate,Salaried,2017-01-17,278123.8863432338,89021.64468864391,548.1009375610073,38,21.795836084063165,0,1,4.93,3.44,11.79,2017,1,17,Tuesday,2.0,1,False,True,False,False,False,False,True,False,False,Low,0.0,Q1,0,3.1265778913899247,4.668601084271729,0.04386766058118446,-0.7098613458146618,-0.39285184379304827,0.32007910524729954,6.333333333333333,0.21795836084063164
CUST100042,24.0,Female,Secondary,Self-Employed,2022-11-15,317104.5635692822,193841.66827289612,551.0561854046515,48,16.780739518332066,1,0,7.2,8.56,11.89,2022,11,15,Tuesday,1.0,0,False,False,True,False,False,True,False,False,False,Medium,0.0,Q3,1,2.878115821927896,4.096430094403182,0.05624063042872841,0.22010268622439313,-0.16984232864237225,0.6112862775957649,8.0,0.16780739518332066
CUST100043,45.0,Female,Secondary,Salaried,2024-12-22,181748.1168025353,67750.16896896462,614.3960245093591,44,59.75983477508628,0,0,7.2,8.56,11.89,2024,12,22,Sunday,1.0,0,False,False,True,False,False,True,False,False,False,Low,0.0,Q2,2,4.1069289584198305,7.730448549410719,0.016458240936659624,-1.026049946830972,-1.1679040480425673,0.3727695789143909,7.333333333333333,0.5975983477508628
CUST100044,34.0,Female,Graduate,Salaried,2022-01-08,230085.4280442133,206648.42259729188,593.0956133456269,50,17.672722746777918,0,1,4.93,3.44,11.79,2022,1,8,Saturday,2.0,0,False,True,False,False,True,False,False,False,False,Low,0.0,Q4,1,2.9270637823131813,4.203893760167818,0.053554053876398694,0.2985046636475477,-0.7282621454648533,0.8981378106117274,8.333333333333334,0.1767272274677792
CUST100045,29.0,Male,Primary,Unemployed,2021-11-14,401727.8366595618,124873.55623129012,688.1191010532295,40,33.75983695019882,0,0,7.2,8.56,11.89,2021,11,14,Sunday,0.0,1,False,False,True,False,False,False,True,False,False,Medium,0.0,Q1,2,3.548462609655431,5.8103215875026075,0.02876883460163297,-0.31073713492219845,0.2145468171048104,0.3108411835974223,6.666666666666667,0.3375983695019882
CUST100046,46.0,Female,Primary,Salaried,2017-08-23,745258.6725630825,240945.39055322067,653.8439870212471,43,1.6504197875870463,1,5,4.93,3.44,11.79,2017,8,23,Wednesday,0.0,0,False,True,False,False,False,False,False,True,False,High,0.0,Q2,2,0.9747180378627328,1.2846866495714222,0.37729872252063296,0.4879062908876419,1.1190815614815182,0.32330437661941575,7.166666666666667,0.016504197875870465
CUST100047,22.0,Female,Secondary,Self-Employed,2020-04-10,438137.5542378399,370023.72810308245,743.1925006109284,33,50.84515871245375,0,1,4.93,3.44,11.79,2020,4,10,Friday,1.0,0,False,True,False,False,False,False,False,True,False,Medium,1.0,Q1,0,3.94826155929312,7.130579128826336,0.0192882040451694,1.026380933586006,0.35000554105337783,0.8445378044499187,5.5,0.5084515871245375
CUST100048,40.0,Female,Primary,Salaried,2020-07-31,352386.2818052691,42186.10827420553,675.3806180187187,46,7.60263885595698,0,1,4.93,3.44,11.79,2020,7,31,Friday,0.0,0,False,True,False,False,False,False,False,False,True,Medium,0.0,Q3,2,2.1520689999084848,2.7572883157111043,0.11624340121026241,-1.5625140131672806,0.004364562345323899,0.11971552370905814,7.666666666666667,0.0760263885595698
CUST100049,48.0,Female,Secondary,Salaried,2021-02-06,219968.03858659376,144596.25199253642,598.4338536262658,39,9.167298911922815,0,2,7.12,7.52,10.17,2021,2,6,Saturday,1.0,0,False,False,False,True,False,False,False,False,True,Low,0.0,Q1,0,2.319176581069641,3.027754764164828,0.09835453925991465,-0.13526396956213332,-0.8101334419879377,0.6573511902985575,6.5,0.09167298911922815
CUST100050,27.0,Female,Secondary,Self-Employed,2015-05-25,698783.5013800919,475355.2421074504,498.7096910490843,50,31.402641893096344,1,1,4.93,3.44,11.79,2015,5,25,Monday,1.0,0,False,True,False,False,True,False,False,False,False,High,0.0,Q4,1,3.478239959384467,5.603806018510665,0.030861681072155367,1.347254258523562,1.0311319702307042,0.6802611125887025,8.333333333333334,0.31402641893096345
CUST100051,64.0,Female,Post-Graduate,Salaried,2020-01-25,469819.23812187696,361339.3206285182,664.3564787421742,39,40.30517502383859,0,0,7.12,7.52,10.17,2020,1,25,Saturday,3.0,0,False,False,False,True,False,False,False,True,False,Medium,0.0,Q1,0,3.7209877953578356,6.348635682084663,0.02421004146388114,0.9962075842724554,0.4569258788258942,0.7691028619283194,6.5,0.4030517502383859
CUST100052,28.0,Male,Graduate,Unemployed,2024-02-19,237034.77561087915,208484.28023597653,513.1737511810978,40,66.30760232474225,1,0,4.93,3.44,11.79,2024,2,19,Monday,2.0,1,False,True,False,False,True,False,False,False,False,Low,0.0,Q1,2,4.20927319200564,8.142948011914497,0.014857162719528347,0.3093672350177847,-0.6745837602328947,0.8795514485107803,6.666666666666667,0.6630760232474224
CUST100053,55.0,Female,Graduate,Salaried,2017-01-04,621063.7888533543,546835.1983445629,650.84436571443,49,18.06520504892474,1,1,4.93,3.44,11.79,2017,1,4,Wednesday,2.0,0,False,True,False,False,False,False,True,False,False,High,0.0,Q3,1,2.947864948506069,4.250318229135877,0.05245157329458668,1.5288054818326977,0.8664203363957313,0.8804815353253219,8.166666666666666,0.18065205048924737
CUST100054,34.0,Female,Secondary,Salaried,2021-09-19,506736.4053933681,77136.12812730823,592.261857752266,45,41.687113621713365,1,2,4.93,3.44,11.79,2021,9,19,Sunday,1.0,0,False,True,False,False,False,True,False,False,False,Medium,0.0,Q2,2,3.7538970859685428,6.456555863749137,0.023426273532144763,-0.8764526636832379,0.5707127319222529,0.15222140605317114,7.5,0.4168711362171337
CUST100055,37.0,Male,Post-Graduate,Salaried,2022-10-31,222321.93996475232,168402.52405547,609.3258308093255,41,14.052172543504613,1,1,7.2,8.56,11.89,2022,10,31,Monday,3.0,1,False,False,True,False,False,False,False,True,False,Low,0.0,Q1,2,2.7115223358268374,3.748622752892669,0.0664355924109789,0.048750612986281694,-0.7906719977767295,0.7574714582023219,6.833333333333333,0.14052172543504612
CUST100056,56.0,Female,Secondary,Salaried,2023-04-05,340841.57069645094,210315.59142524577,544.7172592058514,51,35.869226284331695,1,4,7.12,7.52,10.17,2023,4,5,Wednesday,1.0,0,False,False,False,True,False,False,True,False,False,Medium,0.0,Q4,1,3.607377227060628,5.989092275489809,0.02712289084365651,0.3201136780500118,-0.05015205871286012,0.617047946925905,8.5,0.35869226284331696
CUST100057,60.0,Female,Primary,Salaried,2023-03-22,269503.42098007456,166519.0779044804,591.977871351204,46,57.22843988084857,0,1,7.12,7.52,10.17,2023,3,22,Wednesday,0.0,0,False,False,False,True,False,False,False,True,False,Low,0.0,Q3,2,4.064373893129615,7.564948108272031,0.017173738503835505,0.03511383883096743,-0.4474663385137542,0.6178737074984729,7.666666666666667,0.5722843988084857
CUST100058,24.0,Female,Graduate,Salaried,2025-09-24,1758765.6118040106,356466.5109463959,741.672366276144,45,38.82099438541496,0,2,4.93,3.44,11.79,2025,9,24,Wednesday,2.0,0,False,True,False,False,False,False,False,False,True,Very High,1.0,Q2,2,3.684394270333671,6.230649595781724,0.02511238143179732,0.9789773993237856,2.167674771894873,0.20267994129175584,7.5,0.38820994385414964
CUST100059,22.0,Male,Secondary,Salaried,2021-12-06,498344.522904353,309048.2228991491,741.4518790059947,37,45.99222981610668,1,3,4.93,3.44,11.79,2021,12,6,Monday,1.0,1,False,True,False,False,True,False,False,False,False,Medium,1.0,Q1,0,3.849982264981135,6.781757133376768,0.021280113838250937,0.7986734292195989,0.5457748135835094,0.6201497331565227,6.166666666666667,0.4599222981610668
CUST100060,26.0,Male,Secondary,Salaried,2021-12-04,352990.4950251373,358973.2584976298,772.5999820372776,57,18.426568066826714,0,0,7.2,8.56,11.89,2021,12,4,Saturday,1.0,1,False,False,True,False,False,False,False,False,True,Medium,1.0,Q4,3,2.9666416171566548,4.29261785706889,0.05147589613152642,0.9878686880188712,0.007156298991185425,1.0169487948168872,9.5,0.18426568066826715
CUST100061,62.0,Other,Graduate,Self-Employed,2024-01-22,480988.1120193693,398957.9250155215,650.8117220595019,38,20.24671242312301,0,0,7.2,8.56,11.89,2024,1,22,Monday,2.0,2,False,False,True,False,False,True,False,False,False,Medium,0.0,Q1,0,3.056202173901583,4.499634698853121,0.0470661051030036,1.1223174424682025,0.4924953150727575,0.8294548556315577,6.333333333333333,0.20246712423123012
CUST100062,24.0,Female,Post-Graduate,Self-Employed,2024-11-05,828603.9311305548,373952.70657134143,650.84436571443,52,20.014249236924822,1,4,7.2,8.56,11.89,2024,11,5,Tuesday,3.0,0,False,False,True,False,False,False,False,False,True,High,0.0,Q4,1,3.045200742714228,4.473728784462109,0.04758675833362,1.03981372677427,1.2608721329796602,0.4513045286438805,8.666666666666666,0.20014249236924822
CUST100063,49.0,Male,Graduate,Self-Employed,2021-07-14,344542.21896070417,45465.232583249526,742.8489134154927,40,26.919055871844456,0,4,7.12,7.52,10.17,2021,7,14,Wednesday,2.0,1,False,False,False,True,False,False,False,True,False,Medium,1.0,Q1,2,3.329309461844065,5.188357723966655,0.03581783010823337,-1.4787537079474846,-0.032429186033682146,0.1319583786288755,6.666666666666667,0.26919055871844455
CUST100064,38.0,Female,Graduate,Salaried,2021-05-04,254245.1965941311,99113.62333131388,532.3471234450305,46,60.94303619245596,0,1,7.12,7.52,10.17,2021,5,4,Tuesday,2.0,0,False,False,False,True,False,False,False,False,True,Low,0.0,Q3,2,4.126215191626812,7.8066020900553115,0.01614386477429064,-0.5840866553507866,-0.549687166379682,0.3898347920001639,7.666666666666667,0.6094303619245597
CUST100065,46.0,Female,Post-Graduate,Salaried,2025-12-17,601132.0682367112,457528.9805702488,714.4502805362961,33,8.18742243394147,0,0,7.12,7.52,10.17,2025,12,17,Wednesday,3.0,0,False,False,False,True,False,False,False,True,False,High,1.0,Q1,0,2.2178354219391228,2.861367231576798,0.10884445634127579,1.2979818000619852,0.8200006789455977,0.7611122492804443,5.5,0.08187422433941469
CUST100066,64.0,Female,Secondary,Self-Employed,2021-05-02,326124.0992310091,215633.0199844525,754.1875778716524,44,12.41298033945982,0,3,4.93,3.44,11.79,2021,5,2,Sunday,1.0,0,False,True,False,False,False,True,False,False,False,Medium,1.0,Q2,2,2.5962229201364155,3.5232059746003808,0.07455464592444731,0.35082592379469885,-0.12308599889356694,0.6611992811721328,7.333333333333333,0.1241298033945982
CUST100067,54.0,Female,Secondary,Salaried,2016-06-11,190624.88108966532,89112.35189047865,578.8831739169901,49,45.57530206817646,0,1,7.12,7.52,10.17,2016,6,11,Saturday,1.0,0,False,False,False,True,False,False,False,False,True,Low,0.0,Q3,1,3.841070402095745,6.750948234742766,0.021470606858034112,-0.7086723455900336,-1.0769325028285117,0.46747492447516525,8.166666666666666,0.4557530206817646
CUST100068,30.0,Male,Secondary,Salaried,2023-08-30,169598.32751589635,24435.93531678653,650.84436571443,45,34.42888578518296,0,0,4.65,3.95,7.17,2023,8,30,Wednesday,1.0,1,True,False,False,False,True,False,False,False,False,Low,0.0,Q2,2,3.5675274700391784,5.867613295470567,0.028225556007133,-2.1622738437701834,-1.3018142104977901,0.1440812281270649,7.5,0.3442888578518296
CUST100069,56.0,Male,Graduate,Self-Employed,2024-02-02,352990.4950251373,400326.7700974295,650.84436571443,52,52.19021693834098,0,1,4.65,3.95,7.17,2024,2,2,Friday,2.0,1,True,False,False,False,True,False,False,False,False,Medium,0.0,Q4,1,3.973874487300919,7.224279683009302,0.018800449736071152,1.1266922526608272,0.007156298991185425,1.1341007073545175,8.666666666666666,0.5219021693834098
CUST100070,34.0,Male,Graduate,Salaried,2023-06-18,391988.0917614358,186280.56206297208,712.2277336408663,40,9.054555170020448,0,0,7.2,8.56,11.89,2023,6,18,Sunday,2.0,1,False,False,True,False,True,False,False,False,False,Medium,1.0,Q1,2,2.308025782566295,3.009078790929285,0.09945740841739956,0.17149530016686432,0.1756975315141747,0.4752199517743068,6.666666666666667,0.09054555170020448
CUST100071,51.0,Female,Post-Graduate,Salaried,2022-12-29,254297.35992052747,214333.11243571457,697.5603494928099,41,21.165960205517838,0,0,7.12,7.52,10.17,2022,12,29,Thursday,3.0,0,False,False,False,True,False,False,False,False,True,Low,0.0,Q1,2,3.0985577880580593,4.600647802811887,0.04511421976436947,0.34338426124474947,-0.5493247739273829,0.8428444263153088,6.833333333333333,0.21165960205517836
CUST100072,35.0,Male,Graduate,Salaried,2024-06-23,314707.543550827,192874.46064541268,560.4179160696593,43,7.225869891424614,0,0,4.65,3.95,7.17,2024,6,23,Sunday,2.0,1,True,False,False,False,False,False,False,False,True,Medium,0.0,Q2,2,2.107284052934376,2.688097820285678,0.12156768988559978,0.2139853377798153,-0.18254766228600916,0.6128688828657276,7.166666666666667,0.07225869891424615
CUST100073,28.0,Male,Graduate,Salaried,2018-11-12,587990.9471771473,205398.36964114476,735.5363143232739,31,23.040755398391912,0,1,7.2,8.56,11.89,2018,11,12,Monday,2.0,1,False,False,True,False,False,False,False,False,True,Medium,1.0,Q1,0,3.179750531735388,4.800078686687533,0.041596030716526074,0.29105619216070994,0.7883333034526454,0.34932233332371915,5.166666666666667,0.23040755398391913
CUST100074,43.0,Male,Secondary,Salaried,2023-02-21,303748.91162253055,158026.7720281277,567.9527477890309,53,34.21714934502579,0,2,7.12,7.52,10.17,2023,2,21,Tuesday,1.0,1,False,False,False,True,False,False,False,True,False,Medium,0.0,Q4,3,3.561533161263848,5.849542661185214,0.028395256816583992,-0.028232198311092135,-0.24220971296763702,0.5202546115605772,8.833333333333334,0.3421714934502579
CUST100075,43.0,Female,Post-Graduate,Self-Employed,2025-02-03,151804.40507978646,23202.42987302279,679.5792642112291,52,27.51148607631998,0,3,4.93,3.44,11.79,2025,2,3,Monday,3.0,0,False,True,False,False,False,True,False,False,False,Low,0.0,Q4,1,3.3503070263055226,5.245139280926673,0.03507358393467057,-2.2181566990319745,-1.5211556921718314,0.15284424625772808,8.666666666666666,0.2751148607631998
CUST100076,60.0,Female,Post-Graduate,Self-Employed,2018-01-23,440428.991366748,386720.6967867158,687.6876085864819,42,15.424372837541778,1,2,4.65,3.95,7.17,2018,1,23,Tuesday,3.0,0,True,False,False,False,True,False,False,False,False,Medium,0.0,Q2,2,2.798766380234776,3.9273875334045885,0.0608851254103453,1.0825681035160815,0.3580580012298186,0.8780545885197895,7.0,0.15424372837541778
CUST100077,41.0,Male,Post-Graduate,Self-Employed,2016-03-05,747888.1326894731,290216.4354380077,449.19080621417856,46,34.78021227537056,1,0,4.93,3.44,11.79,2016,3,5,Saturday,3.0,1,False,True,False,False,False,False,False,True,False,High,0.0,Q3,2,3.5773950108570087,5.897475076282269,0.027948408810541173,0.7197468629291224,1.1238520898204256,0.3880479215445808,7.666666666666667,0.3478021227537056
CUST100078,36.0,Male,Primary,Salaried,2022-10-13,718469.5407593586,346513.4652985999,682.46427068286,57,17.22478254514143,0,1,7.12,7.52,10.17,2022,10,13,Thursday,0.0,1,False,False,False,True,True,False,False,False,False,High,0.0,Q4,3,2.9027823461440563,4.150274996327524,0.0548703391946145,0.9430845099077256,1.069250657833262,0.48229388393050865,9.5,0.1722478254514143
CUST100079,38.0,Female,Graduate,Salaried,2023-03-08,258953.0466334537,99496.79870229943,845.3866246274578,43,42.963092951169344,0,2,4.65,3.95,7.17,2023,3,8,Wednesday,2.0,0,True,False,False,False,False,False,False,True,False,Low,1.0,Q2,2,3.783350485367246,6.554623784106098,0.022746352289424208,-0.579552345610771,-0.5173486715516882,0.3842271793895381,7.166666666666667,0.42963092951169346
CUST100080,44.0,Male,Primary,Salaried,2025-05-24,775686.4000783486,501100.6935638994,482.6514862183623,48,70.93682251579861,1,1,7.12,7.52,10.17,2025,5,24,Saturday,0.0,1,False,False,False,True,False,False,False,False,True,High,0.0,Q3,1,4.27578826875989,8.422400044868363,0.013901086606659367,1.4154331082111813,1.173040527035714,0.64600938409296,8.0,0.7093682251579861
CUST100081,46.0,Male,Secondary,Self-Employed,2017-11-26,411584.6481253088,259210.1367032103,645.6886404789492,57,47.64653321681943,1,0,4.93,3.44,11.79,2017,11,26,Sunday,1.0,1,False,True,False,False,True,False,False,False,False,Medium,0.0,Q4,3,3.884580546418091,6.902646826893248,0.020556449429663618,0.5786477260535967,0.25268561996190714,0.6297857266636743,9.5,0.47646533216819426
CUST100082,45.0,Male,Primary,Self-Employed,2018-11-17,762752.1385620302,512766.1115499877,494.2307698612304,38,58.27560426135143,1,1,4.65,3.95,7.17,2018,11,17,Saturday,0.0,1,True,False,False,False,False,False,False,False,True,High,0.0,Q1,0,4.082197826101979,7.633845967882207,0.01687034678872122,1.4452473736245595,1.1504317187743733,0.6722578484233085,6.333333333333333,0.5827560426135143
CUST100083,61.0,Male,Graduate,Salaried,2019-05-16,511044.6371942929,160730.99131393334,578.4686848955859,34,33.08406528895279,0,0,4.93,3.44,11.79,2019,5,16,Thursday,2.0,1,False,True,False,False,True,False,False,False,False,Medium,0.0,Q1,0,3.5288299814947046,5.751874936831711,0.02933922322711066,-0.007720465320529164,0.5833162390648697,0.31451458368953666,5.666666666666667,0.3308406528895279
CUST100084,49.0,Male,Graduate,Salaried,2024-03-16,145370.63948404067,51248.20712582496,495.6178516143757,37,35.96152772036413,0,0,7.12,7.52,10.17,2024,3,16,Saturday,2.0,1,False,False,False,True,False,False,True,False,False,Low,0.0,Q1,0,3.609877580344676,5.996793119690234,0.027055158746835162,-1.343997577731357,-1.608496414933608,0.3525347849312528,6.166666666666667,0.35961527720364134
CUST100085,35.0,Female,Secondary,Self-Employed,2020-03-12,1033067.7819022492,206821.18738149336,662.7633861597774,43,23.28634299571964,0,3,7.12,7.52,10.17,2020,3,12,Thursday,1.0,0,False,False,False,True,False,False,False,True,False,Very High,0.0,Q2,2,3.1899141757189025,4.825592502037407,0.04117540463692889,0.29953075332618057,1.5442410135146936,0.20020098487696636,7.166666666666667,0.2328634299571964
CUST100086,21.0,Male,Secondary,Self-Employed,2021-06-08,373648.3190872948,233308.99120893737,713.4883842607676,57,25.93694008782994,0,0,4.93,3.44,11.79,2021,6,8,Tuesday,1.0,1,False,True,False,False,False,False,True,False,False,Medium,1.0,Q4,3,3.293498582045342,5.092832226554291,0.037123741476924405,0.44803591997192244,0.09917052806976788,0.6244079774768899,9.5,0.2593694008782994
CUST100087,45.0,Female,Graduate,Unemployed,2019-11-15,511998.1518505782,67500.65970091082,682.7790906215273,41,24.202074512227085,0,2,4.65,3.95,7.17,2019,11,15,Friday,2.0,0,True,False,False,False,False,False,False,True,False,Medium,0.0,Q1,2,3.2269263130428882,4.919560398270061,0.039679273208832,-1.0302871154210012,0.5860878013618429,0.13183770186852206,6.833333333333333,0.24202074512227084
CUST100088,27.0,Male,Secondary,Self-Employed,2025-12-02,161712.15663471518,93493.21523144912,575.5854024433943,40,45.37557937696202,0,0,4.93,3.44,11.79,2025,12,2,Tuesday,1.0,1,False,True,False,False,False,True,False,False,False,Low,0.0,Q1,2,3.8367730141533216,6.736139797908148,0.021563072924039188,-0.6525606935443541,-1.3953055166976551,0.5781458684187673,6.666666666666667,0.4537557937696202
CUST100089,29.0,Female,Secondary,Salaried,2021-09-14,490507.5253378064,390324.6535538196,601.2484194723258,46,23.325055044568064,0,0,7.12,7.52,10.17,2021,9,14,Tuesday,1.0,0,False,False,False,True,True,False,False,False,False,Medium,0.0,Q3,2,3.1915068909500044,4.829601955085747,0.04110987614078621,1.0943960298186264,0.52200848943767,0.795756707881307,7.666666666666667,0.23325055044568063
CUST100090,44.0,Female,Graduate,Salaried,2022-11-10,702047.7071806204,570530.104469681,671.7818148868512,43,11.93096613418846,0,1,4.93,3.44,11.79,2022,11,10,Thursday,2.0,0,False,True,False,False,False,True,False,False,False,High,0.0,Q2,2,2.5596249103472086,3.454123062976833,0.07733374209032058,1.5840810132431506,1.0375444903613005,0.8126657186317069,7.166666666666667,0.11930966134188459
CUST100091,21.0,Male,Graduate,Self-Employed,2021-07-19,1156827.846330111,531250.2928327546,578.0860807888864,56,21.562082266941232,0,1,7.12,7.52,10.17,2021,7,19,Monday,2.0,1,False,False,False,True,False,True,False,False,False,Very High,0.0,Q4,3,3.1162707214371053,4.643498925050078,0.04432215024165725,1.4912077090223583,1.6837484016572009,0.45923020829596944,9.333333333333334,0.21562082266941232
CUST100092,64.0,Female,Primary,Salaried,2022-12-20,839229.8263802471,392292.0662499168,543.6963913187486,46,26.924132562845603,0,0,4.93,3.44,11.79,2022,12,20,Tuesday,0.0,0,False,True,False,False,False,False,False,True,False,High,0.0,Q3,2,3.3294912813696844,5.188846939624025,0.0358113183193575,1.1008096825808946,1.277666937184034,0.46744295057045904,7.666666666666667,0.26924132562845604
CUST100093,28.0,Male,Primary,Self-Employed,2016-06-01,505111.6749716154,81613.5938574627,630.8698351918431,51,74.63644680017481,1,1,4.65,3.95,7.17,2016,6,1,Wednesday,0.0,1,True,False,False,False,False,False,True,False,False,Medium,0.0,Q4,1,4.325938267543775,8.639238785921755,0.013221139309226367,-0.8110317190113202,0.565924935763832,0.1615753464064139,8.5,0.746364468001748
CUST100094,44.0,Other,Secondary,Salaried,2018-11-01,143397.18664052887,91288.37270036816,574.4233432582074,49,20.59014045743732,0,0,4.65,3.95,7.17,2018,11,1,Thursday,1.0,2,True,False,False,False,False,False,False,False,True,Low,0.0,Q3,1,3.0722367501765744,4.537635998781449,0.046317438368286404,-0.6804846493653973,-1.6362570461411885,0.6366120203544285,8.166666666666666,0.20590140457437323
CUST100095,31.0,Male,Post-Graduate,Salaried,2025-12-16,392135.8733085977,296849.8113475146,682.9246333802914,47,19.38583247167374,0,0,4.93,3.44,11.79,2025,12,16,Tuesday,3.0,1,False,True,False,False,False,False,False,True,False,Medium,0.0,Q3,1,3.0148401728999237,4.402934529569312,0.04905367496713745,0.7480835910162962,0.17629595343564958,0.7570075362982764,7.833333333333333,0.19385832471673742
CUST100096,43.0,Male,Graduate,Self-Employed,2025-08-25,253848.84257272628,75069.20621005147,753.8957920253533,50,61.70636035976619,0,0,4.93,3.44,11.79,2025,8,25,Monday,2.0,1,False,True,False,False,False,False,False,False,True,Low,1.0,Q4,1,4.138462883638666,7.855339608175205,0.015947345600393393,-0.9078661953463245,-0.5524437739433116,0.2957240436837704,8.333333333333334,0.6170636035976619
CUST100097,28.0,Male,Graduate,Salaried,2015-06-14,417060.5628508605,182272.4425439459,845.3866246274578,45,15.339127778835715,0,0,4.65,3.95,7.17,2015,6,14,Sunday,2.0,1,True,False,False,False,False,True,False,False,False,Medium,1.0,Q2,2,2.793562708498902,3.9165198555395726,0.06120277737807479,0.14497118553920357,0.27338489803146915,0.4370407053066917,7.5,0.15339127778835715
CUST100098,43.0,Other,Secondary,Salaried,2023-06-12,174591.5457121924,134622.55969925033,677.045352971172,47,16.264051884379413,0,2,7.12,7.52,10.17,2023,6,12,Monday,1.0,2,False,False,False,True,False,False,False,False,True,Low,0.0,Q3,1,2.8486264138622484,4.0328714192718085,0.05792382962569779,-0.22097747444112956,-1.2453768597005541,0.7710714694122163,7.833333333333333,0.16264051884379413
CUST100099,55.0,Female,Graduate,Salaried,2020-09-03,319304.30311439605,255985.10205086364,701.6777730255629,46,46.75892445048815,0,1,4.65,3.95,7.17,2020,9,3,Thursday,2.0,0,True,False,False,False,False,False,True,False,False,Medium,1.0,Q3,2,3.866165948949869,6.838049754900015,0.020938494982999534,0.5630716272768782,-0.15828757652007863,0.8016963741298304,7.666666666666667,0.46758924450488154
CUST100100,53.0,Female,Primary,Salaried,2025-06-04,352990.4950251373,78226.45862023983,602.0546125364698,39,17.022429859857542,1,1,7.12,7.52,10.17,2025,6,4,Wednesday,0.0,0,False,False,False,True,False,False,False,True,False,Medium,0.0,Q1,0,2.8916170854792047,4.125824749048067,0.05548641375086503,-0.8601990442579346,0.007156298991185425,0.22161066579050276,6.5,0.17022429859857544
CUST100101,25.0,Male,Graduate,Salaried,2018-02-20,260693.3747839165,140893.43089880008,607.0098580622764,37,45.41611609552499,1,1,4.93,3.44,11.79,2018,2,20,Tuesday,2.0,1,False,True,False,False,False,False,True,False,False,Low,0.0,Q1,0,3.837646728572167,6.739148024455687,0.0215442411842901,-0.16641778400493776,-0.5055792891042655,0.5404565076330913,6.166666666666667,0.4541611609552499
CUST100102,62.0,Female,Post-Graduate,Salaried,2015-05-09,352990.4950251373,66610.38021104783,650.84436571443,34,30.16851387639352,0,0,4.93,3.44,11.79,2015,5,9,Saturday,3.0,0,False,True,False,False,False,False,True,False,False,Medium,0.0,Q1,0,3.4394084146314974,5.492587175129177,0.032083659938544014,-1.0455268089431484,0.007156298991185425,0.18870304200770147,5.666666666666667,0.3016851387639352
CUST100103,59.0,Male,Graduate,Unemployed,2022-11-04,333863.3879475672,60597.21027919149,627.8937759882577,54,23.05928120083304,1,2,7.12,7.52,10.17,2022,11,4,Friday,2.0,1,False,False,False,True,False,False,False,True,False,Medium,0.0,Q4,3,3.180520834823161,4.802008038397378,0.04156400150331072,-1.153775011352702,-0.08423334164134118,0.18150301131164523,9.0,0.2305928120083304
CUST100104,61.0,Female,Post-Graduate,Salaried,2019-07-16,430075.84482449415,356488.31998089975,655.8357902884626,44,56.42716053810493,0,0,4.93,3.44,11.79,2019,7,16,Tuesday,3.0,0,False,True,False,False,False,False,True,False,False,Medium,0.0,Q2,2,4.050517371517474,7.5118014176431025,0.017413363130438342,0.97905500787155,0.3212526549291382,0.8288964011135662,7.333333333333333,0.5642716053810493
CUST100105,43.0,Male,Graduate,Salaried,2024-11-27,88044.66004530259,61189.25259185758,747.8380536102668,45,18.161886813093467,0,2,7.12,7.52,10.17,2024,11,27,Wednesday,2.0,1,False,False,False,True,True,False,False,False,False,Low,1.0,Q2,2,2.9529232443692295,4.261676526097854,0.052186927610734665,-1.1426791811717245,-2.6907467361994253,0.6949797132543097,7.5,0.18161886813093467
CUST100106,27.0,Male,Secondary,Salaried,2017-10-14,88044.66004530259,61627.81175727265,628.5098262490728,55,42.96807806284382,0,0,7.2,8.56,11.89,2017,10,14,Saturday,1.0,1,False,False,True,False,True,False,False,False,False,Low,0.0,Q4,3,3.7834638720450835,6.555004047507814,0.02274377330231934,-1.134524759879838,-2.6907467361994253,0.6999608122237352,9.166666666666666,0.42968078062843823
CUST100107,43.0,Male,Post-Graduate,Self-Employed,2016-08-17,295606.7184703968,41093.19302802657,770.0336350150519,55,5.176666685987855,0,1,4.65,3.95,7.17,2016,8,17,Wednesday,3.0,1,True,False,False,False,True,False,False,False,False,Low,1.0,Q4,3,1.8207787547572518,2.275228930456857,0.1618996217277777,-1.5917957106468132,-0.28830334414416886,0.13901305505051234,9.166666666666666,0.051766666859878546
CUST100108,28.0,Male,Primary,Salaried,2018-08-25,321688.3739558428,249303.0321049356,650.84436571443,48,23.234691329376115,0,2,7.2,8.56,11.89,2018,8,25,Saturday,0.0,1,False,False,True,False,False,False,False,False,True,Medium,0.0,Q3,1,3.1877851326524205,4.82023768390897,0.041263162233382715,0.5302030210311306,-0.14587609729157622,0.7749830341682061,8.0,0.23234691329376114
CUST100109,32.0,Female,Graduate,Self-Employed,2021-10-19,405739.5498751522,182759.3999341772,686.4318536782572,49,16.10506981463144,0,0,7.12,7.52,10.17,2021,10,19,Tuesday,2.0,0,False,False,False,True,False,False,True,False,False,Medium,0.0,Q3,1,2.8393748999547928,4.0131122354889905,0.05846219926823179,0.14822277340485293,0.23020857590451085,0.4504352607243072,8.166666666666666,0.16105069814631442
CUST100110,54.0,Male,Secondary,Self-Employed,2015-07-01,234074.93709918152,87524.38726875403,598.1448682346124,53,37.81267584028364,0,1,4.65,3.95,7.17,2015,7,1,Wednesday,1.0,1,True,False,False,False,False,False,False,True,False,Low,0.0,Q4,3,3.6587468901899376,6.149201235956069,0.02576477860261572,-0.7296539166768161,-0.6972032329857157,0.3739160986366877,8.833333333333334,0.3781267584028364
CUST100111,53.0,Female,Primary,Self-Employed,2019-05-31,364280.3769323148,195684.5295163706,690.7300796040084,34,17.123781474514715,0,0,7.12,7.52,10.17,2019,5,31,Friday,0.0,0,False,False,False,True,False,False,False,True,False,Medium,0.0,Q1,0,2.897224969488477,4.138089109059242,0.05517612322826664,0.23167931415455414,0.058250435691427724,0.5371810888203012,5.666666666666667,0.17123781474514715
CUST100112,43.0,Male,Graduate,Salaried,2022-04-17,390785.4327560223,67638.1564687148,650.84436571443,45,16.133014018347275,0,1,4.65,3.95,7.17,2022,4,17,Sunday,2.0,1,True,False,False,False,False,False,False,False,True,Medium,0.0,Q2,2,2.8410072465578944,4.016592339078896,0.05836684654136905,-1.027950326269441,0.17081704131106992,0.17308259417884467,7.5,0.16133014018347275
CUST100113,44.0,Female,Secondary,Self-Employed,2017-01-13,233109.86426804712,164416.40596154385,687.5527084956564,34,15.407788022313117,0,1,4.65,3.95,7.17,2017,1,13,Friday,1.0,0,True,False,False,False,False,False,False,True,False,Low,0.0,Q1,0,2.7977561015199464,3.9252755345724606,0.06094666743866327,0.019717419455674495,-0.7046556411681903,0.705317239481919,5.666666666666667,0.15407788022313118
CUST100114,57.0,Male,Graduate,Salaried,2020-01-13,665353.324145323,376555.4240197039,641.8539947391657,40,10.167318672959452,0,1,4.65,3.95,7.17,2020,1,13,Monday,2.0,1,True,False,False,False,True,False,False,False,False,High,0.0,Q1,2,2.4129915370815964,3.1886233193902744,0.08954701027932517,1.0486392932066002,0.9632302339152772,0.5659480615106367,6.666666666666667,0.10167318672959452
CUST100115,55.0,Male,Graduate,Unemployed,2020-09-21,402798.528593015,100406.4260357335,727.3447656787296,46,5.82033305780322,0,2,4.65,3.95,7.17,2020,9,21,Monday,2.0,1,True,False,False,False,False,False,True,False,False,Medium,1.0,Q3,2,1.9199083061179762,2.412536643826,0.14662040570817708,-0.568853665135944,0.21874581821431593,0.24927207749853403,7.666666666666667,0.058203330578032196
CUST100116,64.0,Female,Primary,Self-Employed,2021-09-17,3643679.941941896,126023.3636808282,647.4583061762596,40,13.12620332542288,0,1,7.12,7.52,10.17,2021,9,17,Friday,0.0,0,False,False,False,True,False,False,False,True,False,Very High,0.0,Q1,2,2.648031464584323,3.623010257427224,0.07079042945674606,-0.29981463597849733,2.8987412322613357,0.03458683684870087,6.666666666666667,0.1312620332542288
CUST100117,60.0,Male,Secondary,Salaried,2020-05-06,352990.4950251373,93391.37352658244,813.0286040189358,59,37.06334794380468,0,2,4.65,3.95,7.17,2020,5,6,Wednesday,1.0,1,True,False,False,False,False,False,False,True,False,Medium,1.0,Q4,3,3.6392518228917177,6.087967472301793,0.02627199271793861,-0.6538367962188737,0.007156298991185425,0.2645719214618847,9.833333333333334,0.3706334794380468
CUST100118,42.0,Male,Graduate,Salaried,2016-08-27,1279786.5470044832,186339.3656893291,627.9562417283419,41,24.17695240420561,0,0,4.65,3.95,7.17,2016,8,27,Saturday,2.0,1,True,False,False,False,False,True,False,False,False,Very High,0.0,Q1,2,3.225928988892683,4.917006447443974,0.03971886604643054,0.17188043061732167,1.8050451270252192,0.1456019100415472,6.833333333333333,0.24176952404205612
CUST100119,47.0,Female,Secondary,Salaried,2022-05-27,518055.8020840605,295415.4979308182,650.84436571443,51,62.34886612676419,1,1,7.2,8.56,11.89,2022,5,27,Friday,1.0,0,False,False,True,False,False,True,False,False,False,Medium,0.0,Q4,1,4.148657008055494,7.896129819523245,0.015785602192136334,0.7420072370927883,0.6035464551756712,0.5702387594973478,8.5,0.6234886612676419
CUST100120,55.0,Female,Graduate,Self-Employed,2019-11-25,270277.37089369784,208729.4139485156,677.6891029441003,51,17.314445518461458,0,2,4.93,3.44,11.79,2019,11,25,Monday,2.0,0,False,True,False,False,False,True,False,False,False,Low,0.0,Q4,1,2.90769012105021,4.16106302745602,0.05460170765158972,0.3108108537533021,-0.44247458276707125,0.7722785420708065,8.5,0.17314445518461458
CUST100121,21.0,Male,Graduate,Salaried,2019-06-02,592780.8989028278,67576.17550359337,736.2296844661979,46,35.93725702070129,0,0,4.93,3.44,11.79,2019,6,2,Sunday,2.0,1,False,True,False,False,False,False,True,False,False,Medium,1.0,Q3,2,3.609220717024919,5.994769138232204,0.02707293612624119,-1.0290031536425572,0.7999773751114956,0.11399857118991089,7.666666666666667,0.3593725702070129
CUST100122,55.0,Male,Post-Graduate,Salaried,2015-09-20,135596.25681875928,22340.734590122327,735.6078787861819,36,11.706672071167493,0,2,7.2,8.56,11.89,2015,9,20,Sunday,3.0,1,False,False,True,False,True,False,False,False,False,Low,1.0,Q1,0,2.542127215445778,3.42150143521342,0.07869881227745572,-2.2588773328527987,-1.7508453128513675,0.16475922797768236,6.0,0.11706672071167493
CUST100123,57.0,Female,Graduate,Salaried,2020-10-18,389165.5683399389,217238.53303807336,663.3425155521998,44,68.45245683703529,1,0,7.2,8.56,11.89,2020,10,18,Sunday,2.0,0,False,False,True,False,True,False,False,False,False,Medium,0.0,Q2,2,4.240642444197908,8.273599992568851,0.014398338741945748,0.35995910778555396,0.1642138234194196,0.5582162213495567,7.333333333333333,0.6845245683703528
CUST100124,34.0,Male,Graduate,Self-Employed,2016-10-22,438667.13685437565,331455.37446368864,677.1271328643828,40,21.631240606251552,0,1,7.12,7.52,10.17,2016,10,22,Saturday,2.0,1,False,False,False,True,True,False,False,False,False,Medium,0.0,Q1,2,3.119331279453089,4.650939755173308,0.04418670710096929,0.8868953406439647,0.3518712324657611,0.7555965483088419,6.666666666666667,0.21631240606251553
CUST100125,23.0,Male,Graduate,Self-Employed,2018-08-08,391841.4047729087,141608.0011767749,677.2430445897938,35,10.02179013624269,1,0,7.12,7.52,10.17,2018,8,8,Wednesday,2.0,1,False,False,False,True,False,False,True,False,False,Medium,0.0,Q1,0,2.3998742348372653,3.1657211084115873,0.09072936316503831,-0.16034625117325207,0.17510326367945367,0.3613911124549068,5.833333333333333,0.10021790136242689
CUST100126,21.0,Male,Secondary,Self-Employed,2023-12-30,296479.29911543214,112570.67544688452,563.77017490975,40,22.080875458175388,0,0,7.12,7.52,10.17,2023,12,30,Saturday,1.0,1,False,False,False,True,False,False,True,False,False,Low,0.0,Q1,2,3.139004372383924,4.699029203801078,0.04332591291054317,-0.43392192373489774,-0.2832883010268118,0.3796915190461777,6.666666666666667,0.2208087545817539
CUST100127,25.0,Female,Secondary,Self-Employed,2022-12-29,197330.6418631072,113875.01388539442,731.9258753412878,39,28.720969086612207,0,0,7.2,8.56,11.89,2022,12,29,Thursday,1.0,0,False,False,True,False,False,True,False,False,False,Low,1.0,Q1,0,3.391852826539092,5.359194817004902,0.03364627839307061,-0.420277509457928,-1.0116418938340335,0.5770771979974207,6.5,0.2872096908661221
CUST100128,46.0,Female,Graduate,Salaried,2017-04-01,225571.34930270037,72040.79204701052,549.3714854303466,41,41.53724279615903,1,3,7.2,8.56,11.89,2017,4,1,Saturday,2.0,0,False,False,True,False,False,False,False,True,False,Low,0.0,Q1,2,3.750379993288827,6.444939316716568,0.02350881096812172,-0.9553933948364329,-0.7642247428874913,0.31937031129931753,6.833333333333333,0.4153724279615903
CUST100129,34.0,Male,Graduate,Salaried,2021-01-03,385094.8512264048,46706.88094349128,563.9201059372167,46,39.68945360137212,1,1,4.65,3.95,7.17,2021,1,3,Sunday,2.0,1,True,False,False,False,False,False,False,False,True,Medium,0.0,Q3,2,3.7059689335963824,6.299956634880285,0.024576392934563224,-1.4485135369266722,0.1474675941420662,0.12128669286214733,7.666666666666667,0.3968945360137212
CUST100130,59.0,Male,Graduate,Self-Employed,2020-09-03,185700.13244173443,127795.63979329866,654.4021667617172,44,3.471241478012904,0,0,7.12,7.52,10.17,2020,9,3,Thursday,2.0,1,False,False,False,True,False,False,False,False,True,Low,0.0,Q2,2,1.4976661056374494,1.8631268013779696,0.2236515305463701,-0.2831611901997804,-1.1267336171893418,0.6881828144812768,7.333333333333333,0.03471241478012904
CUST100131,47.0,Male,Post-Graduate,Salaried,2018-09-08,1047692.3791074812,629160.1545331638,624.4112212683567,50,74.93747030643534,1,3,7.12,7.52,10.17,2018,9,8,Saturday,3.0,1,False,False,False,True,False,False,False,True,False,Very High,0.0,Q4,1,4.329910242508426,8.656643131516706,0.013168729429155802,1.712086417311859,1.5617853876114147,0.6005199303531625,8.333333333333334,0.7493747030643534
CUST100132,29.0,Female,Post-Graduate,Salaried,2020-07-12,88044.66004530259,41933.15699860775,713.692591950036,32,12.082833828947066,0,1,7.12,7.52,10.17,2020,7,12,Sunday,3.0,0,False,False,False,True,False,True,False,False,False,Low,1.0,Q1,0,2.5713009761522785,3.476037086819855,0.07643603924613036,-1.5692271815719334,-2.6907467361994253,0.47627143971061303,5.333333333333333,0.12082833828947066
CUST100133,35.0,Male,Post-Graduate,Salaried,2023-09-16,3643679.941941896,206842.52483722693,685.7882138136144,44,32.137354239689245,0,1,4.93,3.44,11.79,2023,9,16,Saturday,3.0,1,False,True,False,False,False,False,False,True,False,Very High,0.0,Q2,2,3.50066117295407,5.668981763922798,0.030177424328049728,0.29965742545698604,2.8987412322613357,0.056767479068699535,7.333333333333333,0.3213735423968924
CUST100134,35.0,Female,Graduate,Salaried,2022-07-03,387020.8255925176,247764.79953428125,661.0561109656554,43,57.32763035009207,0,5,4.65,3.95,7.17,2022,7,3,Sunday,2.0,0,True,False,False,False,False,False,False,True,False,Medium,0.0,Q2,2,4.06607591504906,7.571501195277729,0.017144533285474394,0.5225193713551252,0.155418086026477,0.6401846700496299,7.166666666666667,0.5732763035009207
CUST100135,46.0,Female,Secondary,Salaried,2021-04-17,491124.31234651466,130003.35112954048,559.957280322236,44,11.819309873817415,1,2,7.12,7.52,10.17,2021,4,17,Saturday,1.0,0,False,False,False,True,False,False,False,False,True,Medium,0.0,Q2,2,2.550952618048009,3.4379223193401875,0.07800731941447435,-0.2627172037049826,0.5238960561369242,0.26470559054265697,7.333333333333333,0.11819309873817416
CUST100136,62.0,Male,Graduate,Self-Employed,2021-12-04,209074.34045154363,79863.22797423495,652.1248083890722,35,47.93020845080531,1,1,7.12,7.52,10.17,2021,12,4,Saturday,2.0,1,False,False,False,True,False,True,False,False,False,Low,0.0,Q1,0,3.8903949654760024,6.923164626874426,0.020437272426611575,-0.8361951195211867,-0.9037064129231285,0.38198483755468093,5.833333333333333,0.4793020845080531
CUST100137,33.0,Female,Secondary,Salaried,2022-07-25,715385.5279805919,143712.44902883552,645.7990824702866,49,37.74548584899016,0,0,7.12,7.52,10.17,2022,7,25,Monday,1.0,0,False,False,False,True,False,False,True,False,False,High,0.0,Q3,1,3.6570142547937685,6.143735496340167,0.025809458265602405,-0.14263114561418958,1.0633655747010797,0.20088811334290002,8.166666666666666,0.37745485848990157
CUST100138,52.0,Male,Graduate,Salaried,2017-03-26,156952.95248361523,32000.448573674217,650.84436571443,50,27.06385474523331,0,2,4.93,3.44,11.79,2017,3,26,Sunday,2.0,1,False,True,False,False,False,False,False,False,True,Low,0.0,Q4,1,3.3344824403366298,5.202293219843852,0.0356330236554496,-1.868493276785983,-1.4545213032251383,0.20388561073430483,8.333333333333334,0.2706385474523331
CUST100139,59.0,Male,Graduate,Salaried,2016-11-12,257898.8794181721,165301.98814396598,615.596959565789,39,26.07800121426032,0,2,4.93,3.44,11.79,2016,11,12,Saturday,2.0,1,False,True,False,False,False,False,True,False,False,Low,0.0,Q1,0,3.298721634915976,5.106662433944535,0.03693034770503524,0.026224363863848337,-0.5245257851706495,0.6409565970852313,6.5,0.26078001214260316
CUST100140,52.0,Male,Graduate,Self-Employed,2021-01-31,525680.3109902276,413647.3681028647,691.8254030394835,29,12.540227811293256,1,5,7.2,8.56,11.89,2021,1,31,Sunday,2.0,1,False,False,True,False,False,True,False,False,False,Medium,0.0,Q1,0,2.6056650924011753,3.541218407736701,0.07385400112440854,1.1685453745713037,0.6251626115686717,0.7868800855859986,4.833333333333333,0.12540227811293256
CUST100141,24.0,Female,Secondary,Salaried,2024-05-11,676111.4030614333,588342.7227439943,622.2751169834506,65,11.00127991609678,0,0,4.65,3.95,7.17,2024,5,11,Saturday,1.0,0,True,False,False,False,False,False,False,True,False,High,0.0,Q4,3,2.485013303774993,3.3168177393545126,0.08332444597502844,1.6242309585619439,0.9855372550506291,0.8701860670889112,10.833333333333334,0.11001279916096779
CUST100142,50.0,Female,Secondary,Self-Employed,2018-04-08,155998.1180179405,94016.5860415628,684.3290772103289,43,47.1208342970542,0,0,7.2,8.56,11.89,2018,4,8,Sunday,1.0,0,False,False,True,False,True,False,False,False,False,Low,0.0,Q2,2,3.8737152288001986,6.864461690260511,0.02078101958554814,-0.6460232677737372,-1.466671505961865,0.6026776940395554,7.166666666666667,0.47120834297054204
CUST100143,57.0,Female,Graduate,Self-Employed,2015-01-02,1770941.8368595028,437920.37229484506,713.68380592686,45,8.026501107888794,1,1,4.65,3.95,7.17,2015,1,2,Friday,2.0,0,True,False,False,False,True,False,False,False,False,Very High,1.0,Q2,2,2.2001648181319298,2.8331080296890896,0.11078489749766282,1.2416533199938622,2.175233520620596,0.2472810586887656,7.5,0.08026501107888795
CUST100144,43.0,Male,Secondary,Salaried,2025-03-06,211399.51582720244,39007.49708262475,607.2323601078101,43,10.635797874116866,0,0,4.93,3.44,11.79,2025,3,6,Thursday,1.0,1,False,True,False,False,False,True,False,False,False,Low,0.0,Q2,2,2.454086369746165,3.26125710027849,0.0859416785010025,-1.6497675225346138,-0.8832312346203182,0.18452027635914459,7.166666666666667,0.10635797874116866
CUST100145,59.0,Female,Post-Graduate,Unemployed,2016-09-30,164833.39466890565,123671.327465548,650.84436571443,52,38.693911961291725,1,1,7.12,7.52,10.17,2016,9,30,Friday,3.0,0,False,False,False,True,True,False,False,False,False,Low,0.0,Q4,1,3.681197824832698,6.220443067924641,0.025192780217156954,-0.3222591917500903,-1.3576370252334855,0.7502807772294063,8.666666666666666,0.38693911961291727
CUST100146,35.0,Male,Secondary,Unemployed,2024-12-08,489739.5190983479,275725.8866359151,688.1092925175471,42,6.064765879302004,0,1,7.2,8.56,11.89,2024,12,8,Sunday,1.0,1,False,False,True,False,False,False,True,False,False,Medium,0.0,Q2,2,1.955119877484369,2.4626745378352384,0.1415475073179353,0.6556654484752281,0.5196540032502428,0.5630051810879994,7.0,0.06064765879302004
CUST100147,63.0,Male,Secondary,Self-Employed,2022-07-16,293908.545397256,174766.255473369,544.3120255428456,48,29.09205196106696,0,1,7.12,7.52,10.17,2022,7,16,Saturday,1.0,1,False,False,False,True,True,False,False,False,False,Low,0.0,Q3,1,3.404261082436713,5.393704845564592,0.03323136625225153,0.09378862269553766,-0.2981164840868133,0.5946280168109759,8.0,0.2909205196106696
CUST100148,49.0,Female,Primary,Self-Employed,2021-08-06,268973.62688990735,195051.5165204442,738.933180391365,55,22.290168766505296,0,0,7.2,8.56,11.89,2021,8,6,Friday,0.0,0,False,False,True,False,False,True,False,False,False,Low,1.0,Q4,3,3.1480313301776506,4.721246526766559,0.04293657165070215,0.22771440486240963,-0.45089367340677344,0.7251696710037674,9.166666666666666,0.22290168766505297
CUST100149,56.0,Male,Graduate,Salaried,2025-05-20,517821.7937504684,343119.99982966663,650.877009369358,43,18.812692563688703,0,2,4.93,3.44,11.79,2025,5,20,Tuesday,2.0,1,False,True,False,False,False,True,False,False,False,Medium,0.0,Q2,2,2.986322770893167,4.337360091540556,0.05047269556045749,0.9306250564893687,0.6028767576467412,0.6626217821859612,7.166666666666667,0.18812692563688704
CUST100150,33.0,Male,Graduate,Salaried,2024-03-21,144874.42124020154,111200.76726932958,640.8193278481308,58,40.61785936611379,0,0,4.93,3.44,11.79,2024,3,21,Thursday,2.0,1,False,True,False,False,False,False,True,False,False,Low,0.0,Q4,3,3.7285293868247504,6.373214209966098,0.024028145974615476,-0.4484132201280141,-1.6154323338294538,0.7675666022848774,9.666666666666666,0.4061785936611379
CUST100151,52.0,Male,Secondary,Salaried,2022-03-02,130446.61740364872,22340.734590122327,693.6812734680981,44,3.925522941286455,0,1,4.93,3.44,11.79,2022,3,2,Wednesday,1.0,1,False,True,False,False,True,False,False,False,False,Low,0.0,Q2,2,1.5944304499591209,1.9812932496948692,0.20302412797996605,-2.2588773328527987,-1.8310906960682314,0.17126342587322188,7.333333333333333,0.03925522941286455
CUST100152,27.0,Male,Primary,Salaried,2016-08-12,253101.52730640105,176669.0446135151,688.7163616337677,48,15.30289898255325,0,1,7.2,8.56,11.89,2016,8,12,Friday,0.0,1,False,False,True,False,True,False,False,False,False,Low,0.0,Q3,1,2.7913429436893633,3.911891995256675,0.061338784045105246,0.10695594789864551,-0.5576559107559951,0.6980165093972037,8.0,0.1530289898255325
CUST100153,42.0,Male,Graduate,Unemployed,2015-07-21,691584.7924923083,539907.9413405186,650.5214459983126,51,57.21445063054238,0,2,4.65,3.95,7.17,2015,7,21,Tuesday,2.0,1,True,False,False,False,False,False,False,True,False,High,0.0,Q4,1,4.064133616538884,7.564023441961453,0.017177865446957378,1.5122198809412815,1.0168572063974375,0.7806822058576764,8.5,0.5721445063054238
CUST100154,48.0,Female,Secondary,Salaried,2017-10-01,259773.87601614,85441.71483636528,720.2893128481531,36,50.32741183721614,1,0,7.2,8.56,11.89,2017,10,1,Sunday,1.0,0,False,False,True,False,False,False,False,False,True,Low,1.0,Q1,0,3.938224953271291,7.094181548086865,0.01948276689211371,-0.757721229462427,-0.5117853718211262,0.32890803396665147,6.0,0.5032741183721614
CUST100155,22.0,Male,Graduate,Self-Employed,2018-08-05,945523.4899501166,578998.7023031228,596.2089355719799,34,10.1301981664089,0,1,4.65,3.95,7.17,2018,8,5,Sunday,2.0,1,True,False,False,False,False,True,False,False,False,High,0.0,Q1,0,2.4096619698377473,3.182797223576912,0.08984565998276783,1.6033141522918934,1.4323161843623036,0.6123578191946023,5.666666666666667,0.10130198166408899
CUST100156,62.0,Female,Graduate,Self-Employed,2020-07-18,352990.4950251373,261601.7366916366,706.98851946349,37,15.557999802129132,0,0,7.2,8.56,11.89,2020,7,18,Saturday,2.0,0,False,False,True,False,False,False,False,True,False,Medium,1.0,Q1,0,2.806869356766447,3.944363041370448,0.06039376808492374,0.5900813329713056,0.007156298991185425,0.7411013621570951,6.166666666666667,0.15557999802129133
CUST100157,43.0,Female,Secondary,Self-Employed,2023-07-31,429238.3811945424,371882.19796596456,563.710122266474,52,15.128494611148149,0,1,7.2,8.56,11.89,2023,7,31,Monday,1.0,0,False,False,True,False,False,True,False,False,False,Medium,0.0,Q4,1,2.780587559272637,3.8895365548029175,0.062002066783640904,1.0327514883023743,0.31822726936024487,0.8663768531859631,8.666666666666666,0.1512849461114815
CUST100158,48.0,Male,Secondary,Unemployed,2024-10-13,444113.0009267602,56286.374537495634,690.8519192852107,50,19.45940201408063,0,1,4.93,3.44,11.79,2024,10,13,Sunday,1.0,1,False,True,False,False,False,False,False,True,False,Medium,0.0,Q4,1,3.0184425330230784,4.411281221377824,0.048877283867425694,-1.2377833810329588,0.37089530684568767,0.126738857948403,8.333333333333334,0.19459402014080632
CUST100159,48.0,Male,Post-Graduate,Salaried,2019-12-09,428995.44280008826,241882.3344979616,623.7701362826434,39,17.603381833643887,1,3,7.12,7.52,10.17,2019,12,9,Monday,3.0,1,False,False,False,True,False,False,False,False,True,Medium,0.0,Q1,0,2.9233433832051943,4.1956384298034894,0.05375366742145332,0.4927160834463633,0.31734826333642097,0.563834275066364,6.5,0.17603381833643886
CUST100160,64.0,Male,Graduate,Salaried,2015-05-06,352990.4950251373,92965.52280699131,545.1131150104648,38,24.143220326869194,0,3,7.12,7.52,10.17,2015,5,6,Wednesday,2.0,1,False,False,False,True,False,False,False,True,False,Medium,0.0,Q1,0,3.224588290697174,4.91357510646466,0.03977215277119273,-0.6591870270249169,0.007156298991185425,0.26336551300162064,6.333333333333333,0.24143220326869194
CUST100161,64.0,Female,Graduate,Salaried,2023-04-28,290760.4413491612,194744.4130909968,670.5314253715499,33,46.46432591635418,0,1,4.65,3.95,7.17,2023,4,28,Friday,2.0,0,True,False,False,False,False,True,False,False,False,Low,0.0,Q1,0,3.859978395533858,6.816474595885631,0.021068454690840618,0.22578648669366244,-0.31649660059965967,0.669776164141727,5.5,0.46464325916354177
CUST100162,40.0,Male,Secondary,Salaried,2020-09-27,311728.31434356706,75036.81668196614,647.2458805479416,55,21.500819453967047,0,2,7.12,7.52,10.17,2020,9,27,Sunday,1.0,1,False,False,False,True,True,False,False,False,False,Medium,0.0,Q4,3,3.1135517287234893,4.636897610899668,0.0444428258288919,-0.9083649003545458,-0.19850816008287334,0.24071222673492967,9.166666666666666,0.21500819453967046
CUST100163,50.0,Female,Graduate,Salaried,2025-01-19,190617.4665917965,54956.27550812226,526.5819592414297,45,43.09981438712268,1,0,7.2,8.56,11.89,2025,1,19,Sunday,2.0,0,False,False,True,False,False,True,False,False,False,Low,0.0,Q2,2,3.78645557353516,6.565044888431661,0.0226758324019614,-1.2649278119342042,-1.07700627181472,0.2883066095186861,7.5,0.43099814387122676
CUST100164,31.0,Male,Primary,Salaried,2017-04-25,96179.77028340824,47656.753861303405,480.9067565952216,47,15.648107949933966,1,2,7.2,8.56,11.89,2017,4,25,Tuesday,0.0,1,False,False,True,False,False,False,True,False,False,Low,0.0,Q3,1,2.8122965733287177,3.955768945468626,0.06006688585918056,-1.4258855352803348,-2.4901688271515336,0.4954966488366064,7.833333333333333,0.15648107949933965
CUST100165,48.0,Female,Graduate,Salaried,2019-12-02,702529.2845892486,584411.6028097632,637.8188933266005,32,45.12145619622177,0,0,4.93,3.44,11.79,2019,12,2,Monday,2.0,0,False,True,False,False,False,False,True,False,False,High,0.0,Q1,0,3.831278268974866,6.717250642652973,0.02168188263062516,1.6154693870080117,1.0384874010037701,0.8318679599975026,5.333333333333333,0.4512145619622177
CUST100166,45.0,Male,Post-Graduate,Salaried,2015-06-28,398058.8199122643,107225.7004997762,779.4580768561461,43,31.560439015553293,0,0,4.93,3.44,11.79,2015,6,28,Sunday,3.0,1,False,True,False,False,False,False,True,False,False,Medium,1.0,Q2,2,3.483098024322105,5.617867835358295,0.030712116612504073,-0.49143318091043225,0.20005129319837878,0.26937149771837665,7.166666666666667,0.31560439015553293
CUST100167,59.0,Male,Secondary,Salaried,2019-05-24,363569.8850182536,78310.05081617687,675.6812006564728,39,8.449791773357745,0,1,7.12,7.52,10.17,2019,5,24,Friday,1.0,1,False,False,False,True,False,False,True,False,False,Medium,0.0,Q1,0,2.2459927066975687,2.9068525544577843,0.1058224375715186,-0.858961736729408,0.055093512424320736,0.21539201689448287,6.5,0.08449791773357745
CUST100168,53.0,Female,Primary,Self-Employed,2020-03-17,460040.3461840079,325332.0061958167,596.5357410628444,46,8.11410976090667,0,1,4.65,3.95,7.17,2020,3,17,Tuesday,0.0,0,True,False,False,False,False,False,False,False,True,Medium,0.0,Q3,2,2.209823735879407,2.8485276479098234,0.10971998650809754,0.8633568113539049,0.4249065329141259,0.7071814654832246,7.666666666666667,0.0811410976090667
CUST100169,21.0,Female,Primary,Salaried,2025-12-13,220347.58869090164,110283.004310169,736.5495612550285,42,7.409267925674714,0,2,7.12,7.52,10.17,2025,12,13,Saturday,0.0,0,False,False,False,True,True,False,False,False,False,Low,1.0,Q2,2,2.1293344221192245,2.721997047330271,0.11891641565454884,-0.4582157750469034,-0.8069779113078732,0.5004956258671447,7.0,0.07409267925674713
CUST100170,47.0,Female,Secondary,Salaried,2016-05-07,198662.49760895103,164776.25592763178,722.5778894299647,40,30.145493306989863,0,1,7.12,7.52,10.17,2016,5,7,Saturday,1.0,0,False,False,False,True,True,False,False,False,False,Low,1.0,Q1,2,3.438669557623532,5.490491171743186,0.03210737393507824,0.022365434514276295,-0.9990032639285755,0.8294280899054173,6.666666666666667,0.3014549330698986
CUST100171,33.0,Female,Secondary,Self-Employed,2024-08-05,305525.7016349682,66388.1825204256,751.7263262391509,41,18.69679160827868,0,0,7.12,7.52,10.17,2024,8,5,Monday,1.0,0,False,False,False,True,False,True,False,False,False,Medium,1.0,Q1,2,2.980455759956477,4.323978678055511,0.0507696897996166,-1.049360216797071,-0.23235568527601755,0.21729164572787385,6.833333333333333,0.1869679160827868
CUST100172,61.0,Female,Primary,Self-Employed,2022-03-04,823121.4915018678,507653.85371641314,704.7118211474166,48,14.439196442417987,0,0,7.12,7.52,10.17,2022,3,4,Friday,0.0,0,False,False,False,True,False,False,False,True,False,High,1.0,Q3,1,2.7369094993574548,3.799894267268234,0.06477021027160312,1.4322608828895353,1.2521014894334417,0.6167423144184314,8.0,0.14439196442417987
CUST100173,23.0,Female,Graduate,Self-Employed,2021-06-07,179648.12991834944,51433.85547435939,720.8721858488966,43,19.833461769243225,1,3,7.2,8.56,11.89,2021,6,7,Monday,2.0,0,False,False,True,False,False,True,False,False,False,Low,1.0,Q2,2,3.0365604329789178,4.453477491718491,0.0479997040854879,-1.339912834274433,-1.190237592298389,0.28630331692145206,7.166666666666667,0.19833461769243224
CUST100174,59.0,Female,Graduate,Salaried,2017-08-21,88044.66004530259,22340.734590122327,708.4886824810051,39,31.34892011942035,0,1,4.65,3.95,7.17,2017,8,21,Monday,2.0,0,True,False,False,False,False,True,False,False,False,Low,1.0,Q1,0,3.4765806392280876,5.599010637551991,0.030912932991530064,-2.2588773328527987,-2.6907467361994253,0.2537432091693818,6.5,0.3134892011942035
CUST100175,43.0,Male,Secondary,Self-Employed,2025-06-29,264913.6876435257,171331.21405504906,611.7996042066858,56,27.82359765415473,0,3,7.2,8.56,11.89,2025,6,29,Sunday,1.0,1,False,False,True,False,False,True,False,False,False,Low,0.0,Q4,3,3.361194414638777,5.274807831016664,0.034693795410228975,0.06967307368655451,-0.4774406294311573,0.6467435321258164,9.333333333333334,0.2782359765415473
CUST100176,28.0,Male,Post-Graduate,Self-Employed,2023-04-26,719002.3820782152,1111203.2373169912,519.0175408477123,50,26.476000909693138,1,1,4.65,3.95,7.17,2023,4,26,Wednesday,3.0,1,True,False,False,False,False,True,False,False,False,High,0.0,Q4,1,3.31331292946028,5.14548354478888,0.03639539841648551,2.4714582253254114,1.0702642646570366,1.5454792153889014,8.333333333333334,0.26476000909693137
CUST100177,47.0,Male,Secondary,Salaried,2018-04-07,128088.09974286857,90156.34179458304,608.3091683365559,42,44.398277110987465,1,1,4.93,3.44,11.79,2018,4,7,Saturday,1.0,1,False,True,False,False,True,False,False,False,False,Low,0.0,Q2,2,3.815474155230025,6.663203216996122,0.02202726763298196,-0.6950689192235929,-1.86917285005252,0.7038619666898649,7.0,0.44398277110987466
CUST100178,29.0,Female,Post-Graduate,Salaried,2023-04-13,178408.26699389552,62009.372269973,738.3949581601083,47,57.97696318539914,0,0,7.12,7.52,10.17,2023,4,13,Thursday,3.0,0,False,False,False,True,False,False,False,True,False,Low,1.0,Q3,1,4.077146913173759,7.614260514678962,0.016955772999983302,-1.1274744119974422,-1.2035770057058859,0.3475700611569459,7.833333333333333,0.5797696318539914
CUST100179,57.0,Female,Secondary,Self-Employed,2020-06-09,424271.1541628765,194476.2767647095,619.5191331124342,46,45.83543606443137,0,4,7.2,8.56,11.89,2020,6,9,Tuesday,1.0,0,False,False,True,False,False,True,False,False,False,Medium,0.0,Q3,2,3.84664009727071,6.770187299065763,0.021351354530452178,0.22410085549505127,0.3001303399000218,0.4583773251057521,7.666666666666667,0.4583543606443137
CUST100180,53.0,Male,Post-Graduate,Salaried,2015-09-26,1692884.1353326144,1111203.2373169912,638.3632759114115,51,20.894573545170243,0,1,4.65,3.95,7.17,2015,9,26,Saturday,3.0,1,True,False,False,False,True,False,False,False,False,Very High,0.0,Q4,1,3.0862388227935353,4.5710582522179966,0.04567341756791566,2.4714582253254114,2.125613856975225,0.656396509439002,8.5,0.20894573545170242
CUST100181,62.0,Male,Graduate,Salaried,2018-10-19,160343.3927160257,142268.1339823914,556.7372053482844,45,16.064341207399497,1,1,4.93,3.44,11.79,2018,10,19,Friday,2.0,1,False,True,False,False,False,True,False,False,False,Low,0.0,Q2,2,2.836990976714537,4.008034581612227,0.05860173491880112,-0.1547628024661826,-1.4121113714635478,0.8872715711732114,7.5,0.16064341207399496
CUST100182,64.0,Female,Post-Graduate,Unemployed,2016-09-15,156661.0048514807,52293.31266881961,605.9128342272621,52,3.835273654944415,0,2,4.93,3.44,11.79,2016,9,15,Thursday,3.0,0,False,True,False,False,False,False,True,False,False,Low,0.0,Q4,1,1.5759377260511611,1.9583854714903333,0.2068135272917652,-1.321181364488683,-1.458226516091768,0.33379916539151033,8.666666666666666,0.03835273654944415
CUST100183,44.0,Other,Post-Graduate,Self-Employed,2020-11-17,443839.8247697424,149065.28760251694,649.272866657326,44,37.331098025968274,1,0,7.12,7.52,10.17,2020,11,17,Tuesday,3.0,2,False,False,False,True,False,True,False,False,False,Medium,0.0,Q2,2,3.646261525628863,6.109918004848205,0.026088477802606314,-0.0986474060144836,0.36994796033331223,0.3358537906774135,7.333333333333333,0.37331098025968273
CUST100184,35.0,Female,Secondary,Salaried,2025-11-29,746241.5825767772,286287.05142249505,689.4049742287002,36,8.012598877189273,0,0,4.65,3.95,7.17,2025,11,29,Saturday,1.0,0,True,False,False,False,False,True,False,False,False,High,0.0,Q1,0,2.198623473667587,2.83065343643288,0.11095578685200139,0.7026725949007101,1.1208672694576305,0.3836385670628859,6.0,0.08012598877189273
CUST100185,52.0,Male,Post-Graduate,Self-Employed,2021-03-12,249082.8304660998,137412.8365123704,613.3071226259467,52,62.82231117259841,1,3,7.2,8.56,11.89,2021,3,12,Friday,3.0,1,False,False,True,False,False,False,False,False,True,Low,0.0,Q4,1,4.156102834117899,7.926052685454369,0.01566850183935899,-0.19641185449727874,-0.5860170381067044,0.5516752650322573,8.666666666666666,0.6282231117259841
CUST100186,52.0,Male,Secondary,Salaried,2022-04-26,136921.5627703369,259901.4691208534,607.717005950584,31,21.47539730005801,0,0,7.12,7.52,10.17,2022,4,26,Tuesday,1.0,1,False,False,False,True,False,False,True,False,False,Low,0.0,Q1,0,3.1124212576233763,4.634155510992052,0.04449309556798887,0.581962960380217,-1.7308065914049628,1.898177787795154,5.166666666666667,0.2147539730005801
CUST100187,43.0,Male,Secondary,Salaried,2020-11-14,469887.94601708767,391055.7626776445,717.3740452119094,43,47.407580973304384,0,2,7.2,8.56,11.89,2020,11,14,Saturday,1.0,1,False,False,True,False,False,False,False,True,False,Medium,1.0,Q2,2,3.879656433136968,6.88531633066371,0.020657921339871866,1.0967829448844568,0.45714790478576206,0.8322319523034192,7.166666666666667,0.47407580973304386
CUST100188,61.0,Female,Secondary,Salaried,2017-03-29,523820.7572046513,163719.36673373848,676.021322115058,41,19.23948096249772,0,1,4.93,3.44,11.79,2017,3,29,Wednesday,1.0,0,False,True,False,False,False,True,False,False,False,Medium,0.0,Q1,2,3.0076351999450783,4.386283274310691,0.0494083816602277,0.014572606082315668,0.6199268103953661,0.31254845189301084,6.833333333333333,0.19239480962497718
CUST100189,32.0,Male,Graduate,Unemployed,2022-05-01,352990.4950251373,859968.9553170193,685.8937972153719,35,57.16028492785667,0,3,7.2,8.56,11.89,2022,5,1,Sunday,2.0,1,False,False,True,False,False,False,False,True,False,Medium,0.0,Q1,0,4.063202732247938,7.560442111930801,0.017193863497065438,2.1260899270289455,0.007156298991185425,2.4362382767722366,5.833333333333333,0.5716028492785667
CUST100190,43.0,Female,Secondary,Unemployed,2016-07-01,537222.8442513791,98193.61882618647,772.2656468854697,49,5.14715838656743,0,1,7.2,8.56,11.89,2016,7,1,Friday,1.0,0,False,False,True,False,False,False,True,False,False,Medium,1.0,Q3,1,1.8159899240753412,2.268734974951334,0.16267679098445997,-0.5950411873490967,0.6571537127771183,0.18278005091726773,8.166666666666666,0.0514715838656743
CUST100191,22.0,Male,Graduate,Salaried,2015-12-03,352990.4950251373,372218.451295929,609.5940489271715,41,19.947710937190468,0,2,7.12,7.52,10.17,2015,12,3,Thursday,2.0,1,False,False,False,True,False,True,False,False,False,Medium,0.0,Q1,2,3.0420293772572284,4.466286033964962,0.04773791289169475,1.0339009154589398,0.007156298991185425,1.0544715977959191,6.833333333333333,0.1994771093719047
CUST100192,23.0,Female,Graduate,Salaried,2015-12-25,309499.85842621187,255519.49748362985,646.0784663614692,43,64.48069023855093,0,0,7.2,8.56,11.89,2015,12,25,Friday,2.0,0,False,False,True,False,False,False,False,False,True,Medium,0.0,Q2,2,4.181755293659211,8.029986938877979,0.015271677747392812,0.5608076508287231,-0.2105714004405662,0.8255884147505951,7.166666666666667,0.6448069023855093
CUST100193,57.0,Female,Graduate,Salaried,2024-03-15,1567359.0156916408,368328.6645022571,694.0927819538517,48,19.67018537151529,1,2,7.12,7.52,10.17,2024,3,15,Friday,2.0,0,False,False,False,True,True,False,False,False,False,Very High,0.0,Q3,1,3.028692341796438,4.43510827055161,0.04837885979378093,1.0205442257976536,2.0395226384385072,0.23499955071858364,8.0,0.19670185371515292
CUST100194,37.0,Female,Post-Graduate,Unemployed,2018-11-20,285248.15327539865,249495.5970356144,580.279411067359,46,51.94704418009706,1,1,4.93,3.44,11.79,2018,11,20,Tuesday,3.0,0,False,True,False,False,False,False,False,False,True,Low,0.0,Q3,2,3.9692922476393484,7.20742979016078,0.01888679558009969,0.5311617641519436,-0.3492852030405372,0.8746615680794041,7.666666666666667,0.5194704418009706
CUST100195,22.0,Male,Graduate,Unemployed,2020-04-08,250909.28216661964,115997.039310312,668.3239790601696,44,6.089262238016654,0,0,7.12,7.52,10.17,2020,4,8,Wednesday,2.0,1,False,False,False,True,False,False,False,False,True,Low,0.0,Q2,2,1.9585812784325345,2.4676430532021145,0.14105840162569125,-0.39839030546210863,-0.5730570478809288,0.46230668833240945,7.333333333333333,0.060892622380166544
CUST100196,22.0,Male,Secondary,Self-Employed,2017-03-26,1072720.9806356323,918862.8488865944,651.7757197807281,46,22.40230995504295,0,0,7.12,7.52,10.17,2017,3,26,Sunday,1.0,1,False,False,False,True,True,False,False,False,False,Very High,0.0,Q3,2,3.152834733519026,4.733107853730248,0.04273082451779554,2.214842278538414,1.5911138132440887,0.8565720867528195,7.666666666666667,0.22402309955042948
CUST100197,48.0,Male,Secondary,Self-Employed,2015-12-26,149560.70346783847,95936.6158239382,845.3866246274578,47,44.869476349053066,0,3,4.65,3.95,7.17,2015,12,26,Saturday,1.0,1,True,False,False,False,True,False,False,False,False,Low,1.0,Q3,1,3.8257998925651315,6.698468209154468,0.021800990104842217,-0.6223296396955436,-1.5510819870054982,0.6414560349040376,7.833333333333333,0.44869476349053067
CUST100198,43.0,Female,Secondary,Self-Employed,2023-05-21,119557.77057176192,366807.9325692908,657.9895601332058,48,24.944357401059328,1,1,7.2,8.56,11.89,2023,5,21,Sunday,1.0,0,False,False,True,False,True,False,False,False,False,Low,0.0,Q3,1,3.2559541447758154,4.994432640556816,0.03854402653114736,1.0152862730655343,-2.014573863320875,3.06803924843281,8.0,0.24944357401059328
CUST100199,57.0,Female,Primary,Salaried,2015-12-13,389155.44906104106,97538.70782085966,742.5551812451465,42,20.26193449050536,0,0,4.93,3.44,11.79,2015,12,13,Sunday,0.0,0,False,True,False,False,False,True,False,False,False,Medium,1.0,Q2,2,3.056918360801812,4.501325859178089,0.04703240904286276,-0.6028981906260877,0.1641724655421496,0.2506420199336852,7.0,0.20261934490505362
CUST100200,52.0,Female,Secondary,Salaried,2018-02-21,361840.2467325775,124106.8759271944,716.3954571077475,46,40.90741793718416,0,3,7.12,7.52,10.17,2018,2,21,Wednesday,1.0,0,False,False,False,True,False,False,False,True,False,Medium,1.0,Q3,2,3.7354628503321323,6.395890707101252,0.02386212392037418,-0.3180728167605673,0.04737596752947719,0.34298803698007957,7.666666666666667,0.40907417937184154
CUST100201,53.0,Female,Secondary,Salaried,2016-07-05,315927.23942420405,55102.11060381905,557.475071748721,52,16.807364763359505,1,1,4.93,3.44,11.79,2016,7,5,Tuesday,1.0,0,False,True,False,False,False,False,False,True,False,Medium,0.0,Q4,1,2.8796121224773343,4.099678617082016,0.056156540470131966,-1.2619216652655059,-0.1760676838903433,0.17441392741014,8.666666666666666,0.16807364763359506
CUST100202,21.0,Female,Post-Graduate,Self-Employed,2025-03-13,657603.7690773479,141446.87044122815,526.094092963144,46,17.34150352604607,0,2,4.65,3.95,7.17,2025,3,13,Thursday,3.0,0,True,False,False,False,True,False,False,False,False,High,0.0,Q3,2,2.9091664441685245,4.16431309174107,0.054521157362041675,-0.16171282115907595,0.9468809503722135,0.2150943730746638,7.666666666666667,0.17341503526046068
CUST100203,39.0,Male,Graduate,Self-Employed,2022-01-29,210044.8357803448,38591.19158225464,669.7611684293036,40,20.183875997383986,0,0,7.2,8.56,11.89,2022,1,29,Saturday,2.0,1,False,False,True,False,False,False,False,False,True,Low,0.0,Q1,2,3.053240326139655,4.492646881002778,0.047205714389731646,-1.6616867833898212,-0.8951260168290661,0.18372835227718493,6.666666666666667,0.20183875997383985
CUST100204,22.0,Female,Secondary,Salaried,2022-05-25,352990.4950251373,165012.03743115143,750.5867729717563,39,6.801910871399763,0,2,7.12,7.52,10.17,2022,5,25,Wednesday,1.0,0,False,False,False,True,False,False,True,False,False,Medium,1.0,Q1,0,2.0543686872047755,2.6080473292100668,0.12817372775505537,0.024097524793829105,0.007156298991185425,0.46746878388156177,6.5,0.06801910871399763
CUST100205,43.0,Male,Graduate,Unemployed,2020-03-02,291832.8332414946,214923.99661128488,673.0331855650539,48,16.333105413027052,0,1,7.2,8.56,11.89,2020,3,2,Monday,2.0,1,False,False,True,False,True,False,False,False,False,Low,0.0,Q3,1,2.8526182805784264,4.04142368640397,0.05769306631276987,0.3467721782630735,-0.3102077257408779,0.7364627010060691,8.0,0.16333105413027052
CUST100206,46.0,Male,Secondary,Salaried,2020-04-14,212196.68859686572,45220.56648109684,656.3081443213739,46,22.29338646252875,1,3,4.65,3.95,7.17,2020,4,14,Tuesday,1.0,1,True,False,False,False,False,False,False,False,True,Low,0.0,Q3,2,3.148169477470735,4.721587282104267,0.04293064048925066,-1.4848039693236945,-0.8762759700613295,0.2131068433730722,7.666666666666667,0.22293386462528753
CUST100207,52.0,Female,Graduate,Salaried,2016-02-26,349023.99402998685,71290.36587462002,627.27306776406,50,28.05213019870737,0,0,4.65,3.95,7.17,2016,2,26,Friday,2.0,0,True,False,False,False,False,False,False,False,True,Medium,0.0,Q4,1,3.3690918093085513,5.29642617230783,0.03442088387874888,-0.96746062994218,-0.01128047143842188,0.20425634653786873,8.333333333333334,0.2805213019870737
CUST100208,26.0,Male,Graduate,Self-Employed,2015-12-02,604137.7307573642,371389.5374477323,544.0831002722877,40,30.48761513003203,1,0,4.93,3.44,11.79,2015,12,2,Wednesday,2.0,1,False,True,False,False,False,True,False,False,False,High,0.0,Q1,2,3.4495942980446372,5.521559121301884,0.031758518257745956,1.031065642905311,0.8271225580619297,0.6147431596138646,6.666666666666667,0.3048761513003203
CUST100209,52.0,Male,Graduate,Self-Employed,2019-03-07,1292825.734098591,333221.1601415508,573.1583425928791,44,17.053765929561433,0,0,7.12,7.52,10.17,2019,3,7,Thursday,2.0,1,False,False,False,True,False,True,False,False,False,Very High,0.0,Q2,2,2.8933543017737176,4.129620555155332,0.05539010552710164,0.8936071744569027,1.8170518689628052,0.2577463855744531,7.333333333333333,0.17053765929561432
CUST100210,24.0,Female,Graduate,Self-Employed,2015-02-26,512805.2332280252,91324.47400910482,520.2149048928242,40,16.309471593943204,0,0,4.93,3.44,11.79,2015,2,26,Thursday,2.0,0,False,True,False,False,False,False,False,True,False,Medium,0.0,Q1,2,2.8512538426646032,4.038498680691032,0.057771838647570975,-0.6800223492355296,0.5884287057083524,0.1780880304871933,6.666666666666667,0.16309471593943203
CUST100211,31.0,Male,Post-Graduate,Salaried,2019-08-13,88044.66004530259,22340.734590122327,561.7562720709399,32,40.240098252487805,0,1,4.65,3.95,7.17,2019,8,13,Tuesday,3.0,1,True,False,False,False,False,False,False,True,False,Low,0.0,Q1,0,3.7194110416019783,6.343508355199653,0.024248244848438863,-2.2588773328527987,-2.6907467361994253,0.2537432091693818,5.333333333333333,0.40240098252487805
CUST100212,37.0,Female,Post-Graduate,Salaried,2023-05-23,354022.5705626649,297019.6676784544,607.919341005652,48,24.593415697518044,0,1,7.2,8.56,11.89,2023,5,23,Tuesday,3.0,0,False,False,True,False,False,False,True,False,False,Medium,0.0,Q3,1,3.242335119088399,4.959174900879988,0.039072549432976875,0.7488013449334316,0.011911201214948928,0.838985116701421,8.0,0.24593415697518042
CUST100213,58.0,Male,Graduate,Self-Employed,2025-10-25,373204.451028578,282581.827445335,845.3866246274578,44,13.077495818089307,0,2,4.93,3.44,11.79,2025,10,25,Saturday,2.0,1,False,True,False,False,False,False,True,False,False,Medium,1.0,Q2,2,2.644577481083144,3.616282043492917,0.07103536118369998,0.6863693218227404,0.09726064903568973,0.7571770022209526,7.333333333333333,0.13077495818089307
CUST100214,44.0,Male,Graduate,Salaried,2023-02-07,635219.1940222525,243448.8041470608,614.3946191363522,53,14.018688732087616,0,1,4.93,3.44,11.79,2023,2,7,Tuesday,2.0,1,False,True,False,False,False,False,True,False,False,High,0.0,Q4,3,2.709295341066114,3.744153940757193,0.06658370899341481,0.5007185536038053,0.8982739634643603,0.3832516498840753,8.833333333333334,0.14018688732087617
CUST100215,25.0,Male,Graduate,Salaried,2022-07-27,404693.8690963549,252794.70192040587,670.4500628439774,41,55.69882881799132,0,1,7.2,8.56,11.89,2022,7,27,Wednesday,2.0,1,False,False,True,False,False,False,True,False,False,Medium,0.0,Q1,2,4.037753554753024,7.463164799064223,0.01763704861012378,0.5474802041501432,0.22614488998580456,0.6246566138619144,6.833333333333333,0.5569882881799132
CUST100216,43.0,Male,Secondary,Self-Employed,2023-08-14,768236.8402886881,407027.6567510367,660.8183368941345,41,26.4298840651378,0,1,4.93,3.44,11.79,2023,8,14,Monday,1.0,1,False,True,False,False,False,False,False,False,True,High,0.0,Q1,2,3.3116330783688626,5.14100029810715,0.036456588647086445,1.1479073128513473,1.1600767847048077,0.5298205389344305,6.833333333333333,0.264298840651378
CUST100217,26.0,Female,Secondary,Salaried,2024-09-07,458173.113781293,294009.41715146607,689.9239068386379,42,5.36267174611242,0,1,7.2,8.56,11.89,2024,9,7,Saturday,1.0,0,False,False,True,False,False,False,False,False,True,Medium,0.0,Q2,2,1.850448375007399,2.3157443179488575,0.15716668090114788,0.7360235055397409,0.41869608424865834,0.6416994107860511,7.0,0.0536267174611242
CUST100218,42.0,Male,Primary,Self-Employed,2021-05-21,922902.470094456,596321.3613055332,567.2148054786193,48,15.161606609638312,1,3,7.12,7.52,10.17,2021,5,21,Friday,0.0,1,False,False,False,True,False,False,False,True,False,High,0.0,Q3,1,2.7826384670644786,3.8937907763050537,0.06187503656991806,1.64184558618067,1.4012807191484313,0.6461369219702074,8.0,0.15161606609638312
CUST100219,31.0,Female,Graduate,Self-Employed,2016-12-22,278382.8066940991,167861.27249057055,734.7354972098839,41,31.3335511998394,0,0,7.2,8.56,11.89,2016,12,22,Thursday,2.0,0,False,False,True,False,False,True,False,False,False,Low,1.0,Q1,2,3.476105427951935,5.597638001857516,0.030927626656887815,0.04484651440736594,-0.391244215822695,0.6029872120479943,6.833333333333333,0.313335511998394
CUST100220,36.0,Male,Graduate,Salaried,2016-01-21,394986.1896568601,123583.71146250793,537.4258412037126,52,24.115200792399,1,2,7.12,7.52,10.17,2016,1,21,Thursday,2.0,1,False,False,False,True,False,True,False,False,False,Medium,0.0,Q4,1,3.22347327208938,4.910723041711781,0.039816524194488834,-0.32310300763880895,0.18778322760749067,0.3128810948298469,8.666666666666666,0.24115200792399002
CUST100221,53.0,Female,Secondary,Salaried,2017-08-07,594802.6335814486,78041.16079519312,614.1749438090715,41,22.10401296982933,0,2,7.2,8.56,11.89,2017,8,7,Monday,1.0,0,False,False,True,False,True,False,False,False,False,Medium,0.0,Q1,2,3.140006324077525,4.70149050513019,0.043282524179062,-0.8629462067848785,0.804856938785937,0.1312051366102545,6.833333333333333,0.22104012969829331
CUST100222,29.0,Female,Post-Graduate,Self-Employed,2022-09-18,256962.01665142408,119346.8888808048,648.3275673778737,37,64.0288755869414,0,0,4.65,3.95,7.17,2022,9,18,Sunday,3.0,0,True,False,False,False,False,False,False,False,True,Low,0.0,Q1,0,4.17483141104945,8.001804520665411,0.01537778396095799,-0.36459353868101085,-0.5309350122579433,0.46445342559208697,6.166666666666667,0.6402887558694139
CUST100223,26.0,Female,Post-Graduate,Self-Employed,2024-02-13,225481.2574053177,183266.45520882012,710.8115878519798,50,53.29199632702705,1,4,4.65,3.95,7.17,2024,2,13,Tuesday,3.0,0,True,False,False,False,False,False,True,False,False,Low,1.0,Q4,1,3.994376818783522,7.30013673344733,0.01841892116061665,0.15159991698888486,-0.7649515947789246,0.812779107752563,8.333333333333334,0.5329199632702705
CUST100224,36.0,Male,Graduate,Self-Employed,2019-02-09,248298.9493683796,137954.35170350585,760.3447468440603,36,48.2071475245926,0,0,7.12,7.52,10.17,2019,2,9,Saturday,2.0,1,False,False,False,True,False,False,True,False,False,Low,1.0,Q1,0,3.896038887836981,6.94313672086274,0.020322250939260867,-0.19169874706793816,-0.5916156230608007,0.5555978068148607,6.0,0.482071475245926
CUST100225,49.0,Male,Graduate,Self-Employed,2019-09-16,231068.7651291948,176978.53260145063,711.4425216102712,48,27.00580677137753,0,1,7.12,7.52,10.17,2019,9,16,Monday,2.0,1,False,False,False,True,True,False,False,False,False,Low,1.0,Q3,1,3.3324118733660257,5.196711149503841,0.035706880653837085,0.10908499234923812,-0.7205447130906678,0.7659128333615263,8.0,0.2700580677137753
CUST100226,23.0,Male,Post-Graduate,Self-Employed,2022-11-27,495606.3059494864,442724.85259862937,763.2733085964687,51,22.559623946383415,0,2,4.65,3.95,7.17,2022,11,27,Sunday,3.0,1,True,False,False,False,False,True,False,False,False,Medium,1.0,Q4,1,3.159534397127282,4.749697247865743,0.04244549922680357,1.2556709636548753,0.5375242304130039,0.8932994743689826,8.5,0.22559623946383414
CUST100227,40.0,Female,Secondary,Unemployed,2020-08-20,120465.07817320866,27814.53887485776,583.6659256394156,52,5.886373095536715,0,0,7.12,7.52,10.17,2020,8,20,Thursday,1.0,0,False,False,False,True,False,False,True,False,False,Low,0.0,Q4,1,1.9295445451994566,2.4261848848627996,0.1452143219844032,-2.021796012191674,-1.9985027890581342,0.230892963310621,8.666666666666666,0.05886373095536715
CUST100228,56.0,Male,Graduate,Salaried,2023-04-08,142403.23340660147,93049.4214304229,745.2296384056967,42,1.1621066061526442,0,1,7.2,8.56,11.89,2023,4,8,Saturday,2.0,1,False,False,True,False,False,True,False,False,False,Low,1.0,Q2,2,0.7710830270451418,1.078010485177507,0.46251188408301835,-0.6581311357539993,-1.6504199899829992,0.6534221113135859,7.0,0.011621066061526441
CUST100229,39.0,Female,Secondary,Salaried,2022-06-12,1107535.5673941823,708196.8493299044,731.492538393064,44,16.569860917992965,0,3,7.2,8.56,11.89,2022,6,12,Sunday,1.0,0,False,False,True,False,True,False,False,False,False,Very High,1.0,Q2,2,2.866184986287935,4.070609403761673,0.05691564689484359,1.8679441465436506,1.6305204580577832,0.6394348589600197,7.333333333333333,0.16569860917992965
CUST100230,46.0,Female,Graduate,Salaried,2015-09-17,352990.4950251373,207233.90934665728,458.29799543794695,47,36.81477465970865,1,0,4.65,3.95,7.17,2015,9,17,Thursday,2.0,0,True,False,False,False,False,True,False,False,False,Medium,0.0,Q3,1,3.632699890271559,6.067517998301171,0.026444690177289152,0.30197874551299625,0.007156298991185425,0.5870807068952371,7.833333333333333,0.3681477465970865
CUST100231,23.0,Male,Secondary,Salaried,2016-01-28,408402.6731625249,362857.8468500687,632.3628604884578,56,22.05417554366083,1,4,4.93,3.44,11.79,2016,1,28,Thursday,1.0,1,False,True,False,False,False,True,False,False,False,Medium,0.0,Q4,3,3.137846904605493,4.696187341201459,0.043376090292457606,1.0015324400852974,0.2404992125118362,0.8884805871622405,9.333333333333334,0.22054175543660828
CUST100232,39.0,Female,Post-Graduate,Salaried,2016-08-22,148228.7769226465,96251.30229611152,698.1629938705426,45,14.71712492024719,0,2,7.2,8.56,11.89,2016,8,22,Monday,3.0,0,False,False,True,False,False,True,False,False,False,Low,0.0,Q2,2,2.754750877160029,3.836290515621463,0.06362486810242089,-0.6184889158793375,-1.5691131051305403,0.6493428893793036,7.5,0.1471712492024719
CUST100233,40.0,Male,Post-Graduate,Salaried,2024-06-02,383262.1737231574,113020.8851532842,608.7668907643649,51,53.78740837704999,1,2,7.12,7.52,10.17,2024,6,2,Sunday,3.0,1,False,False,False,True,False,False,True,False,False,Medium,0.0,Q4,1,4.003460393410424,7.333989935706892,0.01825236910492178,-0.4291956530911508,0.13985607581541304,0.2948918335857554,8.5,0.5378740837704999
CUST100234,52.0,Male,Secondary,Salaried,2023-11-30,235295.15867599956,173846.57398326803,563.1339862163011,35,24.718727008172557,0,1,4.93,3.44,11.79,2023,11,30,Thursday,1.0,1,False,True,False,False,False,False,False,True,False,Low,0.0,Q1,0,3.2472194039055244,4.971793138111496,0.038882173277170105,0.08737602765332628,-0.6878351804594135,0.7388446705044791,5.833333333333333,0.24718727008172559
CUST100235,27.0,Female,Graduate,Salaried,2017-11-05,141796.22930788016,26320.68505655781,819.13401743535,53,40.71172969279934,0,0,4.93,3.44,11.79,2017,11,5,Sunday,2.0,0,False,True,False,False,False,False,False,False,True,Low,1.0,Q4,3,3.730782376847923,6.380574401478235,0.023974071738689588,-2.081810703637209,-1.6591300031151655,0.18562330736883048,8.833333333333334,0.40711729692799337
CUST100236,61.0,Female,Post-Graduate,Salaried,2017-01-25,807866.6304370522,585347.3960402532,658.8832120776725,50,8.569508161056715,0,2,7.2,8.56,11.89,2017,1,25,Wednesday,3.0,0,False,False,True,False,False,True,False,False,False,High,0.0,Q4,1,2.2585818103151802,2.927372227964308,0.10449857852355651,1.6175600710069853,1.2273089297621027,0.7245594433373029,8.333333333333334,0.08569508161056716
CUST100237,53.0,Female,Graduate,Salaried,2024-10-17,736407.8853364364,609861.2709518969,661.0724347323248,63,7.644384669710735,1,3,7.2,8.56,11.89,2024,10,17,Thursday,2.0,0,False,False,True,False,False,True,False,False,False,High,0.0,Q4,3,2.1569099390092656,2.764848037363127,0.11568203385301949,1.67123704446374,1.1028684286244301,0.8281568993157572,10.5,0.07644384669710735
CUST100238,60.0,Female,Post-Graduate,Salaried,2023-08-24,339621.52865727484,137976.92306757547,545.2804708099948,48,18.949449660211872,0,2,4.93,3.44,11.79,2023,8,24,Thursday,3.0,0,False,True,False,False,False,True,False,False,False,Medium,0.0,Q3,1,2.993201557001081,4.35309655994579,0.05012669607595479,-0.19150267377443853,-0.05604764056538308,0.40626671581474827,8.0,0.18949449660211873
CUST100239,59.0,Male,Graduate,Salaried,2022-07-21,659773.2006757931,398838.3336916673,601.0111203363009,36,36.051572949978656,1,0,4.93,3.44,11.79,2022,7,21,Thursday,2.0,1,False,True,False,False,False,False,False,True,False,High,0.0,Q1,0,3.612310805631164,6.004296207714828,0.026989407476709464,1.1219345601964101,0.9514819249527369,0.6045082359864644,6.0,0.36051572949978655
CUST100240,38.0,Female,Secondary,Salaried,2023-06-09,1134809.7941827122,503985.1276422624,650.84436571443,65,20.796982899091216,1,0,4.65,3.95,7.17,2023,6,9,Friday,1.0,0,True,False,False,False,True,False,False,False,False,Very High,0.0,Q4,3,3.0817715610927445,4.560370916832447,0.04587790909546904,1.4228653477034614,1.6603287531193842,0.444114185677461,10.833333333333334,0.20796982899091215
CUST100241,60.0,Female,Secondary,Salaried,2016-04-21,352990.4950251373,256378.19603839508,736.3180184111443,34,30.901322815502336,0,2,7.12,7.52,10.17,2016,4,21,Thursday,1.0,0,False,False,False,True,False,False,True,False,False,Medium,1.0,Q1,0,3.4626474765016493,5.558895827005785,0.031346662512504134,0.5649800130558991,0.007156298991185425,0.7263033981131355,5.666666666666667,0.30901322815502336
CUST100242,21.0,Female,Secondary,Self-Employed,2018-04-02,483017.3453588658,168233.35288282664,690.3706896740841,40,49.93504490629262,0,1,4.65,3.95,7.17,2018,4,2,Monday,1.0,0,True,False,False,False,False,False,False,True,False,Medium,0.0,Q1,2,3.9305511916808404,7.066473300472635,0.01963284810761908,0.04753163428065382,0.49884729824002183,0.3482967112864961,6.666666666666667,0.4993504490629262
CUST100243,31.0,Male,Graduate,Self-Employed,2020-09-02,408141.7493354231,289659.70814229234,604.3549045754777,39,26.789689901443136,1,0,7.2,8.56,11.89,2020,9,2,Wednesday,2.0,1,False,False,True,False,False,True,False,False,False,Medium,0.0,Q1,0,3.324665085053908,5.175875761785935,0.03598456850531712,0.7173409913803492,0.23949467183357867,0.7097036963602597,6.5,0.26789689901443137
CUST100244,48.0,Female,Secondary,Self-Employed,2019-05-19,534826.8982849799,454036.6162767072,694.8400190932972,32,62.41790559056395,0,2,4.65,3.95,7.17,2019,5,19,Sunday,1.0,0,True,False,False,False,False,False,False,True,False,Medium,0.0,Q1,0,4.149746244133535,7.900500337988977,0.015768417305613316,1.288117729659143,0.6505840452563095,0.8489412513332043,5.333333333333333,0.6241790559056395
CUST100245,43.0,Male,Graduate,Self-Employed,2021-06-17,291165.86421770335,248248.21597580943,629.7183883407138,36,11.61688384818668,0,0,4.65,3.95,7.17,2021,6,17,Thursday,2.0,1,True,False,False,False,False,False,False,True,False,Low,0.0,Q1,0,2.5350359049261093,3.4083550061850483,0.07925887342964814,0.5249389135501067,-0.3141156673262069,0.8526006873875689,6.0,0.11616883848186679
CUST100246,43.0,Male,Graduate,Salaried,2024-01-23,306820.59618386166,73583.25804007302,650.84436571443,49,14.025955252579594,1,2,4.65,3.95,7.17,2024,1,23,Tuesday,2.0,1,True,False,False,False,False,False,False,True,False,Medium,0.0,Q3,1,2.70977905594304,3.7451241972169087,0.06655150925118881,-0.9309564668319447,-0.22521912833620278,0.23982502789994709,8.166666666666666,0.14025955252579594
CUST100247,51.0,Female,Graduate,Self-Employed,2021-11-14,474745.82053444814,379699.29542424827,668.3811109748565,43,30.06278449379155,1,2,4.65,3.95,7.17,2021,11,14,Sunday,2.0,0,True,False,False,False,True,False,False,False,False,Medium,0.0,Q2,2,3.4360104625687593,5.482953993404609,0.032192864107204164,1.0592237018464323,0.4727440727573844,0.7997949197252529,7.166666666666667,0.3006278449379155
CUST100248,50.0,Male,Post-Graduate,Self-Employed,2024-09-03,272578.2691014467,188064.05561829652,683.621376838368,43,46.77010627258008,0,1,7.12,7.52,10.17,2024,9,3,Tuesday,3.0,1,False,False,False,True,False,False,False,False,True,Low,0.0,Q2,2,3.8664000520713673,6.838867323802976,0.020933593789679246,0.1831256505597434,-0.42773904783990574,0.6899451531416976,7.166666666666667,0.4677010627258008
CUST100249,62.0,Female,Post-Graduate,Salaried,2025-10-03,290837.5655513918,87911.44783282361,673.9721538717397,50,54.4839390608332,1,5,7.12,7.52,10.17,2025,10,3,Friday,3.0,0,False,False,False,True,False,False,True,False,False,Low,0.0,Q4,1,4.016093592580803,7.381323665903914,0.018023233694774068,-0.7245069483957377,-0.3160433534503755,0.30226992055223145,8.333333333333334,0.544839390608332
CUST100250,55.0,Female,Graduate,Self-Employed,2018-06-15,352990.4950251373,55725.3144913381,683.6839720931927,41,16.95021286413007,0,1,4.93,3.44,11.79,2018,6,15,Friday,2.0,0,False,True,False,False,True,False,False,False,False,Medium,0.0,Q1,2,2.887601973589883,4.117063621579106,0.05570964576126566,-1.2491590669926256,0.007156298991185425,0.15786633146416523,6.833333333333333,0.16950212864130068
CUST100251,27.0,Male,Post-Graduate,Salaried,2020-08-31,722421.8524038276,227127.850825803,750.4646648388459,44,49.30118201861229,0,2,7.2,8.56,11.89,2020,8,31,Monday,3.0,1,False,False,True,False,True,False,False,False,False,High,1.0,Q2,2,3.9180285762055775,7.021480044735034,0.019880248532330374,0.4148546843260398,1.0767468032446377,0.3143978135075024,7.333333333333333,0.4930118201861229
CUST100252,36.0,Female,Graduate,Self-Employed,2021-02-05,183579.25266407093,152327.93037229695,701.245020245882,42,12.96672300262863,0,0,4.65,3.95,7.17,2021,2,5,Friday,2.0,0,True,False,False,False,False,False,False,False,True,Low,1.0,Q2,2,2.6366775718529425,3.600933629300689,0.07159875654523924,-0.07256141949250905,-1.1486907109504123,0.8297665894252204,7.0,0.1296672300262863
CUST100253,46.0,Female,Graduate,Unemployed,2020-01-16,571207.0895588533,346461.6274022417,623.0478589819232,44,61.12751159869045,1,2,4.93,3.44,11.79,2020,1,16,Thursday,2.0,0,False,True,False,False,True,False,False,False,False,Medium,0.0,Q2,2,4.129188911747532,7.8184085080462795,0.016095928748272585,0.9428950461818096,0.7465803056268229,0.6065429399166178,7.333333333333333,0.6112751159869044
CUST100254,22.0,Female,Post-Graduate,Salaried,2019-05-02,582496.1457617534,394258.8632614221,642.163780321186,36,7.513625844775744,0,1,4.93,3.44,11.79,2019,5,2,Thursday,3.0,0,False,True,False,False,False,False,False,True,False,Medium,0.0,Q1,0,2.1416679205600846,2.7410993861543482,0.11745876765463385,1.1071911728812187,0.774829284513089,0.6768437287182975,6.0,0.07513625844775744
CUST100255,21.0,Female,Secondary,Self-Employed,2022-10-09,580408.361062289,177443.5358266646,748.4136470397654,40,52.79153860303505,1,2,4.93,3.44,11.79,2022,10,9,Sunday,1.0,0,False,True,False,False,False,False,False,True,False,Medium,1.0,Q1,2,3.9851161797622,7.265778595789652,0.018590284382450768,0.11227729320911985,0.7696566537999391,0.3057218808872767,6.666666666666667,0.5279153860303505
CUST100256,32.0,Female,Secondary,Self-Employed,2019-10-26,223228.719291842,150793.34924333423,658.9937963958572,43,23.00710891092169,0,0,7.12,7.52,10.17,2019,10,26,Saturday,1.0,0,False,False,False,True,False,True,False,False,False,Low,0.0,Q2,2,3.1783499911097546,4.796572621249645,0.041654328462060845,-0.08476482824316728,-0.783243397824295,0.6755105244598564,7.166666666666667,0.23007108910921692
CUST100257,25.0,Female,Post-Graduate,Unemployed,2016-12-30,131188.56972434968,22340.734590122327,620.078526611432,48,40.68183069960608,0,0,4.65,3.95,7.17,2016,12,30,Friday,3.0,0,True,False,False,False,True,False,False,False,False,Low,0.0,Q3,1,3.730065319215807,6.378231000803129,0.023991268694670137,-2.2588773328527987,-1.8192877799818414,0.17029482551005892,8.0,0.4068183069960608
CUST100258,57.0,Female,Graduate,Salaried,2024-10-10,352990.4950251373,202839.85127208813,599.5089326295971,41,5.960642567088218,0,1,4.65,3.95,7.17,2024,10,10,Thursday,2.0,0,True,False,False,False,False,True,False,False,False,Medium,0.0,Q1,2,1.940271792942338,2.441442722467234,0.1436648973656926,0.2756773808637522,0.007156298991185425,0.5746326151293207,6.833333333333333,0.05960642567088218
CUST100259,52.0,Male,Post-Graduate,Self-Employed,2019-02-07,405356.9316385203,243782.744571282,671.8430486532998,35,23.29672531061557,0,1,7.2,8.56,11.89,2019,2,7,Thursday,3.0,1,False,False,True,False,False,False,True,False,False,Medium,0.0,Q1,0,3.190341580385422,4.826668137609584,0.04115780983715885,0.5024182607236138,0.2287231751833654,0.601402678833865,5.833333333333333,0.2329672531061557
CUST100260,29.0,Female,Post-Graduate,Salaried,2017-01-18,661738.6582107717,143516.06202148943,581.6114557963539,48,35.62154375217292,0,2,4.65,3.95,7.17,2017,1,18,Wednesday,3.0,0,True,False,False,False,False,False,False,True,False,High,0.0,Q3,1,3.6006366943428865,5.96837865355181,0.027306331124849578,-0.14427396494215622,0.9556340541193038,0.2168772524330562,8.0,0.3562154375217292
CUST100261,61.0,Male,Primary,Salaried,2016-12-16,237917.1786424789,180437.06862031997,752.7836339067445,49,40.04953780682845,0,3,4.65,3.95,7.17,2016,12,16,Friday,0.0,1,True,False,False,False,False,False,True,False,False,Low,1.0,Q3,1,3.7147795765616882,6.328470416050663,0.024360810216812075,0.13264189316838057,-0.6679083688812006,0.758402859557548,8.166666666666666,0.40049537806828445
CUST100262,55.0,Other,Post-Graduate,Salaried,2021-07-14,571529.2978622393,164614.74833472475,566.9745316994336,47,14.223032787683504,1,1,4.93,3.44,11.79,2021,7,14,Wednesday,3.0,2,False,True,False,False,False,False,False,False,True,Medium,0.0,Q3,1,2.7228095959001606,3.7713436316097613,0.06568993274514062,0.021177627542106957,0.7473961987959152,0.2880250390495349,7.833333333333333,0.14223032787683504
CUST100263,39.0,Female,Graduate,Unemployed,2016-06-14,681906.1158677639,424026.19566351984,650.84436571443,40,11.037009515930436,0,1,7.2,8.56,11.89,2016,6,14,Tuesday,2.0,0,False,False,True,False,False,False,False,True,False,High,0.0,Q1,2,2.4879860299539387,3.3221994997185877,0.08307711302184695,1.200286265400805,0.9973701236333653,0.621824890254757,6.666666666666667,0.11037009515930435
CUST100264,36.0,Male,Graduate,Self-Employed,2016-11-22,342084.8782842655,145097.93998763766,627.181574730204,40,9.31805101221816,0,1,4.65,3.95,7.17,2016,11,22,Tuesday,2.0,1,True,False,False,False,False,False,True,False,False,Medium,0.0,Q1,2,2.333894886812772,3.0525482817177783,0.09691752820526339,-0.13110082943783588,-0.04417105360065868,0.42415771406026387,6.666666666666667,0.09318051012218159
CUST100265,23.0,Female,Graduate,Self-Employed,2021-01-18,465169.7640676036,268326.143352635,563.8610117097876,49,9.242755484957128,0,2,7.12,7.52,10.17,2021,1,18,Monday,2.0,0,False,False,False,True,False,False,False,False,True,Medium,0.0,Q3,1,2.3265706737408975,3.0401900409278904,0.09762997871701959,0.6217101017875573,0.44180660229189467,0.5768348763821176,8.166666666666666,0.09242755484957127
CUST100266,40.0,Female,Post-Graduate,Unemployed,2025-08-04,455513.1544980587,84707.42759424877,665.1340590852301,47,4.732393276227454,0,1,4.65,3.95,7.17,2025,8,4,Monday,3.0,0,True,False,False,False,False,False,True,False,False,Medium,0.0,Q3,1,1.746133118259122,2.1754064623024947,0.17444720761693971,-0.7677704782573763,0.4097943155846087,0.1859604421031265,7.833333333333333,0.04732393276227454
CUST100267,43.0,Male,Primary,Salaried,2023-07-30,221265.4260240305,25120.31690633396,573.7568673428568,49,35.499729695737365,0,1,4.93,3.44,11.79,2023,7,30,Sunday,0.0,1,False,True,False,False,False,False,False,False,True,Low,0.0,Q3,1,3.5973048549647877,5.9581649604334865,0.027397463168522734,-2.1324023608403038,-0.7993750526670791,0.11353023993728588,8.166666666666666,0.35499729695737364
CUST100268,53.0,Female,Graduate,Salaried,2018-01-13,498150.7202744912,412295.2117358908,652.7497408824208,44,27.928252352199674,0,0,7.12,7.52,10.17,2018,1,13,Saturday,2.0,0,False,False,False,True,False,False,False,False,True,Medium,0.0,Q2,2,3.3648187076299467,5.284718758098644,0.03456828251582785,1.164355160643963,0.5451927226670047,0.827651541904241,7.333333333333333,0.27928252352199673
CUST100269,44.0,Female,Graduate,Salaried,2019-04-20,958858.7024076652,302715.5345101012,603.7965174720534,52,21.58417920050538,0,0,4.93,3.44,11.79,2019,4,20,Saturday,2.0,0,False,True,False,False,False,False,False,True,False,High,0.0,Q4,1,3.1172496257631974,4.645877656644155,0.04427878432604814,0.772649373991928,1.4501813418302332,0.3157040070137463,8.666666666666666,0.2158417920050538
CUST100270,31.0,Male,Graduate,Salaried,2016-05-04,367075.328493525,277414.0968927325,725.6058614295273,54,10.442238054512371,0,1,4.65,3.95,7.17,2016,5,4,Wednesday,2.0,1,True,False,False,False,False,True,False,False,False,Medium,1.0,Q4,3,2.4373116009534868,3.231445195963003,0.08739548987146262,0.6632920460363882,0.07059514401423121,0.7557416022243673,9.0,0.1044223805451237
CUST100271,28.0,Female,Graduate,Salaried,2015-01-05,150760.08886218164,135605.72096912764,660.9399687950106,42,48.51485070439684,1,2,7.12,7.52,10.17,2015,1,5,Monday,2.0,0,False,False,False,True,False,False,False,False,True,Low,0.0,Q2,2,3.902272638809614,6.965260275423801,0.020195961126288957,-0.21226754906031883,-1.5350156125634018,0.8994802403777602,7.0,0.48514850704396845
CUST100272,56.0,Male,Secondary,Salaried,2015-03-17,239824.834944205,64547.65673572811,554.9199334340371,35,24.99086275676704,1,3,7.2,8.56,11.89,2015,3,17,Tuesday,1.0,1,False,False,True,False,False,False,False,False,True,Low,0.0,Q1,0,3.257745043822596,4.999086192172229,0.03847505984539269,-1.0815853887918734,-0.653581824855412,0.26914500639912897,5.833333333333333,0.2499086275676704
CUST100273,58.0,Female,Secondary,Salaried,2018-06-30,124535.03123490373,38871.94035217178,602.2370767659196,48,34.28874686919746,0,0,7.2,8.56,11.89,2018,6,30,Saturday,1.0,0,False,False,True,False,False,False,False,True,False,Low,0.0,Q3,1,3.5635641275411856,5.855659388078977,0.028337645530645675,-1.6536354676815004,-1.9282244756663665,0.3121365929466845,8.0,0.3428874686919746
CUST100274,60.0,Other,Secondary,Salaried,2020-08-16,785563.5815321227,495131.1652155405,706.3957799674504,49,26.005654045576023,0,0,7.12,7.52,10.17,2020,8,16,Sunday,1.0,2,False,False,False,True,False,True,False,False,False,High,1.0,Q3,1,3.2960462531767134,5.099573908237435,0.03702928276842889,1.399922976499712,1.1899914908314113,0.6302878301077326,8.166666666666666,0.2600565404557602
CUST100275,40.0,Female,Post-Graduate,Salaried,2022-06-21,572898.1194016543,499772.77765343816,752.967368303238,50,31.022902494819515,0,0,7.12,7.52,10.17,2022,6,21,Tuesday,3.0,0,False,False,False,True,True,False,False,False,False,Medium,1.0,Q4,1,3.466451349769607,5.569820687851586,0.031227650278164956,1.4119979748507188,0.7508559361378694,0.8723589076804971,8.333333333333334,0.31022902494819515
CUST100276,55.0,Male,Secondary,Salaried,2025-03-02,268116.9210690093,223247.95075308,646.3780154025853,52,14.667598486572947,0,0,4.93,3.44,11.79,2025,3,2,Sunday,1.0,1,False,True,False,False,True,False,False,False,False,Low,0.0,Q4,1,2.751594789139569,3.8298300858618974,0.06382599100027965,0.39359037633963195,-0.45645370471335867,0.832651478552595,8.666666666666666,0.14667598486572947
CUST100277,45.0,Female,Secondary,Unemployed,2016-04-17,154687.78076943572,77699.7366387205,566.4482750504877,40,22.305852195168487,1,3,7.12,7.52,10.17,2016,4,17,Sunday,1.0,0,False,False,False,True,False,True,False,False,False,Low,0.0,Q1,2,3.1487044962090738,4.722907176217683,0.04290767793538607,-0.8680241435776491,-1.483497201673767,0.5023004160524679,6.666666666666667,0.22305852195168488
CUST100278,55.0,Female,Post-Graduate,Self-Employed,2023-10-15,219701.04724248865,161719.35411976284,734.3229048680711,44,39.21618724405164,0,2,4.93,3.44,11.79,2023,10,15,Sunday,3.0,0,False,True,False,False,False,False,True,False,False,Low,1.0,Q2,2,3.694269582338547,6.262282909934015,0.024865609311283222,-0.00030453098616735325,-0.8123572429732594,0.7360882260213798,7.333333333333333,0.39216187244051637
CUST100279,43.0,Male,Primary,Unemployed,2018-10-13,352990.4950251373,51517.72387205163,706.04509399147,42,22.727060832244085,0,1,4.65,3.95,7.17,2018,10,13,Saturday,0.0,1,True,False,False,False,False,False,False,True,False,Medium,1.0,Q2,2,3.1666162040426262,4.7672907224380685,0.04214597025186709,-1.3380720563294388,0.007156298991185425,0.145946490339302,7.0,0.22727060832244084
CUST100280,49.0,Female,Post-Graduate,Salaried,2022-10-30,386792.8507839442,341132.1664650759,754.523166744204,44,29.005321750906614,0,2,4.93,3.44,11.79,2022,10,30,Sunday,3.0,0,False,True,False,False,False,True,False,False,False,Medium,1.0,Q2,2,3.401374757626996,5.3856588966352685,0.03332742132551153,0.9232726081769541,0.15447957399192366,0.8819505473632099,7.333333333333333,0.29005321750906615
CUST100281,38.0,Male,Graduate,Salaried,2017-04-17,379062.2072874902,330346.1131275576,673.2167294737045,37,28.113105715697795,0,2,7.12,7.52,10.17,2017,4,17,Monday,2.0,1,False,False,False,True,True,False,False,False,False,Medium,0.0,Q1,0,3.3711884410291493,5.302179336433067,0.03434879156368397,0.8826617734755812,0.12224023421405412,0.8714825872287894,6.166666666666667,0.28113105715697795
CUST100282,38.0,Female,Post-Graduate,Salaried,2016-08-25,810056.4254114712,187109.3980259044,608.3522467362486,41,7.997969258650762,0,1,7.12,7.52,10.17,2016,8,25,Thursday,3.0,0,False,False,False,True,False,False,False,False,True,High,0.0,Q1,2,2.196998913948459,2.828068114216976,0.11113618765018421,0.17691318890065522,1.2309035531488721,0.23098316630333682,6.833333333333333,0.07997969258650761
CUST100283,22.0,Male,Secondary,Salaried,2018-04-01,352990.4950251373,81160.10994155782,691.3510788316464,49,13.650102122603124,0,1,4.65,3.95,7.17,2018,4,1,Sunday,1.0,1,True,False,False,False,True,False,False,False,False,Medium,0.0,Q3,1,2.684447306264932,3.694604460913661,0.06825890984453517,-0.8175019793660273,0.007156298991185425,0.22992151654332282,8.166666666666666,0.13650102122603125
CUST100284,55.0,Male,Primary,Salaried,2021-06-23,146544.920848002,26396.257030529,676.1063378753265,48,30.66270376286033,0,2,7.12,7.52,10.17,2021,6,23,Wednesday,0.0,1,False,False,False,True,False,False,False,False,True,Low,0.0,Q3,1,3.4551394507704996,5.537391422218618,0.031582899789277585,-2.078698631717258,-1.5921997330465183,0.18012399800541357,8.0,0.30662703762860327
CUST100285,36.0,Male,Graduate,Salaried,2019-01-21,180920.48691478465,57419.47292825832,604.0101046523172,43,2.94096483877585,0,0,7.12,7.52,10.17,2019,1,21,Monday,2.0,1,False,False,False,True,False,False,False,True,False,Low,0.0,Q2,2,1.371425576268943,1.71492414956926,0.2537449687855175,-1.2151308671737837,-1.1766673702949575,0.31737407911854376,7.166666666666667,0.0294096483877585
CUST100286,61.0,Female,Post-Graduate,Salaried,2024-02-07,357247.8534841088,268923.5487936222,665.8910867077925,37,38.8104622727728,0,2,7.2,8.56,11.89,2024,2,7,Wednesday,3.0,0,False,False,True,False,False,False,False,False,True,Medium,0.0,Q1,0,3.6841297489210145,6.2298043526881965,0.02511902507306278,0.6244838922724996,0.026659823901329177,0.7527646315321654,6.166666666666667,0.38810462272772805
CUST100287,43.0,Male,Graduate,Salaried,2023-12-17,233933.7325103517,94193.99889190646,634.3979288942363,46,44.80487295125919,1,0,7.2,8.56,11.89,2023,12,17,Sunday,2.0,1,False,False,True,False,False,True,False,False,False,Low,0.0,Q3,2,3.8243904817761556,6.693644220546771,0.021831738318848663,-0.6438149664894203,-0.6982912373668472,0.40265248573220763,7.666666666666667,0.4480487295125919
CUST100288,53.0,Female,Secondary,Salaried,2024-11-12,304003.6152818601,51898.7596022391,709.4830275986944,51,62.65985388141642,1,2,4.65,3.95,7.17,2024,11,12,Tuesday,1.0,0,True,False,False,False,False,False,False,False,True,Medium,1.0,Q4,1,4.153554126554681,7.915797741315553,0.0157084872023547,-1.3297442460891598,-0.2407927277160108,0.1707175737174067,8.5,0.6265985388141642
CUST100289,24.0,Male,Graduate,Self-Employed,2019-10-31,352990.4950251373,103103.96066722284,689.3605528252348,35,47.01748167185035,0,2,4.93,3.44,11.79,2019,10,31,Thursday,2.0,1,False,True,False,False,False,False,True,False,False,Medium,0.0,Q1,0,3.8715651460995066,6.856929463823465,0.020825748564532436,-0.5376538323679153,0.007156298991185425,0.292087073505706,5.833333333333333,0.4701748167185035
CUST100290,53.0,Male,Graduate,Salaried,2019-08-26,656148.9317221872,580761.794270118,565.8726885375048,40,2.4534001567076538,1,1,7.2,8.56,11.89,2019,8,26,Monday,2.0,1,False,False,True,False,False,True,False,False,False,High,0.0,Q1,2,1.23935929837398,1.5663333478885182,0.2895696862866201,1.6072850494833333,0.9437848896564517,0.885106667393024,6.666666666666667,0.024534001567076538
CUST100291,34.0,Female,Graduate,Salaried,2023-11-11,254694.6327066701,153771.08888343358,557.8061936511208,46,23.430737725238025,1,2,4.93,3.44,11.79,2023,11,11,Saturday,2.0,0,False,True,False,False,False,False,False,True,False,Low,0.0,Q3,2,3.1958420823265263,4.840530727641136,0.04093204270974413,-0.06119003172165202,-0.5465678514153502,0.6037468762073623,7.666666666666667,0.23430737725238024
CUST100292,41.0,Female,Graduate,Self-Employed,2015-08-20,288830.3451835739,125042.96236028806,642.8151061141157,48,27.91655795569225,0,1,7.12,7.52,10.17,2015,8,20,Thursday,2.0,0,False,False,False,True,False,True,False,False,False,Low,0.0,Q3,1,3.3644143706944636,5.283612207163983,0.034582262575381974,-0.3091219513034131,-0.32788852863368767,0.4329287571249262,8.0,0.2791655795569225
CUST100293,43.0,Male,Post-Graduate,Salaried,2015-11-24,557027.644476705,129916.0091580995,652.6255428303452,46,33.29369853800568,0,2,7.2,8.56,11.89,2015,11,24,Tuesday,3.0,1,False,False,True,False,False,False,True,False,False,Medium,0.0,Q3,2,3.5349616212008965,5.770069196985915,0.029159876088948503,-0.26351979069030956,0.710096340956808,0.23323081079781602,7.666666666666667,0.3329369853800568
CUST100294,28.0,Female,Graduate,Salaried,2021-04-04,258076.3765878415,229414.7852731668,710.8781419273462,50,10.867630285474046,0,1,4.65,3.95,7.17,2021,4,4,Sunday,2.0,0,True,False,False,False,False,False,False,True,False,Low,1.0,Q4,1,2.473814549725105,3.2966089069639497,0.08426282045742509,0.427229112459373,-0.5233147688984194,0.888941437826956,8.333333333333334,0.10867630285474046
CUST100295,27.0,Female,Primary,Self-Employed,2018-02-17,466926.6344702766,353313.6756898225,691.0643128449511,36,34.38618762318461,0,0,4.65,3.95,7.17,2018,2,17,Saturday,0.0,0,True,False,False,False,True,False,False,False,False,Medium,0.0,Q1,0,3.5663215638636254,5.863973705874252,0.028259613910621213,0.9677106366045548,0.4475416903631895,0.756679207410503,6.0,0.3438618762318461
CUST100296,23.0,Female,Graduate,Salaried,2017-08-07,441923.0969906271,143705.3666844049,766.6948514570194,35,6.738439557942118,0,0,4.65,3.95,7.17,2017,8,7,Monday,2.0,0,True,False,False,False,False,False,True,False,False,Medium,1.0,Q1,0,2.046200059775093,2.5958504498414614,0.12922501914144688,-0.14269035424539445,0.36328044144322874,0.3251818419607355,5.833333333333333,0.06738439557942118
CUST100297,37.0,Male,Primary,Salaried,2020-03-01,394375.7899729725,61544.29677923319,612.6245228579656,41,24.59223835291552,1,0,7.2,8.56,11.89,2020,3,1,Sunday,0.0,1,False,False,True,False,False,False,False,True,False,Medium,0.0,Q1,2,3.2422891161750993,4.9590561957811605,0.03907434692542546,-1.1360733948761361,0.1853319230597369,0.15605495657695156,6.833333333333333,0.2459223835291552
CUST100298,53.0,Male,Graduate,Salaried,2023-01-21,183388.5069703612,26646.43183610404,650.84436571443,54,4.604472454394056,0,1,4.93,3.44,11.79,2023,1,21,Saturday,2.0,1,False,True,False,False,False,False,False,False,True,Low,0.0,Q4,3,1.7235649315582107,2.14580345194849,0.17842892585116968,-2.0684558034657936,-1.1506809557299151,0.14530044590204647,9.0,0.04604472454394056
CUST100299,32.0,Female,Graduate,Salaried,2025-10-27,757564.9344312293,148711.90539281289,573.2148795483965,45,23.01875204235253,0,0,7.12,7.52,10.17,2025,10,27,Monday,2.0,0,False,False,False,True,False,True,False,False,False,High,0.0,Q2,2,3.1788348603626044,4.797786160548689,0.04163413645457886,-0.10150496659855351,1.141229930574713,0.19630251960442707,7.5,0.2301875204235253
CUST100300,42.0,Male,Primary,Salaried,2022-04-20,1372864.8941110503,775139.9294485752,709.9525691820064,47,15.41161047001901,0,1,4.93,3.44,11.79,2022,4,20,Wednesday,0.0,1,False,True,False,False,False,False,False,True,False,Very High,1.0,Q3,1,2.797989039836843,3.9257624062109273,0.06093247227789228,1.9876493246787519,1.8875882949249236,0.5646148668915374,7.833333333333333,0.1541161047001901
CUST100301,42.0,Female,Secondary,Self-Employed,2021-04-16,364141.1633936481,306974.9105115511,651.7401747212768,57,16.319606786401227,0,1,4.93,3.44,11.79,2021,4,16,Friday,1.0,0,False,True,False,False,False,True,False,False,False,Medium,0.0,Q4,3,2.8518392000129045,4.039753307616843,0.05773803137292738,0.7902088376106075,0.057632474188612705,0.8430107369643939,9.5,0.16319606786401228
CUST100302,50.0,Female,Secondary,Salaried,2018-09-21,193336.42323519307,96164.52043253186,501.7117186430683,43,31.77196295201088,0,0,7.12,7.52,10.17,2018,9,21,Friday,1.0,0,False,False,False,True,False,False,False,False,True,Low,0.0,Q2,2,3.489573361802025,5.636662394716477,0.030513887784638795,-0.6195469014737813,-1.050191897650314,0.49739474240478765,7.166666666666667,0.3177196295201088
CUST100303,58.0,Female,Post-Graduate,Salaried,2018-07-31,368597.8992724451,285426.1371548861,666.1732302166314,43,61.9204288051066,1,1,7.12,7.52,10.17,2018,7,31,Tuesday,3.0,0,False,False,False,True,False,False,False,True,False,Medium,0.0,Q2,2,4.141870893251193,7.868953475850941,0.01589308939863487,0.6989022720416431,0.07727082142518808,0.7743563859649576,7.166666666666667,0.619204288051066
CUST100304,58.0,Female,Post-Graduate,Salaried,2015-07-17,656000.0107750456,299601.30302349065,671.2776134253656,43,26.79913631005865,0,2,7.2,8.56,11.89,2015,7,17,Friday,3.0,0,False,False,True,False,True,False,False,False,False,High,0.0,Q2,2,3.32500495223047,5.176788223412143,0.035972340609667315,0.7596631957097996,0.943467486048667,0.45670929588784626,7.166666666666667,0.2679913631005865
CUST100305,28.0,Other,Primary,Salaried,2016-02-20,250418.14873885323,166995.55868027834,638.4522445801725,45,5.74340027451272,0,0,7.2,8.56,11.89,2016,2,20,Saturday,0.0,2,False,False,True,False,False,False,True,False,False,Low,0.0,Q2,2,1.9085642894784933,2.396539228661346,0.14829313985402717,0.038577367276677335,-0.5765304058717546,0.6668668366142602,7.5,0.0574340027451272
CUST100306,47.0,Male,Post-Graduate,Self-Employed,2022-08-11,335259.6179190862,229819.861206363,673.7323882366734,49,23.03541732136323,0,1,7.2,8.56,11.89,2022,8,11,Thursday,3.0,1,False,False,True,False,False,False,False,True,False,Medium,0.0,Q3,1,3.17952846426418,4.799522613902682,0.041605268867588044,0.4294088497934385,-0.07734353081099377,0.6854981898292006,8.166666666666666,0.2303541732136323
CUST100307,47.0,Female,Graduate,Salaried,2018-11-19,352990.4950251373,106278.23924847342,552.3811440619423,42,19.481315627922637,0,0,7.2,8.56,11.89,2018,11,19,Monday,2.0,0,False,False,True,False,False,False,False,False,True,Medium,0.0,Q2,2,3.0195130377526893,4.413764337606012,0.04882498850008823,-0.5019081513334107,0.007156298991185425,0.3010796062395535,7.0,0.19481315627922638
CUST100308,54.0,Male,Secondary,Salaried,2017-07-26,745513.64138566,289984.5637017938,781.2825467280022,46,15.151182180604952,0,2,7.2,8.56,11.89,2017,7,26,Wednesday,1.0,1,False,False,True,False,False,False,False,True,False,High,1.0,Q3,2,2.781993247027132,3.892451949684794,0.06191497246565913,0.7187453675225699,1.1195450595888117,0.3889728471806494,7.666666666666667,0.15151182180604952
CUST100309,41.0,Male,Primary,Salaried,2023-10-28,576801.9466460369,351757.8942588833,680.4207540860739,38,16.700827681697707,0,2,7.12,7.52,10.17,2023,10,28,Saturday,0.0,1,False,False,False,True,False,True,False,False,False,Medium,0.0,Q1,0,2.873611400164327,4.086664615759129,0.056494533362074335,0.9621161253097453,0.7606666453502092,0.6098417252304191,6.333333333333333,0.16700827681697705
CUST100310,50.0,Female,Graduate,Salaried,2025-08-05,591324.8350685727,92576.21164647954,508.1040893537102,36,15.46641988485388,1,2,4.93,3.44,11.79,2025,8,5,Tuesday,2.0,0,False,True,False,False,False,False,False,True,False,Medium,0.0,Q1,0,2.8013231486637005,3.9327369457991823,0.06072965507941522,-0.6640983872663253,0.7964502188614128,0.15655728654749296,6.0,0.1546641988485388
CUST100311,53.0,Female,Graduate,Salaried,2024-02-19,280474.7174442928,109169.77735048674,649.5282320535913,42,47.00140325678404,0,1,7.2,8.56,11.89,2024,2,19,Monday,2.0,0,False,False,True,False,True,False,False,False,False,Low,0.0,Q2,2,3.8712302449969047,6.8557569426565905,0.02083272429871454,-0.4702095246591337,-0.37832360014645483,0.3892321502103653,7.0,0.47001403256784036
CUST100312,48.0,Other,Graduate,Self-Employed,2018-05-28,352990.4950251373,243333.5689374708,682.5376159721692,42,27.27966133290346,0,0,7.2,8.56,11.89,2018,5,28,Monday,2.0,2,False,False,True,False,False,False,False,True,False,Medium,0.0,Q2,2,3.342142865458202,5.222993522196199,0.035361102391862714,0.5001315147785752,0.007156298991185425,0.6893487852134443,7.0,0.2727966133290346
CUST100313,53.0,Female,Primary,Salaried,2018-05-24,234878.11610944645,210680.8773296751,560.9654340061561,46,8.633183144416854,1,2,4.93,3.44,11.79,2018,5,24,Thursday,0.0,0,False,True,False,False,False,False,True,False,False,Low,0.0,Q3,2,2.26521371578378,2.9382278918451603,0.1038078467946054,0.32224670891744384,-0.6910301313405306,0.896979594435711,7.666666666666667,0.08633183144416855
CUST100314,25.0,Female,Primary,Salaried,2018-08-31,601580.51347692,288534.16675924405,692.6904223210751,42,50.886751922458814,1,0,7.2,8.56,11.89,2018,8,31,Friday,0.0,0,False,False,True,False,False,False,False,True,False,High,0.0,Q2,2,3.9490634959773963,7.133495070612919,0.019272742327259784,0.7124637077988104,0.8210660783033432,0.4796268500979526,7.0,0.5088675192245882
CUST100315,39.0,Male,Graduate,Salaried,2019-08-19,722687.2135267683,544071.7484555898,784.4740498406932,35,22.53769522786923,0,4,4.93,3.44,11.79,2019,8,19,Monday,2.0,1,False,True,False,False,False,True,False,False,False,High,1.0,Q1,0,3.158603188282138,4.747388253331428,0.04248504326013936,1.5222128991678125,1.0772482677841357,0.7528454056914587,5.833333333333333,0.22537695227869228
CUST100316,24.0,Female,Secondary,Self-Employed,2015-08-04,504850.7607242573,224988.67411238296,598.4504751560377,44,68.04612537801971,1,0,4.93,3.44,11.79,2015,8,4,Tuesday,1.0,0,False,True,False,False,False,False,False,True,False,Medium,0.0,Q2,2,4.234774765000946,8.24900753897217,0.014483071925109677,0.4031732689397242,0.5651542781723662,0.44565382805329423,7.333333333333333,0.6804612537801971
CUST100317,55.0,Male,Secondary,Salaried,2024-04-29,290556.5927762864,214172.91918405044,684.2750956695955,47,87.98544860693633,1,2,7.12,7.52,10.17,2024,4,29,Monday,1.0,1,False,False,False,True,True,False,False,False,False,Low,0.0,Q3,1,4.488472857566286,9.380055895725587,0.011237792421738165,0.3424642578530118,-0.31769530941371826,0.7371125780957671,7.833333333333333,0.8798544860693633
CUST100318,37.0,Male,Secondary,Self-Employed,2024-05-23,320540.4393412322,184737.66161538893,666.6878879193757,36,20.06335959815836,0,0,4.65,3.95,7.17,2024,5,23,Thursday,1.0,1,True,False,False,False,False,False,False,False,True,Medium,0.0,Q1,0,3.047535019061802,4.479214171945606,0.047475807234826556,0.16134911461507526,-0.15183788293466152,0.5763318412960867,6.0,0.2006335959815836
CUST100319,64.0,Male,Post-Graduate,Self-Employed,2019-07-08,1070792.6498065349,866567.1706708517,727.4631999849905,46,22.092383988476666,0,3,7.12,7.52,10.17,2019,7,8,Monday,3.0,1,False,False,False,True,False,False,False,True,False,Very High,1.0,Q3,2,3.139502865697046,4.700253608953102,0.04330432061492699,2.1363128912301232,1.588884661592616,0.8092763532019187,7.666666666666667,0.22092383988476666
CUST100320,48.0,Male,Post-Graduate,Self-Employed,2018-03-30,293482.62970937847,125831.8637094932,641.2926476300686,53,21.06956497129998,1,5,4.65,3.95,7.17,2018,3,30,Friday,3.0,1,True,False,False,False,False,False,False,True,False,Low,0.0,Q4,3,3.0941995087603726,4.590159580156226,0.04531126922077686,-0.3016272542755052,-0.30058879036013697,0.428754041880088,8.833333333333334,0.21069564971299978
CUST100321,50.0,Male,Graduate,Salaried,2022-11-02,680100.9353466698,396800.4944584385,564.6626698910504,50,19.282303996093777,1,3,4.65,3.95,7.17,2022,11,2,Wednesday,2.0,1,True,False,False,False,False,False,True,False,False,High,0.0,Q4,1,3.0097487815447788,4.391162032548307,0.04930406329540237,1.1153935924322957,0.9936974078846375,0.5834435358571831,8.333333333333334,0.19282303996093778
CUST100322,49.0,Male,Post-Graduate,Salaried,2016-09-01,443891.28548912046,268116.97016655275,722.3345797579765,39,19.57320341299658,0,3,4.65,3.95,7.17,2016,9,1,Thursday,3.0,1,True,False,False,False,True,False,False,False,False,Medium,1.0,Q1,0,3.0239894238197063,4.424161323120641,0.04860691745108962,0.6207375252291528,0.3701264763136284,0.6040149444950619,6.5,0.19573203412996582
CUST100323,26.0,Male,Secondary,Self-Employed,2022-01-02,296415.6973209854,128616.65432703578,569.4191527423885,45,26.389105688504205,0,1,7.2,8.56,11.89,2022,1,2,Sunday,1.0,1,False,False,True,False,False,False,False,False,True,Low,0.0,Q2,2,3.3101453317198133,5.137032770822492,0.03651086718102378,-0.2755198771349866,-0.2836532220098284,0.43390635344037864,7.5,0.26389105688504205
CUST100324,55.0,Male,Graduate,Unemployed,2017-07-06,161653.5240673774,34828.19274869512,794.7089102314355,42,30.064148610824866,0,2,7.12,7.52,10.17,2017,7,6,Thursday,2.0,1,False,False,False,True,False,True,False,False,False,Low,1.0,Q2,2,3.4360543764388107,5.483078388170724,0.03219145042499352,-1.7752713493065615,-1.3960217746321073,0.21544963494998526,7.0,0.30064148610824865
CUST100325,61.0,Other,Secondary,Self-Employed,2015-06-06,411251.49995131785,71906.30713693473,694.8615479212134,36,11.51700037240469,0,1,4.65,3.95,7.17,2015,6,6,Saturday,1.0,2,True,False,False,False,False,False,False,True,False,Medium,0.0,Q1,0,2.5270877500977984,3.393670634048727,0.07989134539011651,-0.9575472624433299,0.2514152338443711,0.17484752552986843,6.0,0.1151700037240469
CUST100326,57.0,Male,Graduate,Salaried,2015-06-11,382567.55076510936,43359.15050079752,602.0885810707708,29,6.015280176102386,0,0,4.93,3.44,11.79,2015,6,11,Thursday,2.0,1,False,True,False,False,False,False,False,False,True,Medium,0.0,Q1,0,1.9480906523295458,2.4526068123738027,0.1425459817565817,-1.5318686760670286,0.13695928558802326,0.11333724047970649,4.833333333333333,0.06015280176102386
CUST100327,43.0,Male,Post-Graduate,Salaried,2015-02-11,1070804.510483872,855387.9952211764,738.6921290005007,42,6.5991053435001765,0,1,7.2,8.56,11.89,2015,2,11,Wednesday,3.0,1,False,False,True,False,False,True,False,False,False,Very High,1.0,Q2,2,2.0280305224024793,2.568872387546757,0.13159443839732274,2.118948940817939,1.5888983878345853,0.7988274113961719,7.0,0.06599105343500176
CUST100328,49.0,Female,Graduate,Salaried,2023-11-26,216183.82853334333,62516.02435721221,649.2648772775292,52,19.071691515038477,0,1,7.12,7.52,10.17,2023,11,26,Sunday,2.0,0,False,False,False,True,True,False,False,False,False,Low,0.0,Q4,1,2.9993104400260537,4.3671147815277855,0.049821411376851914,-1.118175436141783,-0.8419708297334288,0.28917992979095564,8.666666666666666,0.19071691515038477
CUST100329,51.0,Male,Secondary,Self-Employed,2021-06-08,1435266.5727821677,386381.5110077691,632.2875551204781,50,16.814182409883237,0,0,4.65,3.95,7.17,2021,6,8,Tuesday,1.0,1,True,False,False,False,True,False,False,False,False,Very High,0.0,Q4,1,2.879994904649811,4.100510018263977,0.05613504886113684,1.0814495904130628,1.9391161871862697,0.26920539942541444,8.333333333333334,0.16814182409883238
CUST100330,55.0,Female,Graduate,Salaried,2018-09-15,454651.430578434,313176.7812659083,595.5304499121788,46,30.321985465687767,1,3,4.93,3.44,11.79,2018,9,15,Saturday,2.0,0,False,True,False,False,False,False,False,False,True,Medium,0.0,Q3,2,3.4443202620152658,5.506540244626182,0.031926456293630175,0.8153710251044561,0.4068965808192516,0.6888283203408523,7.666666666666667,0.3032198546568777
CUST100331,53.0,Female,Secondary,Salaried,2019-05-06,454383.8174429741,161766.4962306267,499.745680037453,45,5.680396967489245,1,0,7.12,7.52,10.17,2019,5,6,Monday,1.0,0,False,False,False,True,False,True,False,False,False,Medium,0.0,Q2,2,1.8991774120537286,2.383358338036739,0.14969170318269862,4.812248558366615e-05,0.40599527970512106,0.3560128904699135,7.5,0.05680396967489245
CUST100332,41.0,Male,Post-Graduate,Self-Employed,2023-05-20,253763.17250503117,128108.72251111138,698.3514056293462,50,38.3642201544306,0,1,7.12,7.52,10.17,2023,5,20,Saturday,3.0,1,False,False,False,True,True,False,False,False,False,Low,0.0,Q4,1,3.672857285807163,6.1938857072463485,0.025403780287704902,-0.28024185003309093,-0.5530403069942702,0.5048357539294693,8.333333333333334,0.38364220154430595
CUST100333,52.0,Male,Graduate,Salaried,2022-09-12,437496.4124065929,100628.04767586786,519.7498590545914,40,23.333492559446604,1,3,7.2,8.56,11.89,2022,9,12,Monday,2.0,1,False,False,True,False,False,False,False,False,True,Medium,0.0,Q1,2,3.191853695997774,4.8304753968369,0.04109562150016093,-0.5662608458750593,0.34774306714008474,0.23000885223796505,6.666666666666667,0.23333492559446603
CUST100334,43.0,Female,Graduate,Self-Employed,2018-12-23,481100.06218332535,417496.9872387596,586.5364534518898,53,17.653043707328965,1,2,7.12,7.52,10.17,2018,12,23,Sunday,2.0,0,False,False,False,True,True,False,False,False,False,Medium,0.0,Q4,3,2.926009334239274,4.201552535352731,0.05361055362815078,1.1804048670288956,0.49284661575484273,0.8677965771695754,8.833333333333334,0.17653043707328966
CUST100335,53.0,Female,Graduate,Salaried,2024-05-14,635645.549648297,496607.6966322082,684.6275643080222,45,6.767008145363583,0,0,7.2,8.56,11.89,2024,5,14,Tuesday,2.0,0,False,False,True,False,True,False,False,False,False,High,0.0,Q2,2,2.049885038151211,2.6013473711451116,0.1287497040410518,1.4037756243599648,0.8992196239373572,0.7812651200137899,7.5,0.06767008145363583
CUST100336,23.0,Male,Graduate,Salaried,2015-04-30,201391.6251924261,159307.15931386256,609.9458878803588,41,40.41092490417381,1,3,4.65,3.95,7.17,2015,4,30,Thursday,2.0,1,True,False,False,False,True,False,False,False,False,Low,0.0,Q1,2,3.7235447325935773,6.356958777919974,0.024148216981727203,-0.018479554915572093,-0.9734321210112917,0.7910316983720025,6.833333333333333,0.4041092490417381
CUST100337,38.0,Female,Primary,Salaried,2018-01-03,842449.0911707316,358393.8489543511,662.5721496632759,52,3.447108598730718,0,0,7.2,8.56,11.89,2018,1,3,Wednesday,0.0,0,False,False,True,False,False,False,True,False,False,High,0.0,Q4,1,1.4922541319029046,1.8566390598957887,0.22486520798826845,0.985818754546769,1.2827029060712136,0.42541899885760415,8.666666666666666,0.03447108598730718
CUST100338,45.0,Male,Graduate,Self-Employed,2020-07-30,449930.90893702384,319400.98995098314,552.9043748840278,40,17.820534737288842,0,2,4.93,3.44,11.79,2020,7,30,Thursday,2.0,1,False,True,False,False,False,True,False,False,False,Medium,0.0,Q1,2,2.9349485469995384,4.221437520239858,0.053133453111654426,0.8401571751135921,0.39090039514177477,0.7098889709657382,6.666666666666667,0.17820534737288843
CUST100339,62.0,Other,Secondary,Salaried,2022-06-14,521746.6150247779,112228.1791483952,622.1232501489678,49,15.3607988365895,0,2,7.2,8.56,11.89,2022,6,14,Tuesday,1.0,2,False,False,True,False,False,False,False,False,True,Medium,0.0,Q3,1,2.7948881586249117,3.919285500775556,0.0611217098864138,-0.4375293432943939,0.6140594053201207,0.21510092431182415,8.166666666666666,0.153607988365895
CUST100340,51.0,Male,Graduate,Salaried,2022-06-01,352990.4950251373,33912.138555384176,663.070856396655,57,32.749890712088835,1,2,4.93,3.44,11.79,2022,6,1,Wednesday,2.0,1,False,True,False,False,False,False,False,False,True,Medium,0.0,Q4,3,3.5189771791529654,5.7227520225927,0.0296297255754316,-1.804666122669937,0.007156298991185425,0.09607096800997207,9.5,0.32749890712088836
CUST100341,23.0,Female,Post-Graduate,Unemployed,2015-05-03,207547.2735479981,24070.989515861995,573.8821987251423,41,61.88245750886176,1,1,7.2,8.56,11.89,2015,5,3,Sunday,3.0,0,False,False,True,False,False,True,False,False,False,Low,0.0,Q1,2,4.141267229877315,7.8665403773744,0.015902686370981512,-2.1785258715535925,-0.9173086188693572,0.11597834606242252,6.833333333333333,0.6188245750886177
CUST100342,60.0,Female,Post-Graduate,Salaried,2022-05-24,378372.627640818,215400.49537242795,784.9090782193537,36,48.16545109218927,0,0,7.12,7.52,10.17,2022,5,24,Tuesday,3.0,0,False,False,False,True,False,True,False,False,False,Medium,1.0,Q1,0,3.89519116325744,6.940133362709197,0.020339485915117864,0.34949787839976426,0.11932469014967853,0.5692813899236484,6.0,0.4816545109218927
CUST100343,44.0,Female,Graduate,Salaried,2023-11-28,405297.7778586754,188186.2123019895,599.0060869695418,52,24.814021334887013,1,2,4.65,3.95,7.17,2023,11,28,Tuesday,2.0,0,True,False,False,False,False,True,False,False,False,Medium,0.0,Q4,1,3.250917806897779,4.981367416170686,0.03873863692242807,0.18391844804240662,0.22849337235538067,0.46431592419835266,8.666666666666666,0.24814021334887013
CUST100344,52.0,Female,Graduate,Salaried,2023-02-16,157746.25485877518,81146.61048562209,760.2733430412725,42,4.681177526873953,0,2,4.93,3.44,11.79,2023,2,16,Thursday,2.0,0,False,True,False,False,False,True,False,False,False,Low,1.0,Q2,2,1.7371585223164476,2.163602904156387,0.17601984716542493,-0.8176951086705535,-1.4444964529856488,0.5144122791268159,7.0,0.04681177526873953
CUST100345,43.0,Male,Secondary,Salaried,2023-05-20,583016.7776792488,61782.5866298569,636.5755564202826,57,45.82452815293307,0,1,7.2,8.56,11.89,2023,5,20,Saturday,1.0,1,False,False,True,False,False,False,False,True,False,Medium,0.0,Q4,3,3.846407171460012,6.769381666956966,0.021356328391263467,-1.1316599476753402,0.7761155866072909,0.10597051233377552,9.5,0.4582452815293307
CUST100346,43.0,Male,Graduate,Self-Employed,2025-11-05,658628.4069615746,288577.57265531213,524.5219547134917,43,9.1174027087023,0,2,7.2,8.56,11.89,2025,11,5,Wednesday,2.0,1,False,False,True,False,False,False,False,False,True,High,0.0,Q2,2,2.314256981581525,3.0195037189416243,0.09883959636595943,0.7126521289499299,0.9490563773736221,0.4381492957259407,7.166666666666667,0.091174027087023
CUST100347,43.0,Male,Secondary,Salaried,2017-02-27,233795.30012651143,157684.29902004913,559.0479353123478,41,40.66455837963521,1,1,7.2,8.56,11.89,2017,2,27,Monday,1.0,1,False,False,True,False,False,False,False,True,False,Low,0.0,Q1,2,3.7296508484652695,6.376876851534394,0.02400121443477917,-0.030853389985318884,-0.6993586764558787,0.6744545289606888,6.833333333333333,0.4066455837963521
CUST100348,47.0,Male,Graduate,Salaried,2015-09-14,196113.48776144057,89065.9134984301,664.0863431145104,47,40.117366890676365,0,1,7.12,7.52,10.17,2015,9,14,Monday,2.0,1,False,False,False,True,True,False,False,False,False,Low,0.0,Q3,1,3.716430584336781,6.3338271914125,0.02432062351314516,-0.7092809230439454,-1.0232854095396222,0.45415496157394875,7.833333333333333,0.40117366890676365
CUST100349,62.0,Female,Secondary,Salaried,2020-02-04,302012.3452628808,207112.6263221916,732.6220602046739,44,32.16524781587129,0,1,7.12,7.52,10.17,2020,2,4,Tuesday,1.0,0,False,False,False,True,True,False,False,False,False,Medium,1.0,Q2,2,3.501502575160406,5.6714414231191075,0.03015204365581276,0.30125985118900744,-0.251910341383631,0.6857753650497778,7.333333333333333,0.3216524781587129
CUST100350,22.0,Male,Secondary,Self-Employed,2022-09-05,367447.9879355725,105242.67848831546,791.582170610029,44,15.14004148124089,0,2,4.93,3.44,11.79,2022,9,5,Monday,1.0,1,False,True,False,False,False,False,False,False,True,Medium,1.0,Q2,2,2.7813032329277747,3.8910206220528942,0.06195770941247402,-0.5134580327537666,0.07223224715242203,0.28641517151746787,7.333333333333333,0.1514004148124089
CUST100351,46.0,Male,Graduate,Salaried,2022-03-30,309123.88382183714,232001.68000143548,660.2574982874636,47,18.313558988356185,0,0,4.93,3.44,11.79,2022,3,30,Wednesday,2.0,1,False,True,False,False,True,False,False,False,False,Medium,0.0,Q3,1,2.9608073875031566,4.279434423887833,0.05177709611174631,0.4410875822254329,-0.21261732845951783,0.7505136035853804,7.833333333333333,0.18313558988356185
CUST100352,37.0,Other,Primary,Salaried,2025-01-02,349217.18015117507,199313.9568183277,555.8205002004335,33,46.261020739987,0,1,7.12,7.52,10.17,2025,1,2,Thursday,0.0,2,False,False,False,True,False,True,False,False,False,Medium,0.0,Q1,0,3.8556858699171195,6.801545467023432,0.02115908595164792,0.25418227092876555,-0.010376479632289586,0.570744992362762,5.5,0.46261020739987
CUST100353,60.0,Female,Graduate,Salaried,2018-07-16,413695.97312835546,111123.07372739828,672.2788064435796,49,15.495729325554205,0,0,4.93,3.44,11.79,2018,7,16,Monday,2.0,0,False,True,False,False,False,False,False,True,False,Medium,0.0,Q3,1,2.803101518650301,3.9364615234438918,0.06062175125842174,-0.449240106247551,0.26070699364553984,0.26861047954392503,8.166666666666666,0.15495729325554206
CUST100354,53.0,Female,Secondary,Salaried,2024-10-04,159378.73609178915,46120.441808083546,583.9828261311877,53,17.134536368882035,1,2,4.65,3.95,7.17,2024,10,4,Friday,1.0,0,True,False,False,False,False,True,False,False,False,Low,0.0,Q4,3,2.897818206865301,4.139388405173165,0.05514340039682241,-1.4627007702651416,-1.4240633487484067,0.28937638068306637,8.833333333333334,0.17134536368882036
CUST100355,29.0,Other,Primary,Salaried,2023-11-26,170761.41436758894,102870.83775342138,681.3753296955641,36,7.397376808154335,0,0,4.65,3.95,7.17,2023,11,26,Sunday,0.0,2,True,False,False,False,True,False,False,False,False,Low,0.0,Q1,0,2.127919372334702,2.7198119067601594,0.11908480741616152,-0.5403196628322475,-1.2884846413490263,0.6024243716556297,6.0,0.07397376808154335
CUST100356,63.0,Male,Graduate,Salaried,2022-10-09,88044.66004530259,54034.74856016672,574.6820358075561,45,37.8593506255906,1,2,7.12,7.52,10.17,2022,10,9,Sunday,2.0,1,False,False,False,True,False,False,False,True,False,Low,0.0,Q2,2,3.6599487331969733,6.152995256425166,0.025733831983838037,-1.2840987984374934,-2.6907467361994253,0.6137197705387655,7.5,0.378593506255906
CUST100357,59.0,Male,Primary,Self-Employed,2018-03-18,637638.7230152733,275780.16684772004,482.83438102641503,54,24.587359779290168,0,1,4.93,3.44,11.79,2018,3,18,Sunday,0.0,1,False,True,False,False,False,True,False,False,False,High,0.0,Q4,3,3.2420984709251104,4.958564286090296,0.039081796974198856,0.6559113450486412,0.9036300349742772,0.43250222562332413,9.0,0.2458735977929017
CUST100358,49.0,Female,Secondary,Salaried,2024-10-29,365541.9085119992,112089.89631741468,755.3484527695919,43,61.64381035499629,0,2,7.2,8.56,11.89,2024,10,29,Tuesday,1.0,0,False,False,True,False,False,False,False,False,True,Medium,1.0,Q2,2,4.137464879254549,7.851357230122464,0.015963269065740075,-0.43898877223328314,0.0638369203284801,0.3066403433020738,7.166666666666667,0.6164381035499629
CUST100359,62.0,Female,Graduate,Unemployed,2018-03-17,679227.008856956,539040.8612106156,845.3866246274578,49,50.12630108659525,0,2,4.65,3.95,7.17,2018,3,17,Saturday,2.0,0,True,False,False,False,False,True,False,False,False,High,1.0,Q3,1,3.9342990631656996,7.079993014586614,0.019559404430730253,1.510129801269706,0.9919149992937203,0.7936092855284802,8.166666666666666,0.5012630108659525
CUST100360,46.0,Male,Primary,Unemployed,2025-09-20,183021.1872626065,116294.34060902412,650.84436571443,40,7.846916498723671,0,2,7.12,7.52,10.17,2025,9,20,Saturday,0.0,1,False,False,False,True,True,False,False,False,False,Low,0.0,Q1,2,2.1800689800847923,2.801234816777,0.11303373329501508,-0.3953539634756702,-1.1545208569701948,0.6354146334006681,6.666666666666667,0.0784691649872367
CUST100361,55.0,Female,Post-Graduate,Salaried,2016-11-10,367560.93878806086,168515.07176926473,729.7361099391617,45,8.522675680317594,0,0,4.93,3.44,11.79,2016,11,10,Thursday,3.0,0,False,True,False,False,False,False,False,True,False,Medium,1.0,Q2,2,2.2536758681705225,2.919362204372317,0.10501250211291967,0.049560948489561746,0.07272803465801313,0.4584683898264612,7.5,0.08522675680317594
CUST100362,45.0,Male,Primary,Salaried,2023-06-08,412048.32027271134,202035.59676772248,800.3077367465164,50,31.69855382505912,0,0,7.12,7.52,10.17,2023,6,8,Thursday,0.0,1,False,False,False,True,False,False,False,False,True,Medium,1.0,Q4,1,3.4873308513918695,5.630146874199564,0.030582392277961605,0.27080545922298505,0.2544515981446066,0.4903201562234415,8.333333333333334,0.31698553825059117
CUST100363,44.0,Male,Secondary,Salaried,2018-04-16,258572.26864946287,68109.27350545852,707.6064521719165,31,17.91358638186469,1,3,7.2,8.56,11.89,2018,4,16,Monday,1.0,1,False,False,True,False,False,False,False,True,False,Low,1.0,Q1,0,2.939880519995565,4.232444492472959,0.052872045513211126,-1.0199773110642252,-0.5199369233752393,0.26340517434911714,5.166666666666667,0.1791358638186469
CUST100364,33.0,Female,Graduate,Self-Employed,2022-10-14,142620.61203188615,85778.04098162378,658.240129296289,44,52.24790408277718,0,3,4.65,3.95,7.17,2022,10,14,Friday,2.0,0,True,False,False,False,False,False,False,False,True,Low,0.0,Q2,2,3.974958443867065,7.228271168320761,0.018780081906049066,-0.7531454485381053,-1.647312032200034,0.6014421040518751,7.333333333333333,0.5224790408277719
CUST100365,27.0,Female,Secondary,Salaried,2024-06-28,1032530.1472344574,399582.980507532,687.0298300890591,43,21.688071442758737,0,0,7.12,7.52,10.17,2024,6,28,Friday,1.0,0,False,False,False,True,False,False,False,True,False,Very High,0.0,Q2,2,3.121839299267482,4.657045355454329,0.04407602481872323,1.124316859166073,1.5435901489382176,0.38699400843431103,7.166666666666667,0.21688071442758738
CUST100366,56.0,Female,Secondary,Salaried,2025-02-16,838667.8379725598,751879.2539646832,626.417356537069,39,13.974734112252484,1,2,7.12,7.52,10.17,2025,2,16,Sunday,1.0,0,False,False,False,True,True,False,False,False,False,High,0.0,Q1,0,2.7063643884016453,3.738279565823359,0.06677914896544236,1.9471972569540144,1.2767853370714244,0.8965161413394795,6.5,0.13974734112252485
CUST100367,40.0,Male,Secondary,Salaried,2016-08-30,288035.96706554736,139451.69525646826,652.8891502791712,41,3.836375008023042,0,1,7.12,7.52,10.17,2016,8,30,Tuesday,1.0,1,False,False,False,True,False,False,False,False,True,Low,0.0,Q1,2,1.5761654748294238,1.9586666403507877,0.20676643112684692,-0.17875650568419352,-0.33260475391148836,0.48414681220951034,6.833333333333333,0.03836375008023042
CUST100368,21.0,Female,Secondary,Self-Employed,2015-11-27,491952.0774147101,240421.15442217977,661.5890910287347,60,20.633895972965945,0,2,7.2,8.56,11.89,2015,11,27,Friday,1.0,0,False,False,True,False,False,False,True,False,False,Medium,0.0,Q4,3,3.0742613426990766,4.542454839947883,0.04622375929188231,0.4852074525933727,0.5264246445894201,0.4887084849516906,10.0,0.20633895972965946
CUST100369,28.0,Male,Post-Graduate,Self-Employed,2025-10-02,270797.2308582048,149664.60077140093,587.0699794557494,43,18.503933396885014,0,1,7.12,7.52,10.17,2025,10,2,Thursday,3.0,1,False,False,False,True,False,False,False,True,False,Low,0.0,Q2,2,2.9706161578892076,4.301619857319451,0.051271709129180616,-0.09381569766392779,-0.4391316277826569,0.5526814299285375,7.166666666666667,0.18503933396885014
CUST100370,36.0,Male,Secondary,Salaried,2020-10-04,199338.1361126768,166129.35995670632,651.6938869502302,38,34.025874358223405,0,0,7.2,8.56,11.89,2020,10,4,Sunday,1.0,1,False,False,True,False,False,False,False,True,False,Low,0.0,Q1,0,3.5560870557436965,5.833170180804209,0.028550322249563463,0.03227405351251603,-0.9926321128582418,0.8334048024949975,6.333333333333333,0.34025874358223407
CUST100371,34.0,Female,Graduate,Self-Employed,2018-05-15,352990.4950251373,803020.7647743995,679.3681482003144,46,25.732899245724,0,1,7.2,8.56,11.89,2018,5,15,Tuesday,2.0,0,False,False,True,False,False,True,False,False,False,Medium,0.0,Q3,2,3.285894988381404,5.072760515313531,0.0374070911953163,2.0346586781627334,0.007156298991185425,2.2749076139209197,7.666666666666667,0.25732899245724
CUST100372,32.0,Female,Post-Graduate,Salaried,2020-11-22,134158.69525465363,61834.28676884076,691.361351806044,38,17.88108713022948,0,1,7.2,8.56,11.89,2020,11,22,Sunday,3.0,0,False,False,True,False,False,False,False,False,True,Low,0.0,Q1,0,2.93816074010992,4.228603449157828,0.05296305202675297,-1.1307045049038567,-1.7728592599431547,0.4609040558382732,6.333333333333333,0.1788108713022948
CUST100373,43.0,Female,Graduate,Salaried,2016-06-30,305192.43217910564,205992.504807971,684.9859025943451,40,22.85018679246745,0,0,4.65,3.95,7.17,2016,6,30,Thursday,2.0,0,True,False,False,False,False,False,True,False,False,Medium,0.0,Q1,2,3.1717920492729657,4.780186899323859,0.04192839279211967,0.29460165993429016,-0.23419853695640377,0.6749594127782368,6.666666666666667,0.2285018679246745
CUST100374,35.0,Female,Post-Graduate,Self-Employed,2025-05-20,381015.1039914834,216793.17402430915,542.87798255405,36,54.750957690892186,0,0,4.65,3.95,7.17,2025,5,20,Tuesday,3.0,0,True,False,False,False,True,False,False,False,False,Medium,0.0,Q1,0,4.02089458850465,7.399389007944655,0.017936911605078418,0.3574319980899158,0.1304613390825247,0.5689883990246093,6.0,0.5475095769089219
CUST100375,48.0,Female,Secondary,Salaried,2017-03-03,975535.6143670806,481810.8345158114,748.3407154079725,35,35.15359400314956,0,0,7.12,7.52,10.17,2017,3,3,Friday,1.0,0,False,False,False,True,False,True,False,False,False,High,1.0,Q1,0,3.5877763628372765,5.929046635265197,0.027659767377840334,1.36467016930986,1.4720923486082498,0.49389363896099914,5.833333333333333,0.3515359400314956
CUST100376,54.0,Female,Post-Graduate,Salaried,2020-03-19,620296.7009930966,157463.9416249661,741.7024981963052,50,52.926922276646046,0,1,7.12,7.52,10.17,2020,3,19,Thursday,3.0,0,False,False,False,True,False,False,True,False,False,High,1.0,Q4,1,3.987629838865576,7.275089159360594,0.018543613426888757,-0.032542774528320065,0.8646683723461835,0.2538526182274804,8.333333333333334,0.5292692227664605
CUST100377,43.0,Male,Primary,Salaried,2018-10-10,132806.72240456648,62571.75588370907,642.3081273424968,41,24.561696702203577,0,1,4.65,3.95,7.17,2018,10,10,Wednesday,0.0,1,True,False,False,False,False,False,False,False,True,Low,0.0,Q1,2,3.2410950084565777,4.9559758577099196,0.0391210337737007,-1.117156881731828,-1.7938325416129939,0.4711490107639128,6.833333333333333,0.24561696702203575
CUST100378,52.0,Male,Graduate,Self-Employed,2019-08-10,361620.2313191113,107276.40257322358,686.4406956084347,54,52.89812647239621,0,0,4.93,3.44,11.79,2019,8,10,Saturday,2.0,1,False,True,False,False,False,False,True,False,False,Medium,0.0,Q4,3,3.9870957179860866,7.273109821279768,0.018553520603580675,-0.4908750834469851,0.04639097520530781,0.29665486961805976,9.0,0.5289812647239621
CUST100379,43.0,Male,Graduate,Self-Employed,2016-05-03,366823.5125067132,305150.83988889284,632.6756986313194,37,21.867731966814222,0,1,4.65,3.95,7.17,2016,5,3,Tuesday,2.0,1,True,False,False,False,False,False,False,True,False,Medium,0.0,Q1,0,3.129726832448577,4.676294683487582,0.0437297411676508,0.782717247672629,0.06948773604307779,0.8318737198813239,6.166666666666667,0.21867731966814222
CUST100380,42.0,Male,Secondary,Self-Employed,2019-12-28,315841.8835468549,116332.60413799345,710.1566130249173,46,17.606880547177408,0,2,7.2,8.56,11.89,2019,12,28,Saturday,1.0,1,False,False,True,False,False,False,False,True,False,Medium,1.0,Q3,2,2.92353143420618,4.196055355590225,0.05374355994087876,-0.39496370774812917,-0.17652014552766662,0.3683254507970777,7.666666666666667,0.1760688054717741
CUST100381,45.0,Female,Graduate,Self-Employed,2025-01-12,525384.4002043251,452782.1665098553,584.8582523093304,48,7.184698346862466,1,1,4.65,3.95,7.17,2025,1,12,Sunday,2.0,0,True,False,False,False,False,True,False,False,False,Medium,0.0,Q3,1,2.1022663557594097,2.6804287617585487,0.12217921267475197,1.28455715637028,0.6243309845679768,0.8618112116266978,8.0,0.07184698346862466
CUST100382,42.0,Female,Graduate,Salaried,2019-03-07,155520.96790539415,81873.11652063554,757.396847623274,43,31.86414570170435,0,0,7.2,8.56,11.89,2019,3,7,Thursday,2.0,0,False,False,True,False,False,False,False,False,True,Low,1.0,Q2,2,3.4923822672107705,5.6448335406550605,0.0304282974240873,-0.8073440675875001,-1.4727780000699098,0.526444232075769,7.166666666666667,0.3186414570170435
CUST100383,42.0,Male,Primary,Salaried,2023-07-19,283457.7759127137,171558.7095670482,706.1766089454366,32,5.467957116373356,0,1,7.12,7.52,10.17,2023,7,19,Wednesday,0.0,1,False,False,False,True,False,False,False,False,True,Low,1.0,Q1,0,1.86686031157126,2.3383663349384234,0.15460832253642234,0.07128418945730414,-0.3601051845482262,0.6052355029409282,5.333333333333333,0.05467957116373356
CUST100384,62.0,Male,Secondary,Salaried,2023-08-25,482767.8855608686,257968.1568533596,708.0347033255113,38,62.12211902882674,1,1,4.93,3.44,11.79,2023,8,25,Friday,1.0,1,False,True,False,False,False,False,True,False,False,Medium,1.0,Q1,0,4.145071247406727,7.881758625384739,0.015842307187807145,0.5726709655662329,0.49806822471814416,0.5343523555914622,6.333333333333333,0.6212211902882674
CUST100385,26.0,Female,Graduate,Salaried,2025-05-02,544566.5363790496,110821.73720281762,650.84436571443,46,17.054685879168822,0,3,7.12,7.52,10.17,2025,5,2,Friday,2.0,0,False,False,False,True,False,True,False,False,False,Medium,0.0,Q3,2,2.893405256581332,4.12973193793118,0.05538728320683675,-0.4524523572534127,0.6770647053360506,0.20350449357336073,7.666666666666667,0.1705468587916882
CUST100386,35.0,Male,Graduate,Salaried,2021-06-08,396190.9948166493,158736.68558723447,536.9905196053845,43,49.739590978960194,1,0,7.2,8.56,11.89,2021,6,8,Tuesday,2.0,1,False,False,True,False,False,False,False,False,True,Medium,0.0,Q2,2,3.9267064930223694,7.052630075295329,0.019708475782050795,-0.022815687114700656,0.19260777550176816,0.40065697520635274,7.166666666666667,0.49739590978960196
CUST100387,63.0,Female,Post-Graduate,Unemployed,2023-05-31,304663.9606450848,54631.39386375902,720.7147760096616,48,10.057777513028803,0,2,7.2,8.56,11.89,2023,5,31,Wednesday,3.0,0,False,False,True,False,False,False,False,True,False,Medium,1.0,Q3,1,2.4031340277123188,3.1713999295309323,0.09043408576648898,-1.2716517586120972,-0.23712592976163616,0.17931688982209915,8.0,0.10057777513028804
CUST100388,57.0,Female,Graduate,Salaried,2024-06-14,337066.40446850646,201688.14430445677,539.635093207796,45,35.55097884196379,1,1,7.2,8.56,11.89,2024,6,14,Friday,2.0,0,False,False,True,False,False,False,True,False,False,Medium,0.0,Q2,2,3.5987079667390676,5.962464158547521,0.027359048421759655,0.2686950587562027,-0.06848070042487656,0.5983632353467055,7.5,0.3555097884196379
CUST100389,53.0,Female,Post-Graduate,Salaried,2016-10-11,564809.7757927708,258400.10877826496,721.6778128179636,37,29.939135939593687,0,2,4.93,3.44,11.79,2016,10,11,Tuesday,3.0,0,False,True,False,False,True,False,False,False,False,Medium,1.0,Q1,0,3.4320219177864253,5.471666650993432,0.032321523198075866,0.5747527034699375,0.7302613091987497,0.4574993561603512,6.166666666666667,0.29939135939593686
CUST100390,28.0,Female,Graduate,Salaried,2016-10-09,369660.5645594538,267038.3475036919,588.2298226534222,50,37.20395714507417,0,0,4.65,3.95,7.17,2016,10,9,Sunday,2.0,0,True,False,False,False,False,False,False,True,False,Medium,0.0,Q4,1,3.6429391004326246,6.0995046639111745,0.02617529896713684,0.615710984566283,0.08190971885101565,0.7223879772567495,8.333333333333334,0.3720395714507417
CUST100391,64.0,Female,Secondary,Salaried,2018-10-17,193859.98927742636,53578.32299376412,523.0361076775516,38,40.79554141841523,1,1,7.12,7.52,10.17,2018,10,17,Wednesday,1.0,0,False,False,False,True,False,True,False,False,False,Low,0.0,Q1,0,3.73278966921042,6.387138750521648,0.0239259970337266,-1.2937081551869618,-1.0450824461364927,0.27637638479949583,6.333333333333333,0.4079554141841523
CUST100392,64.0,Male,Secondary,Salaried,2016-01-16,172801.95511881122,40030.06482610961,650.0799762970825,46,42.81428292436605,0,1,7.12,7.52,10.17,2016,1,16,Saturday,1.0,1,False,False,False,True,False,False,False,False,True,Low,0.0,Q3,2,3.779959858388863,6.543262406809469,0.02282360758308517,-1.6209904931619576,-1.265370266101653,0.23165284674346798,7.666666666666667,0.4281428292436605
CUST100393,25.0,Female,Graduate,Salaried,2025-03-26,148185.11484218223,62988.42213177507,744.6240440430726,36,20.868070318141417,0,1,4.65,3.95,7.17,2025,3,26,Wednesday,2.0,0,True,False,False,False,False,False,False,True,False,Low,1.0,Q1,0,3.085027596600174,4.568158307035935,0.04572877192416998,-1.1095687653507864,-1.5697076016952645,0.4250657847710143,6.0,0.20868070318141416
CUST100394,59.0,Female,Graduate,Salaried,2021-01-18,867480.6552176676,729783.9818012827,572.751700126505,43,7.88390417989135,0,2,7.12,7.52,10.17,2021,1,18,Monday,2.0,0,False,False,False,True,True,False,False,False,False,High,0.0,Q2,2,2.18424112027966,2.807829086659541,0.11256312312141913,1.907667172239336,1.3210593067237186,0.841268306574705,7.166666666666667,0.0788390417989135
CUST100395,24.0,Male,Primary,Self-Employed,2020-08-28,587996.9862059057,1111203.2373169912,777.9227699515861,55,17.593856547888006,0,0,4.93,3.44,11.79,2020,8,28,Friday,0.0,1,False,True,False,False,True,False,False,False,False,Medium,1.0,Q4,3,2.922831233036067,4.194503134804885,0.053781204422252336,2.4714582253254114,0.7883480583215271,1.8898111102356372,9.166666666666666,0.17593856547888007
CUST100396,26.0,Female,Secondary,Salaried,2023-04-10,339798.22688463103,147859.4266122361,702.539243506454,40,55.09773763789768,1,2,7.12,7.52,10.17,2023,4,10,Monday,1.0,0,False,False,False,True,False,True,False,False,False,Medium,1.0,Q1,2,4.027095484405281,7.4227850324455495,0.0178260308188335,-0.10842474267282183,-0.05519215210305578,0.435138899834335,6.666666666666667,0.5509773763789768
CUST100397,52.0,Female,Post-Graduate,Salaried,2020-02-07,275880.89422683185,141752.4964230614,662.5407617892702,44,29.58007955598983,0,1,7.2,8.56,11.89,2020,2,7,Friday,3.0,0,False,False,True,False,False,False,False,True,False,Low,0.0,Q2,2,3.420348802066853,5.438757170162116,0.0327010267638145,-0.15912201159207764,-0.40685705870659744,0.5138177358034485,7.333333333333333,0.2958007955598983
CUST100398,50.0,Female,Graduate,Salaried,2021-04-09,256694.51395872617,42963.06577435744,615.150059500871,47,33.58935899931455,0,0,4.65,3.95,7.17,2021,4,9,Friday,2.0,0,True,False,False,False,False,False,True,False,False,Low,0.0,Q3,1,3.5435460913901053,5.7956327522811995,0.02891062537527269,-1.5421281519273615,-0.5327703884725425,0.16737040894167868,7.833333333333333,0.3358935899931455
CUST100399,55.0,Female,Graduate,Salaried,2015-05-09,697977.582557757,619567.2814535645,620.7282118564152,49,7.7621418876227155,0,2,4.93,3.44,11.79,2015,5,9,Saturday,2.0,0,False,True,False,False,False,False,False,True,False,High,0.0,Q3,1,2.1704403827806473,2.786062075335493,0.11412734612442041,1.6919310069283031,1.029542996398512,0.8876607171008903,8.166666666666666,0.07762141887622716
CUST100400,60.0,Female,Graduate,Unemployed,2018-04-14,352990.4950251373,1111203.2373169912,684.4133783000713,44,38.27586951294159,0,1,4.65,3.95,7.17,2018,4,14,Saturday,2.0,0,True,False,False,False,True,False,False,False,False,Medium,0.0,Q2,2,3.670610322991249,6.1867495110875135,0.02546092581528959,2.4714582253254114,0.007156298991185425,3.1479692880621606,7.333333333333333,0.3827586951294159
CUST100401,36.0,Female,Secondary,Self-Employed,2016-02-13,352990.4950251373,82702.70777073379,449.19080621417856,54,7.77213346283877,0,1,4.93,3.44,11.79,2016,2,13,Saturday,1.0,0,False,True,False,False,False,True,False,False,False,Medium,0.0,Q4,3,2.171580045081803,2.7878546344525876,0.11399735357838339,-0.7956293788128463,0.007156298991185425,0.23429159973512692,9.0,0.0777213346283877
CUST100402,33.0,Female,Secondary,Salaried,2017-03-02,717156.4613147128,407808.6661345584,602.5203025878329,45,34.69413548287258,0,1,7.2,8.56,11.89,2017,3,2,Thursday,1.0,0,False,False,True,False,False,True,False,False,False,High,0.0,Q2,2,3.5749864031029968,5.890172788880864,0.02801580669967027,1.1503585926742033,1.066748824174974,0.5686467153721955,7.5,0.34694135482872585
CUST100403,62.0,Female,Secondary,Self-Employed,2023-03-10,368356.9608141657,69098.56938375143,585.4789338172186,48,24.54494918222685,0,0,4.65,3.95,7.17,2023,3,10,Friday,1.0,0,True,False,False,False,False,False,True,False,False,Medium,0.0,Q3,1,3.2404396134375393,4.954285940700925,0.039146681908287365,-1.0034022142154129,0.07621672387132053,0.1875858928551952,8.0,0.24544949182226852
CUST100404,50.0,Female,Primary,Salaried,2018-01-12,318871.2330273891,278269.1468913311,632.8938545262506,48,46.84543572757272,0,2,7.12,7.52,10.17,2018,1,12,Friday,0.0,0,False,False,False,True,False,True,False,False,False,Medium,0.0,Q3,1,3.867975726255756,6.844372559086239,0.02090063523914597,0.6671381575786075,-0.16055453960127777,0.872669335046067,8.0,0.4684543572757272
CUST100405,39.0,Female,Graduate,Salaried,2024-06-09,893166.7474527213,214206.3860503516,761.4902940685876,45,36.56907118497707,0,1,4.93,3.44,11.79,2024,6,9,Sunday,2.0,0,False,True,False,False,False,True,False,False,False,High,1.0,Q2,2,3.6261811370278707,6.04723665693489,0.026617639682289376,0.3426565143441407,1.3590103279995844,0.2398279903066928,7.5,0.3656907118497707
CUST100406,37.0,Female,Graduate,Salaried,2015-08-10,360014.85287032643,1111203.2373169912,552.6489327730826,63,16.69062472760504,1,1,4.65,3.95,7.17,2015,8,10,Monday,2.0,0,True,False,False,False,False,True,False,False,False,Medium,0.0,Q4,3,2.8730348228451863,4.085416102137583,0.05652711622103241,2.4714582253254114,0.039181131452776255,3.086548314486444,10.5,0.1669062472760504
CUST100407,39.0,Male,Post-Graduate,Salaried,2024-04-19,432708.1077228922,128238.9195861773,741.3982115794217,38,30.27522660411638,0,0,7.12,7.52,10.17,2024,4,19,Friday,3.0,1,False,False,False,True,False,True,False,False,False,Medium,1.0,Q1,0,3.442826301862022,5.502292849723321,0.031974188793515636,-0.2790298014762137,0.3307142457682342,0.29636357003114433,6.333333333333333,0.3027522660411638
CUST100408,48.0,Female,Post-Graduate,Salaried,2024-08-23,420401.0265179711,283370.93613587634,653.3823865274506,37,67.28195762188204,0,1,4.65,3.95,7.17,2024,8,23,Friday,3.0,0,True,False,False,False,False,True,False,False,False,Medium,0.0,Q1,0,4.2236455680173295,8.202557992594874,0.014645157151726623,0.6898582355165582,0.2858463908650011,0.6740491061188285,6.166666666666667,0.6728195762188204
CUST100409,46.0,Female,Secondary,Self-Employed,2018-12-10,136576.52783761732,98534.10485396028,517.7808685473108,39,28.730069398644265,0,1,4.65,3.95,7.17,2018,12,10,Monday,1.0,0,True,False,False,False,True,False,False,False,False,Low,0.0,Q1,0,3.392158971304095,5.360043787008112,0.033635979337660125,-0.5909758021807108,-1.736000192288795,0.7214570937922248,6.5,0.28730069398644265
CUST100410,57.0,Male,Graduate,Unemployed,2025-03-17,352990.4950251373,275070.38632882416,613.0694078747454,49,59.19302703780195,1,0,4.65,3.95,7.17,2025,3,17,Monday,2.0,1,True,False,False,False,False,False,False,True,False,Medium,0.0,Q3,1,4.097556515669125,7.6937004775206805,0.01661321998928527,0.6526923462218903,0.007156298991185425,0.7792572043879984,8.166666666666666,0.5919302703780195
CUST100411,46.0,Female,Graduate,Salaried,2021-10-28,258431.19966405863,152887.78613173863,698.7734458352218,50,13.80929951380214,0,1,4.93,3.44,11.79,2021,10,28,Thursday,2.0,0,False,True,False,False,False,False,False,False,True,Low,0.0,Q4,1,2.695255328970845,3.716086585886037,0.0675251384488516,-0.06813805196227704,-0.5208970142029391,0.5915995682041542,8.333333333333334,0.1380929951380214
CUST100412,43.0,Male,Post-Graduate,Salaried,2016-09-09,154400.95718103446,125678.5616066484,794.1451156032609,48,21.206781025539865,0,1,7.12,7.52,10.17,2016,9,9,Friday,3.0,1,False,False,False,True,False,True,False,False,False,Low,1.0,Q3,1,3.1003976938382856,4.605082086731991,0.045031290165373675,-0.30308018564239064,-1.4872039375390187,0.8139752751616095,8.0,0.21206781025539864
CUST100413,29.0,Male,Secondary,Salaried,2018-09-10,265592.3123581241,43265.35122371943,543.8101821294746,43,11.466298785837088,1,0,7.2,8.56,11.89,2018,9,10,Monday,1.0,1,False,False,True,False,False,False,False,False,True,Low,0.0,Q2,2,2.52302890615952,3.386192372833695,0.08021627085788254,-1.5342902996563297,-0.4729681007382369,0.16290136879180644,7.166666666666667,0.11466298785837088
CUST100414,32.0,Female,Graduate,Salaried,2022-01-14,264280.5951787897,96391.5405209508,449.19080621417856,48,3.8890769952978665,1,1,4.93,3.44,11.79,2022,1,14,Friday,2.0,0,False,True,False,False,False,False,False,False,True,Low,0.0,Q3,1,1.5870035321527747,1.9720742874693808,0.20453758469374955,-0.6167811206997252,-0.48162597018594777,0.3647318126241562,8.0,0.03889076995297867
CUST100415,21.0,Male,Graduate,Salaried,2021-01-22,671943.4898459698,200662.4734231656,545.235774763365,47,11.430589838489093,0,0,4.93,3.44,11.79,2021,1,22,Friday,2.0,1,False,True,False,False,True,False,False,False,False,High,0.0,Q3,1,2.5201603572116613,3.380915532587156,0.0804467055057741,0.26244521258650805,0.9769478848933204,0.29862998370467675,7.833333333333333,0.11430589838489093
CUST100416,21.0,Female,Secondary,Salaried,2022-07-18,191324.50229939824,170357.47387555847,740.4332406293205,50,27.06467384324745,0,0,4.93,3.44,11.79,2022,7,18,Monday,1.0,0,False,True,False,False,False,True,False,False,False,Low,1.0,Q4,1,3.3345116268496136,5.202371943954743,0.03563198366691893,0.06275427133599318,-1.069987816529403,0.8904111696523372,8.333333333333334,0.2706467384324745
CUST100417,54.0,Female,Secondary,Self-Employed,2022-08-22,225503.6302737991,92797.4101524957,506.5006634345264,51,12.845054365318225,1,1,7.2,8.56,11.89,2022,8,22,Monday,1.0,0,False,False,True,False,False,False,False,False,True,Low,0.0,Q4,1,2.6279280833265357,3.5839997719472896,0.07222795762398693,-0.6613054778649788,-0.764771059060065,0.4115118237334988,8.5,0.12845054365318226
CUST100418,52.0,Female,Graduate,Salaried,2025-03-19,417163.2689176383,286211.6136643233,769.7803112703509,40,11.447383658120312,0,1,7.12,7.52,10.17,2025,3,19,Wednesday,2.0,0,False,False,False,True,False,True,False,False,False,Medium,1.0,Q1,2,2.5215104528844003,3.3833982411357244,0.0803381680412517,0.7023426461173703,0.2737698914506078,0.686090159392319,6.666666666666667,0.11447383658120312
CUST100419,45.0,Male,Graduate,Salaried,2025-10-17,163492.7191585359,105907.33505119724,747.1847158209537,55,16.397660903679988,0,1,7.12,7.52,10.17,2025,10,17,Friday,2.0,1,False,False,False,True,False,False,True,False,False,Low,1.0,Q4,3,2.856335766360861,4.049402536631791,0.05747899131592328,-0.5060327333221228,-1.3737070266910234,0.6477801311048037,9.166666666666666,0.1639766090367999
CUST100420,60.0,Male,Secondary,Salaried,2024-01-23,243920.0886401696,65776.70825953603,665.2828993650206,45,32.834454417015266,0,2,7.12,7.52,10.17,2024,1,23,Tuesday,1.0,1,False,False,False,True,False,False,True,False,False,Low,0.0,Q2,2,3.521479644743048,5.730135636877653,0.029555670905013987,-1.0599721261780488,-0.6233006099727442,0.2696649899819022,7.5,0.3283445441701527
CUST100421,21.0,Female,Graduate,Salaried,2023-05-15,133427.55612698724,38853.856725215934,599.8907751722378,49,27.90608151532806,0,0,4.65,3.95,7.17,2023,5,15,Monday,2.0,0,True,False,False,False,False,False,True,False,False,Low,0.0,Q3,1,3.3640520060367907,5.282620705230318,0.0345947962358623,-1.6541524202065288,-1.7841685994237417,0.29119814416924106,8.166666666666666,0.27906081515328063
CUST100422,36.0,Other,Secondary,Salaried,2023-02-08,629075.6986164026,204466.9965233481,654.4208500653714,64,34.09674559228882,0,0,4.65,3.95,7.17,2023,2,8,Wednesday,1.0,2,True,False,False,False,False,False,False,False,True,High,0.0,Q4,3,3.5581084080048155,5.83924186793875,0.028492670278229788,0.2854788247135551,0.8845591625737544,0.32502765084242724,10.666666666666666,0.3409674559228882
CUST100423,59.0,Female,Graduate,Self-Employed,2017-11-02,302302.10007582384,129657.92170059674,698.8869881712081,50,31.773580687522408,0,1,4.65,3.95,7.17,2017,11,2,Thursday,2.0,0,True,False,False,False,False,False,True,False,False,Medium,0.0,Q4,1,3.489622723983556,5.63680589407888,0.030512381589745577,-0.2658943287048443,-0.25028691683540427,0.4289018226075034,8.333333333333334,0.31773580687522407
CUST100424,43.0,Male,Secondary,Salaried,2025-05-30,358774.4844261732,103133.33213613488,686.6781171780239,46,14.939432965882324,0,0,7.2,8.56,11.89,2025,5,30,Friday,1.0,1,False,False,True,False,True,False,False,False,False,Medium,0.0,Q3,2,2.768796099698112,3.865156266683447,0.06273748897720875,-0.5373183628573966,0.033583067390270664,0.28746005252042145,7.666666666666667,0.14939432965882324
CUST100425,42.0,Female,Post-Graduate,Self-Employed,2024-02-11,627567.29789234,72622.83213084778,789.1727498616084,39,63.45273808861553,1,4,4.65,3.95,7.17,2024,2,11,Sunday,3.0,0,True,False,False,False,True,False,False,False,False,High,1.0,Q1,0,4.165932212402338,7.965722697195499,0.015515244652990666,-0.9461149967588679,0.8811662493500504,0.11572118619747825,6.5,0.6345273808861553
CUST100426,49.0,Female,Secondary,Salaried,2024-10-25,234835.0589313839,188693.3621484725,629.1918040138803,51,35.224956936274,0,0,7.2,8.56,11.89,2024,10,25,Friday,1.0,0,False,False,True,False,False,False,False,False,True,Low,0.0,Q4,1,3.5897482994213328,5.935061662381782,0.027605277813281436,0.18720468750597677,-0.6913603938254168,0.8035144454457566,8.5,0.35224956936274
CUST100427,23.0,Female,Secondary,Salaried,2023-12-26,300381.2544050068,262078.9993732984,545.9325621101602,34,35.62444012401422,1,0,7.12,7.52,10.17,2023,12,26,Tuesday,1.0,0,False,False,False,True,False,True,False,False,False,Medium,0.0,Q1,0,3.600715780504053,5.9686212917234265,0.027304171657338498,0.5923512322119102,-0.2610853099060483,0.8724878651047074,5.666666666666667,0.3562444012401422
CUST100428,32.0,Male,Primary,Salaried,2024-09-25,192182.9766193741,71733.50862574411,531.81754342943,47,29.245578937524822,1,1,4.65,3.95,7.17,2024,9,25,Wednesday,0.0,1,True,False,False,False,False,False,False,True,False,Low,0.0,Q3,1,3.4093500229701523,5.407918170379876,0.03306268337814254,-0.9603203146961856,-1.0615094273187988,0.37325630962525436,7.833333333333333,0.29245578937524824
CUST100429,46.0,Female,Secondary,Self-Employed,2021-08-09,191932.2583005487,71169.53768477692,515.816698555268,38,5.549109273810356,1,1,4.65,3.95,7.17,2021,8,9,Monday,1.0,0,True,False,False,False,False,True,False,False,False,Low,0.0,Q1,0,1.8793290516686114,2.3556547441869227,0.15269252018728147,-0.9694147625482489,-1.063980661607108,0.37080550354037833,6.333333333333333,0.05549109273810356
CUST100430,36.0,Female,Graduate,Salaried,2015-08-13,208490.81439613237,22340.734590122327,665.7023138028485,36,8.761906006028617,0,1,4.93,3.44,11.79,2015,8,13,Thursday,2.0,0,False,True,False,False,False,True,False,False,False,Low,0.0,Q1,0,2.278487668861811,2.960051689756214,0.10243901133471624,-2.2588773328527987,-0.9088894523524356,0.10715452695040535,6.0,0.08761906006028618
CUST100431,57.0,Other,Secondary,Self-Employed,2023-05-02,269549.0793858897,173643.6653714451,631.2505039422034,40,7.0454337714226645,0,0,7.2,8.56,11.89,2023,5,2,Tuesday,1.0,2,False,False,True,False,False,True,False,False,False,Low,0.0,Q1,2,2.085104697129121,2.6543235996054935,0.12429410624844048,0.08595692799277352,-0.447171359079396,0.6442005506642994,6.666666666666667,0.07045433771422664
CUST100432,42.0,Male,Post-Graduate,Salaried,2021-02-19,352990.4950251373,218632.77498024204,650.84436571443,38,36.74034566354104,1,0,7.12,7.52,10.17,2021,2,19,Friday,3.0,1,False,False,False,True,False,True,False,False,False,Medium,0.0,Q1,0,3.6307296989747995,6.061381497937664,0.0264968426340103,0.36783910947366866,0.007156298991185425,0.6193729804670028,6.333333333333333,0.3674034566354104
CUST100433,49.0,Female,Primary,Self-Employed,2023-12-12,430705.2629694389,93586.49954499002,607.0352367355054,53,15.591013142655449,0,1,4.93,3.44,11.79,2023,12,12,Tuesday,0.0,0,False,True,False,False,False,False,False,True,False,Medium,0.0,Q4,3,2.8088611718166185,3.9485456997045696,0.060273594590134025,-0.6513929634146534,0.32352163449400473,0.21728664028800254,8.833333333333334,0.1559101314265545
CUST100434,34.0,Female,Secondary,Salaried,2024-07-03,212196.88620277075,48324.250353935575,561.1866513021859,54,48.34575933490447,1,0,4.93,3.44,11.79,2024,7,3,Wednesday,1.0,0,False,True,False,False,False,False,True,False,False,Low,0.0,Q4,3,3.89885183179019,6.9531114858676375,0.02026516591249727,-1.4102366362281633,-0.8762742500065488,0.2277330794937206,9.0,0.4834575933490447
CUST100435,48.0,Male,Secondary,Self-Employed,2025-07-10,438791.4865583888,321224.59166371904,699.1468707701962,53,26.617657537594773,0,0,7.12,7.52,10.17,2025,7,10,Thursday,1.0,1,False,False,False,True,False,True,False,False,False,Medium,0.0,Q4,3,3.3184553340150567,5.159230324146692,0.03620871895593395,0.847333158933359,0.35230890285053784,0.7320665999771501,8.833333333333334,0.26617657537594774
CUST100436,25.0,Female,Primary,Salaried,2015-02-26,352990.4950251373,287361.0924893747,452.9548880122999,35,9.343659114363453,1,3,4.93,3.44,11.79,2015,2,26,Thursday,0.0,0,False,True,False,False,True,False,False,False,False,Medium,0.0,Q1,0,2.3363736860119384,3.056739948762971,0.09667758662032627,0.7073613778239105,0.007156298991185425,0.814076006406096,5.833333333333333,0.09343659114363452
CUST100437,50.0,Female,Secondary,Salaried,2025-02-13,273568.32594953984,37174.77471605591,585.8723545797011,44,18.59546510749319,1,1,7.2,8.56,11.89,2025,2,13,Thursday,1.0,0,False,False,True,False,False,False,False,False,True,Low,0.0,Q2,2,2.9752981673991514,4.312245947008726,0.05103221559245388,-1.703165907835277,-0.4214461081596108,0.13588844610217363,7.333333333333333,0.1859546510749319
CUST100438,25.0,Male,Graduate,Salaried,2021-03-10,223499.67894543323,133661.20989195583,712.9192127974713,45,28.999843956649134,0,1,7.2,8.56,11.89,2021,3,10,Wednesday,2.0,1,False,False,True,False,False,False,False,False,True,Low,1.0,Q2,2,3.401192180203599,5.38515031885361,0.033333506715736136,-0.22955219055084503,-0.7810309141684973,0.5980375923698253,7.5,0.28999843956649135
CUST100439,32.0,Male,Graduate,Salaried,2024-03-04,381187.7897594764,132323.3101666242,577.9329258637571,47,3.563840238775401,0,1,4.65,3.95,7.17,2024,3,4,Monday,2.0,1,True,False,False,False,True,False,False,False,False,Medium,0.0,Q3,1,1.5181644267367143,1.887813613356838,0.2191137173259874,-0.24158252871447872,0.1311857654743381,0.34713417827501286,7.833333333333333,0.03563840238775401
CUST100440,36.0,Female,Graduate,Salaried,2025-06-24,320696.1954021229,126668.62314705751,681.3340335838798,58,21.013261594295184,0,1,4.93,3.44,11.79,2025,6,24,Tuesday,2.0,0,False,True,False,False,False,True,False,False,False,Medium,0.0,Q4,3,3.0916450714882218,4.584022425151865,0.045427161973087785,-0.2937260207774245,-0.15102740621252628,0.3949801243766767,9.666666666666666,0.21013261594295185
CUST100441,43.0,Male,Graduate,Self-Employed,2018-11-04,413416.60716317286,295917.46181967185,585.9792723570828,55,27.94040359613866,1,0,4.65,3.95,7.17,2018,11,4,Sunday,2.0,1,True,False,False,False,False,False,False,True,False,Medium,0.0,Q4,3,3.365238667068038,5.285868291599655,0.034553768287233694,0.7441369156423504,0.2596485556321576,0.7157851346375042,9.166666666666666,0.2794040359613866
CUST100442,46.0,Female,Graduate,Salaried,2015-04-27,929051.880487438,695625.8806134892,613.532410093577,43,44.55614534688138,0,0,4.93,3.44,11.79,2015,4,27,Monday,2.0,0,False,True,False,False,False,False,True,False,False,High,0.0,Q2,2,3.8189455289171867,6.675038977180686,0.021950935321362885,1.8442842473255523,1.4098106578886727,0.7487481541380885,7.166666666666667,0.4455614534688138
CUST100443,41.0,Male,Primary,Self-Employed,2025-11-13,377445.7878660224,158634.91674255664,695.9936412643839,51,40.74293093253522,0,0,7.2,8.56,11.89,2025,11,13,Thursday,0.0,1,False,False,True,False,False,False,False,False,True,Medium,0.0,Q4,1,3.731530117979595,6.38301895129062,0.023956152039639876,-0.023590764798930186,0.11539555878448729,0.42028530147186455,8.5,0.40742930932535215
CUST100444,59.0,Female,Graduate,Salaried,2024-08-23,246831.61518432476,211712.9927352516,547.7721346349493,47,24.412000594534103,1,2,7.2,8.56,11.89,2024,8,23,Friday,2.0,0,False,False,True,False,False,False,True,False,False,Low,0.0,Q3,1,3.2352215268000877,4.940850189444536,0.03935148656556742,0.32825485044201735,-0.6021549845613747,0.8577223488050837,7.833333333333333,0.24412000594534103
CUST100445,56.0,Male,Post-Graduate,Salaried,2022-03-31,212238.56611631563,90237.50816194215,709.6222664061077,49,23.87064796364481,0,0,7.2,8.56,11.89,2022,3,31,Thursday,3.0,1,False,False,True,False,False,False,False,True,False,Low,1.0,Q3,1,3.2136883115026444,4.885759712024815,0.0402080396723789,-0.6940175166801333,-0.8759114930478336,0.42517017436165777,8.166666666666666,0.2387064796364481
CUST100446,53.0,Female,Graduate,Salaried,2016-02-14,217222.84068554247,155850.616961475,653.6736393958213,47,34.13102167305231,0,0,4.93,3.44,11.79,2016,2,14,Sunday,2.0,0,False,True,False,False,False,False,False,False,True,Low,0.0,Q3,1,3.559084548492257,5.842176107671893,0.028464870999384072,-0.044979576816971456,-0.8331606048629551,0.7174688281840881,7.833333333333333,0.3413102167305231
CUST100447,50.0,Other,Graduate,Unemployed,2020-03-31,150593.61791587382,73354.42410996197,750.5151093903224,50,29.68895849830312,0,0,7.2,8.56,11.89,2020,3,31,Tuesday,2.0,2,False,False,True,False,False,False,True,False,False,Low,1.0,Q4,1,3.4239029318649594,5.448757518765459,0.032585009362741744,-0.9345512299379064,-1.5372360349992422,0.4871018116514073,8.333333333333334,0.2968895849830312
CUST100448,57.0,Other,Secondary,Self-Employed,2024-05-31,633899.7925468076,518546.4237238029,666.6519977317391,49,44.23871301901514,0,0,4.93,3.44,11.79,2024,5,31,Friday,1.0,2,False,True,False,False,False,False,False,True,False,High,0.0,Q3,1,3.8119532029877266,6.651218912275789,0.022104961287905584,1.459785077742864,0.8953424992898481,0.8180258612176673,8.166666666666666,0.44238713019015136
CUST100449,43.0,Female,Graduate,Unemployed,2025-07-13,94848.1725448726,78364.41330831149,564.4410703616522,44,47.5921856236539,0,1,4.65,3.95,7.17,2025,7,13,Sunday,2.0,0,True,False,False,False,False,False,True,False,False,Low,0.0,Q2,2,3.8834627283416574,6.898708982386045,0.020579440648029135,-0.858157744999402,-2.521521460177308,0.8262089949201429,7.333333333333333,0.475921856236539
CUST100450,30.0,Male,Graduate,Salaried,2022-10-30,485465.20250931085,82496.77491961367,788.2395537552989,40,52.79884629632673,0,0,4.93,3.44,11.79,2022,10,30,Sunday,2.0,1,False,True,False,False,False,True,False,False,False,Medium,1.0,Q1,2,3.9852520226316117,7.2662814627790695,0.01858775919639522,-0.798527020907959,0.5064655502387148,0.16993344629686707,6.666666666666667,0.5279884629632673
CUST100451,25.0,Female,Graduate,Self-Employed,2023-02-24,215165.2584902466,182717.18961363015,571.1245644158274,36,55.92779571916153,0,1,4.65,3.95,7.17,2023,2,24,Friday,2.0,0,True,False,False,False,False,False,False,True,False,Low,0.0,Q1,0,4.041783723069902,7.478488866018424,0.017566111376123534,0.14794124268810724,-0.8506591039585801,0.8491946650481805,6.0,0.5592779571916153
CUST100452,56.0,Male,Post-Graduate,Self-Employed,2023-09-20,266347.43210016907,202538.0113285631,631.8275132692846,36,52.601160786628085,0,2,4.93,3.44,11.79,2023,9,20,Wednesday,3.0,1,False,True,False,False,False,False,True,False,False,Low,0.0,Q1,0,3.9815707243092002,7.252665771054674,0.018656312388097958,0.27385106158739314,-0.46800814030632554,0.7604278732163325,6.0,0.5260116078662809
CUST100453,54.0,Male,Secondary,Salaried,2020-06-06,211336.60275336303,154919.99474347712,726.5927141569418,44,47.6583046603236,0,1,4.65,3.95,7.17,2020,6,6,Saturday,1.0,1,True,False,False,False,False,True,False,False,False,Low,1.0,Q2,2,3.884822496228982,6.9034994503022595,0.020551476402247294,-0.052208719314219,-0.88378153744291,0.7330485714501335,7.333333333333333,0.476583046603236
CUST100454,43.0,Male,Primary,Self-Employed,2023-11-10,862438.2195244102,224862.7164169578,499.60577802530895,47,12.616219041898365,1,1,7.2,8.56,11.89,2023,11,10,Friday,0.0,1,False,False,True,False,False,True,False,False,False,High,0.0,Q3,1,2.6112616587975657,3.551931733845453,0.07344182675990357,0.40248220007115953,1.313444542277916,0.260729071748418,7.833333333333333,0.12616219041898366
CUST100455,30.0,Female,Graduate,Unemployed,2020-08-13,365780.7397004136,272175.75375027576,765.1735184091099,44,25.58551152025951,0,0,4.65,3.95,7.17,2020,8,13,Thursday,2.0,0,True,False,False,False,False,False,False,True,False,Medium,1.0,Q2,2,3.2803663877062927,5.058212285013304,0.037614472801772096,0.6394832193675006,0.06489183933963821,0.7440953670037318,7.333333333333333,0.2558551152025951
CUST100456,39.0,Female,Post-Graduate,Self-Employed,2025-02-18,582000.8079982243,454022.4315937676,557.929256613895,51,29.34237738145235,1,1,7.2,8.56,11.89,2025,2,18,Tuesday,3.0,0,False,False,True,False,True,False,False,False,False,Medium,0.0,Q4,1,3.4125453288417376,5.416860472769476,0.032957206596846256,1.288077520223561,0.7736041444415879,0.7801061877480294,8.5,0.2934237738145235
CUST100457,52.0,Female,Secondary,Self-Employed,2015-01-23,790417.143757847,261881.21955648565,613.6000464129942,44,25.39410835464424,1,3,7.2,8.56,11.89,2015,1,23,Friday,1.0,0,False,False,True,False,False,False,False,False,True,High,0.0,Q2,2,3.273140816861813,5.0392567264076,0.037887243113633826,0.5914110476115785,1.1982239898731002,0.3313202675633208,7.333333333333333,0.2539410835464424
CUST100458,21.0,Male,Secondary,Salaried,2023-02-16,399529.6600708499,344317.88233279705,673.108632335814,46,32.86373993061806,0,1,4.65,3.95,7.17,2023,2,16,Thursday,1.0,1,True,False,False,False,False,False,False,True,False,Medium,0.0,Q3,2,3.5223448233703887,5.732690461783024,0.029530111028753952,0.9350363805795168,0.2058822003624506,0.861808062689859,7.666666666666667,0.3286373993061806
CUST100459,25.0,Male,Primary,Salaried,2017-01-14,176773.7132620093,24728.541904415066,646.663531513168,49,8.771113112916899,0,2,4.93,3.44,11.79,2017,1,14,Saturday,0.0,1,False,True,False,False,False,True,False,False,False,Low,0.0,Q3,1,2.279430391286245,2.961606508791622,0.10234248528737759,-2.149407273831222,-1.2213404731106525,0.1398881171193314,8.166666666666666,0.08771113112916899
CUST100460,24.0,Other,Secondary,Unemployed,2016-08-24,317303.6084701088,69783.75844571232,713.1340846760363,45,35.85798876104895,0,2,4.93,3.44,11.79,2016,8,24,Wednesday,1.0,2,False,True,False,False,False,True,False,False,False,Medium,1.0,Q2,2,3.6070723864841097,5.988154036182515,0.02713116026170118,-0.9920525272038958,-0.16879268313741552,0.21992740259771174,7.5,0.35857988761048953
CUST100461,36.0,Male,Graduate,Salaried,2023-04-24,232036.78447699585,122994.55738286547,521.9353943223159,43,11.164083271284085,1,1,7.12,7.52,10.17,2023,4,24,Monday,2.0,1,False,False,False,True,False,False,False,True,False,Low,0.0,Q2,2,2.4984876155072473,3.341269709449401,0.08220923662703901,-0.32879170720245054,-0.7129873823207554,0.5300649104412114,7.166666666666667,0.11164083271284085
CUST100462,44.0,Male,Graduate,Self-Employed,2025-07-05,267773.7008217228,150123.03480033693,708.1961083018174,39,36.73733695620804,0,0,4.93,3.44,11.79,2025,7,5,Saturday,2.0,1,False,True,False,False,True,False,False,False,False,Low,1.0,Q1,0,3.6306499745521577,6.061133306256186,0.02649895516370011,-0.09013203080754006,-0.45868742528529155,0.5606339768978478,6.5,0.3673733695620804
CUST100463,36.0,Male,Secondary,Self-Employed,2023-08-30,342225.6946992194,210852.11782425072,714.5793910218824,43,58.31453541016127,0,0,7.12,7.52,10.17,2023,8,30,Wednesday,1.0,1,False,False,False,True,False,False,False,False,True,Medium,1.0,Q2,2,4.082854392496389,7.636395446161838,0.01685927392139176,0.323245444687895,-0.043495356462601636,0.6161200666407227,7.166666666666667,0.5831453541016127
CUST100464,22.0,Female,Secondary,Self-Employed,2021-11-21,3643679.941941896,37957.3112557274,732.3380663396714,47,30.94310889402317,0,1,4.93,3.44,11.79,2021,11,21,Sunday,1.0,0,False,True,False,False,False,False,True,False,False,Very High,1.0,Q3,1,3.463956473492258,5.562653044548362,0.03130565666972724,-1.6800696490602174,2.8987412322613357,0.010417301151730162,7.833333333333333,0.3094310889402317
CUST100465,48.0,Female,Primary,Unemployed,2017-08-27,463826.3412526206,402737.3599921123,522.8271382426872,35,6.03599371535437,0,1,4.93,3.44,11.79,2017,8,27,Sunday,0.0,0,False,True,False,False,False,False,False,True,False,Medium,0.0,Q1,0,1.9510389336620604,2.456825943235371,0.14212633502183775,1.1343623863505548,0.4374029147475153,0.8682934196977042,5.833333333333333,0.0603599371535437
CUST100466,52.0,Male,Secondary,Salaried,2018-03-24,506045.8598453986,68655.48176575288,532.4851812936782,46,22.364241460006305,1,0,7.2,8.56,11.89,2018,3,24,Saturday,1.0,1,False,False,True,False,False,False,False,False,True,Medium,0.0,Q3,2,3.151206710827892,4.72908463235818,0.04280044792858985,-1.0107981275701536,0.5686801566135745,0.1356704741873152,7.666666666666667,0.22364241460006304
CUST100467,47.0,Male,Graduate,Salaried,2020-01-17,334206.0153522508,71670.3336697854,622.6099480273191,50,10.257716841615308,0,0,7.12,7.52,10.17,2020,1,17,Friday,2.0,1,False,False,False,True,False,False,False,False,True,Medium,0.0,Q4,1,2.4210538349770174,3.2027670601552196,0.08882795810811275,-0.9613357076731409,-0.08253929744711397,0.2144495621787219,8.333333333333334,0.10257716841615308
CUST100468,40.0,Female,Post-Graduate,Salaried,2022-04-28,461428.0198931239,51316.15484675716,541.1339374957839,41,17.990455520656234,1,2,4.93,3.44,11.79,2022,4,28,Thursday,3.0,0,False,True,False,False,False,True,False,False,False,Medium,0.0,Q1,2,2.9439365119328276,4.241515710292281,0.05265803123639048,-1.3425009406323134,0.42950164261082185,0.1112116140208456,6.833333333333333,0.17990455520656234
CUST100469,44.0,Female,Post-Graduate,Salaried,2021-03-04,260506.759245548,144187.03865131742,505.6825680468397,35,13.677186386493377,1,0,7.12,7.52,10.17,2021,3,4,Thursday,3.0,0,False,False,False,True,False,False,True,False,False,Low,0.0,Q1,0,2.6862943417712506,3.698268025237405,0.06813294957678306,-0.13866979859226125,-0.5068366264401897,0.5534867466352759,5.833333333333333,0.13677186386493376
CUST100470,43.0,Male,Primary,Salaried,2023-05-20,797205.6027708845,674287.2667887309,619.1628754223068,44,21.86416219905407,0,0,7.2,8.56,11.89,2023,5,20,Saturday,0.0,1,False,False,True,False,False,False,False,True,False,High,0.0,Q2,2,3.1295707152427403,4.675912980269636,0.043736568665584945,1.8031867401365995,1.2096333034253677,0.8458135071367779,7.333333333333333,0.2186416219905407
CUST100471,55.0,Female,Post-Graduate,Salaried,2015-03-22,257994.4177571312,163247.96287166583,668.7273089166212,53,42.93509076933288,0,1,7.2,8.56,11.89,2015,3,22,Sunday,3.0,0,False,False,True,False,False,True,False,False,False,Low,0.0,Q4,3,3.782713334937089,6.552487372695416,0.02276084975561288,0.011081510662693358,-0.5238738232711975,0.6327577328643713,8.833333333333334,0.4293509076933288
CUST100472,53.0,Male,Graduate,Self-Employed,2022-04-16,742896.4085578527,563209.0639017088,845.3866246274578,45,13.413410459561742,0,1,7.12,7.52,10.17,2022,4,16,Saturday,2.0,1,False,False,False,True,False,True,False,False,False,High,1.0,Q2,2,2.6681590551220045,3.6624323146730973,0.0693798322614623,1.567236555843702,1.1147778701405375,0.7581259747843418,7.5,0.13413410459561742
CUST100473,53.0,Male,Graduate,Unemployed,2016-04-27,149396.5927113182,22340.734590122327,693.8940123236553,52,39.843209721151766,0,2,7.2,8.56,11.89,2016,4,27,Wednesday,2.0,1,False,False,True,False,True,False,False,False,False,Low,0.0,Q4,1,3.7097405827927488,6.31214778986929,0.024483873986086917,-2.2588773328527987,-1.5532928229675826,0.14953978658195868,8.666666666666666,0.3984320972115177
CUST100474,63.0,Female,Graduate,Salaried,2022-03-24,288299.64306377486,153840.2179758258,790.1815999919855,44,51.05423996191906,0,0,4.65,3.95,7.17,2022,3,24,Thursday,2.0,0,True,False,False,False,False,False,False,False,True,Low,1.0,Q2,2,3.9522862511462047,7.145224976298441,0.019210730974682615,-0.0606478497110841,-0.3310375128233349,0.5336122387837808,7.333333333333333,0.5105423996191906
CUST100475,57.0,Male,Secondary,Salaried,2018-12-01,296977.9272002162,138881.8411020612,646.4679130901138,51,51.06979250341072,1,2,4.65,3.95,7.17,2018,12,1,Saturday,1.0,1,True,False,False,False,False,False,False,True,False,Low,0.0,Q4,1,3.9525849822122052,7.146313210559044,0.019204992989639763,-0.18366655222483053,-0.2804307551608588,0.4676503820044175,8.5,0.5106979250341072
CUST100476,32.0,Female,Secondary,Unemployed,2023-09-10,428221.1628997558,213757.0229491184,694.7652794293834,56,53.61100324745253,0,1,7.2,8.56,11.89,2023,9,10,Sunday,1.0,0,False,False,True,False,False,False,False,True,False,Medium,0.0,Q4,3,4.000235387126107,7.32195351306279,0.01831132813050175,0.3400727070932512,0.314542597936561,0.4991743553766345,9.333333333333334,0.5361100324745253
CUST100477,23.0,Male,Primary,Salaried,2024-01-25,607489.4464403504,95843.94303200924,638.308984357378,38,13.869461921656118,0,0,4.65,3.95,7.17,2024,1,25,Thursday,0.0,1,True,False,False,False,False,False,False,True,False,High,0.0,Q1,0,2.699309574320118,3.724172649281464,0.06725192917327992,-0.6234629615922732,0.8350124992058924,0.15777054826815035,6.333333333333333,0.13869461921656118
CUST100478,21.0,Male,Secondary,Salaried,2024-02-19,171161.50752119403,110835.34131326777,845.3866246274578,50,9.0297416935816,0,0,4.93,3.44,11.79,2024,2,19,Monday,1.0,1,False,True,False,False,False,True,False,False,False,Low,1.0,Q4,1,2.3055548482605253,3.0049528604591456,0.09970346500946646,-0.45230716037575625,-1.2839255080306746,0.6475482888554461,8.333333333333334,0.090297416935816
CUST100479,53.0,Other,Secondary,Salaried,2015-02-02,186318.0008373767,93639.01742535054,650.84436571443,38,31.073127014591982,1,3,7.12,7.52,10.17,2015,2,2,Monday,1.0,2,False,False,False,True,True,False,False,False,False,Low,0.0,Q1,0,3.4680185148634886,5.574327494379208,0.031178749722315515,-0.6507360275941811,-1.1203956735728156,0.5025763318869075,6.333333333333333,0.31073127014591984
CUST100480,60.0,Male,Graduate,Salaried,2020-09-13,156194.16494286276,111228.84502314388,606.0020559893447,41,33.19318612354712,0,1,4.93,3.44,11.79,2020,9,13,Sunday,2.0,1,False,True,False,False,False,False,True,False,False,Low,0.0,Q1,2,3.5320263880648075,5.761352803252646,0.029245592861302575,-0.4481145244601357,-1.4641692721326378,0.7121190798890112,6.833333333333333,0.3319318612354712
CUST100481,30.0,Female,Graduate,Salaried,2018-06-26,799794.8356474458,390485.8378932521,713.7232550124963,37,29.972600672820697,0,1,7.12,7.52,10.17,2018,6,26,Tuesday,2.0,0,False,False,False,True,False,True,False,False,False,High,1.0,Q1,0,3.4331029643962334,5.4747237987701896,0.03228660100465917,1.0949226232199547,1.2139531455036507,0.4882325072493723,6.166666666666667,0.299726006728207
CUST100482,63.0,Male,Graduate,Unemployed,2023-05-06,433030.29317397205,95052.44830134884,666.5978322911461,41,29.12184267892305,0,0,7.2,8.56,11.89,2023,5,6,Saturday,2.0,1,False,False,True,False,False,False,True,False,False,Medium,0.0,Q1,2,3.405250578979492,5.396465758153483,0.03319850019334054,-0.6331845683845263,0.33186740234593387,0.21950530898114567,6.833333333333333,0.2912184267892305
CUST100483,64.0,Male,Primary,Salaried,2023-07-19,188976.3728640189,116901.8355788048,650.84436571443,49,24.46411074842407,0,0,4.93,3.44,11.79,2023,7,19,Wednesday,0.0,1,False,True,False,False,True,False,False,False,False,Low,0.0,Q3,1,3.2372700391858564,4.946120777783744,0.03927095706893626,-0.3891722345173936,-1.0934225709744152,0.6186055632622576,8.166666666666666,0.2446411074842407
CUST100484,49.0,Male,Post-Graduate,Salaried,2015-10-07,277657.34920306393,66057.20719301037,726.8301718990525,29,9.901003623534422,0,2,7.2,8.56,11.89,2015,10,7,Wednesday,3.0,1,False,False,True,False,False,False,False,False,True,Low,1.0,Q1,0,2.3888548605500213,3.146586026717595,0.09173467274527618,-1.055092707150429,-0.3957532723733218,0.237909089684133,4.833333333333333,0.09901003623534421
CUST100485,33.0,Female,Post-Graduate,Salaried,2020-06-30,736052.581486991,587307.8744947214,646.7082268215103,36,34.981076481378174,0,3,7.2,8.56,11.89,2020,6,30,Tuesday,3.0,0,False,False,True,False,False,False,False,True,False,High,0.0,Q1,0,3.582993146956932,5.914480237635272,0.027792386937548826,1.621929867035823,1.102212506929328,0.797915650683852,6.0,0.34981076481378176
CUST100486,32.0,Male,Graduate,Salaried,2025-06-22,306547.6422172711,181014.23421516447,646.1442618042089,55,35.474891868135735,1,0,7.12,7.52,10.17,2025,6,22,Sunday,2.0,1,False,False,False,True,False,False,True,False,False,Medium,0.0,Q4,3,3.596624129857114,5.956080243594418,0.027416119658838372,0.13653171592533464,-0.22672033376774398,0.5904929912553932,9.166666666666666,0.35474891868135733
CUST100487,51.0,Female,Post-Graduate,Salaried,2021-01-08,295873.45272839954,66797.30992108742,668.4465846023113,46,9.071203454267584,0,0,7.12,7.52,10.17,2021,1,8,Friday,3.0,0,False,False,False,True,False,True,False,False,False,Low,0.0,Q3,2,2.309680208454561,3.0118438628633433,0.09929299954478218,-1.0423111526146076,-0.2867683676190859,0.22576310684556342,7.666666666666667,0.09071203454267585
CUST100488,22.0,Male,Graduate,Self-Employed,2019-08-10,226663.53583727265,197167.91100729757,511.2703448390129,47,20.16519524849324,1,2,7.12,7.52,10.17,2019,8,10,Saturday,2.0,1,False,False,False,True,False,False,True,False,False,Low,0.0,Q3,1,3.052358098994983,4.490567363762985,0.04724737892844104,0.24092351662005707,-0.7554417808361316,0.8698704459849655,7.833333333333333,0.2016519524849324
CUST100489,55.0,Other,Post-Graduate,Salaried,2019-04-24,195830.4693654877,100792.44852680025,522.5396806568451,40,16.527673974195466,0,2,4.93,3.44,11.79,2019,4,24,Wednesday,3.0,2,False,True,False,False,False,False,False,False,True,Low,0.0,Q1,2,2.863781001834661,4.0654242059341685,0.05705263581877531,-0.5643409361610552,-1.0260057268949203,0.5146923706682566,6.666666666666667,0.16527673974195467
CUST100490,43.0,Male,Primary,Salaried,2016-12-01,736742.9166734425,116640.2261096656,736.9516490069446,54,16.33374657280801,0,2,4.65,3.95,7.17,2016,12,1,Thursday,0.0,1,True,False,False,False,False,False,False,True,False,High,1.0,Q4,3,2.8526552703680554,4.041503009130144,0.057690932297852514,-0.39183060093144556,1.103486564224239,0.15831876149732402,9.0,0.1633374657280801
CUST100491,43.0,Female,Secondary,Unemployed,2024-11-17,988892.543709408,594785.5626331584,595.8430663265997,53,12.117464969484011,0,0,7.12,7.52,10.17,2024,11,17,Sunday,1.0,0,False,False,False,True,False,False,True,False,False,High,0.0,Q4,3,2.5739445460574593,3.481014933820884,0.07623424208308262,1.638472257623562,1.489307333259678,0.6014663235320538,8.833333333333334,0.12117464969484011
CUST100492,46.0,Female,Secondary,Self-Employed,2019-11-15,200562.9333108113,60682.14573234559,639.3638921432243,43,33.192633720533266,0,4,7.12,7.52,10.17,2019,11,15,Friday,1.0,0,False,False,False,True,False,False,False,False,True,Low,0.0,Q2,2,3.53201023258067,5.76130486266204,0.02924606534183071,-1.1521769380822589,-0.9811508380226549,0.3025591256102482,7.166666666666667,0.33192633720533266
CUST100493,28.0,Female,Secondary,Self-Employed,2022-08-14,841520.2845328691,625211.50229408,778.9950908898342,49,24.6190753957508,0,1,4.93,3.44,11.79,2022,8,14,Sunday,1.0,0,False,True,False,False,False,True,False,False,False,High,1.0,Q3,1,3.2433372066585298,4.9617613199095745,0.03903341492823198,1.703825201052287,1.28125241818041,0.742954761501842,8.166666666666666,0.246190753957508
CUST100494,49.0,Female,Secondary,Salaried,2017-10-15,270375.32092736044,203932.65657428655,642.9706035256332,48,20.1900137942616,1,4,7.12,7.52,10.17,2017,10,15,Sunday,1.0,0,False,False,False,True,True,False,False,False,False,Low,0.0,Q3,1,3.053530023259779,4.493329922703384,0.04719204101088442,0.2822682299876827,-0.4418441034038356,0.7542576588529524,8.0,0.201900137942616
CUST100495,46.0,Female,Graduate,Salaried,2018-06-07,498913.8912517816,440619.7368372517,633.1928948714271,35,10.271425471588485,0,0,4.93,3.44,11.79,2018,6,7,Thursday,2.0,0,False,True,False,False,False,True,False,False,False,Medium,0.0,Q1,0,2.422270803778979,3.204906468461831,0.08871992300536143,1.2495467295654281,0.547483294277455,0.8831578846837295,5.833333333333333,0.10271425471588484
CUST100496,30.0,Female,Graduate,Salaried,2016-10-26,844186.1303790915,423355.6509185053,650.84436571443,43,28.50161098274942,0,1,7.2,8.56,11.89,2016,10,26,Wednesday,2.0,0,False,False,True,False,False,False,False,True,False,High,0.0,Q2,2,3.384444871439451,5.338690006242113,0.0338964540134684,1.1982577722187269,1.2854102423744889,0.501495624819603,7.166666666666667,0.2850161098274942
CUST100497,46.0,Male,Graduate,Salaried,2023-02-18,332021.1805090879,154046.3742812563,650.84436571443,43,12.459589185400327,0,1,7.12,7.52,10.17,2023,2,18,Saturday,2.0,1,False,False,False,True,False,True,False,False,False,Medium,0.0,Q2,2,2.5996918026066957,3.5298143273266267,0.07429647266535476,-0.059032317237378576,-0.09337902325308277,0.4639655037821897,7.166666666666667,0.12459589185400327
CUST100498,54.0,Male,Secondary,Salaried,2018-08-04,297519.44043699966,209090.85645599317,746.2343383425632,53,31.19316405710896,0,3,7.12,7.52,10.17,2018,8,4,Saturday,1.0,1,False,False,False,True,False,True,False,False,False,Low,1.0,Q4,3,3.471754133649224,5.58508406893835,0.031062495075850675,0.3129365223562003,-0.27733420910779977,0.7027804843571847,8.833333333333334,0.3119316405710896
CUST100499,61.0,Female,Post-Graduate,Salaried,2018-11-19,585750.1299796202,120650.77633457728,720.0446335549184,43,30.591500230097463,0,1,7.2,8.56,11.89,2018,11,19,Monday,3.0,0,False,False,True,False,False,True,False,False,False,Medium,1.0,Q2,2,3.452888104351035,5.530958346443902,0.03165408393765651,-0.3516792038102007,0.7828453454623775,0.20597652507354125,7.166666666666667,0.3059150023009746
CUST100500,27.0,Female,Graduate,Self-Employed,2021-11-05,186097.92595458328,100033.66682688688,796.426655624667,46,27.48679596250629,0,3,7.2,8.56,11.89,2021,11,5,Friday,2.0,0,False,False,True,False,False,True,False,False,False,Low,1.0,Q3,2,3.34944068035702,5.242785134115863,0.035103982958145895,-0.5732268489929782,-1.1226501401631082,0.5375324110344993,7.666666666666667,0.2748679596250629
CUST100501,24.0,Female,Secondary,Self-Employed,2022-04-21,720886.3868775582,387114.6057268489,594.7725565378241,46,20.033819004683,1,3,7.2,8.56,11.89,2022,4,21,Thursday,1.0,0,False,False,True,False,False,False,False,True,False,High,0.0,Q3,2,3.0461315711679267,4.4759154376153045,0.04754248383412249,1.0838659170471003,1.0738406515079513,0.5369980801046808,7.666666666666667,0.20033819004683
CUST100502,31.0,Female,Graduate,Unemployed,2017-11-22,394622.7938966415,67708.78635133801,845.3866246274578,49,49.49933210969483,0,0,7.12,7.52,10.17,2017,11,22,Wednesday,2.0,0,False,False,False,True,False,False,False,False,True,Medium,1.0,Q3,1,3.9219601106432584,7.035576174677866,0.019802242093574552,-1.026751690919086,0.1863244356201174,0.17157849824830976,8.166666666666666,0.4949933210969483
CUST100503,49.0,Male,Secondary,Salaried,2020-04-22,2951414.043083949,111249.51893694654,694.3273685603141,34,31.23145926101682,1,2,4.65,3.95,7.17,2020,4,22,Wednesday,1.0,1,True,False,False,False,False,False,True,False,False,Very High,0.0,Q1,0,3.4729429712844584,5.58851136359378,0.031025588754818683,-0.4478946373451123,2.700574777082258,0.037693633395028944,5.666666666666667,0.3123145926101682
CUST100504,56.0,Male,Secondary,Self-Employed,2018-10-18,352990.4950251373,197284.36428388173,543.9706893059982,45,6.416091482943746,0,1,4.65,3.95,7.17,2018,10,18,Thursday,1.0,1,True,False,False,False,True,False,False,False,False,Medium,0.0,Q2,2,2.0036521640752434,2.5330004901191288,0.13484191805075463,0.24164646461802164,0.007156298991185425,0.5588942678749257,7.5,0.06416091482943746
CUST100505,45.0,Female,Post-Graduate,Salaried,2018-02-08,157932.41903847666,123964.77197598384,449.19080621417856,52,40.147881724556655,1,0,4.65,3.95,7.17,2018,2,8,Thursday,3.0,0,True,False,False,False,False,False,True,False,False,Low,0.0,Q4,1,3.717172448873592,6.336235611509144,0.024302587595978475,-0.3194371616377301,-1.4421530246078276,0.7849228975957281,8.666666666666666,0.40147881724556655
CUST100506,41.0,Male,Secondary,Salaried,2018-02-18,262576.2250556136,47103.58365591635,586.1578494323736,54,71.67022306044942,0,1,7.12,7.52,10.17,2018,2,18,Sunday,1.0,1,False,False,False,True,False,False,True,False,False,Low,0.0,Q4,3,4.285931714122243,8.465826779497052,0.013760794420132274,-1.439011091039925,-0.4929558680787448,0.17939013193574482,9.0,0.7167022306044941
CUST100507,56.0,Male,Graduate,Salaried,2020-08-25,309148.59887869115,53351.846920293065,673.3878245876602,39,52.66668888212707,0,1,7.2,8.56,11.89,2020,8,25,Tuesday,2.0,1,False,False,True,False,True,False,False,False,False,Medium,0.0,Q1,0,3.9827924902689458,7.2571818829437555,0.018633532659270056,-1.2985048733149092,-0.21248274215621335,0.1725767061982647,6.5,0.5266668888212707
CUST100508,30.0,Female,Post-Graduate,Salaried,2017-01-08,191611.2542351412,59429.45328770572,684.9878346086246,41,26.48595129087602,0,2,7.12,7.52,10.17,2017,1,8,Sunday,3.0,0,False,False,False,True,False,False,False,True,False,Low,0.0,Q1,2,3.313675011988036,5.146450358341759,0.03638222266412699,-1.1759626899882805,-1.0671505563066133,0.3101563816015482,6.833333333333333,0.2648595129087602
CUST100509,57.0,Male,Graduate,Salaried,2019-03-27,352470.078633553,281910.098146851,645.2735147771948,48,24.796554186684837,0,1,7.2,8.56,11.89,2019,3,27,Wednesday,2.0,1,False,False,True,False,True,False,False,False,False,Medium,0.0,Q3,1,3.2502409243521937,4.9796138591947905,0.03876486730604355,0.683392156895294,0.004752097609214239,0.7998128500431948,8.0,0.24796554186684838
CUST100510,29.0,Female,Primary,Self-Employed,2022-07-25,481061.42840494926,97714.19220093323,645.9896507261574,41,20.66092022539372,0,0,7.12,7.52,10.17,2022,7,25,Monday,0.0,0,False,False,False,True,False,False,False,True,False,Medium,0.0,Q1,2,3.0755097256839425,4.545428497445947,0.04616609034124373,-0.6007880419189052,0.49272539410616406,0.20312206805879915,6.833333333333333,0.2066092022539372
CUST100511,44.0,Male,Secondary,Salaried,2022-07-24,352990.4950251373,215421.25841760845,650.84436571443,48,33.179959098570606,0,2,7.12,7.52,10.17,2022,7,24,Sunday,1.0,1,False,False,False,True,False,False,True,False,False,Medium,0.0,Q3,1,3.531639481038707,5.760204779221882,0.029256910375934874,0.3496165196312429,0.007156298991185425,0.6102749548603789,8.0,0.33179959098570605
CUST100512,55.0,Female,Primary,Self-Employed,2020-11-15,539088.7515111009,97538.6732095699,732.4973706990686,42,34.177848925108584,0,1,7.2,8.56,11.89,2020,11,15,Sunday,0.0,0,False,False,True,False,False,False,False,True,False,Medium,1.0,Q2,2,3.5604165926164715,5.846182423180839,0.028426979777215394,-0.602898607168734,0.6622447711739111,0.1809324956904826,7.0,0.34177848925108584
CUST100513,55.0,Male,Graduate,Salaried,2020-12-03,223176.007451011,133573.13537792646,535.0968241373542,39,14.062012586674102,0,0,4.65,3.95,7.17,2020,12,3,Thursday,2.0,1,True,False,False,False,False,False,False,False,True,Low,0.0,Q1,0,2.7121758513363665,3.749935010993404,0.06639218990460381,-0.23034066411451545,-0.7836741980721996,0.5985102829982604,6.5,0.14062012586674102
CUST100514,56.0,Male,Graduate,Salaried,2023-04-01,661344.166308814,254520.84149950696,671.4631886027422,41,42.34563166054032,0,1,7.2,8.56,11.89,2023,4,1,Saturday,2.0,1,False,False,True,False,True,False,False,False,False,High,0.0,Q1,2,3.7692059290726587,6.507352123601452,0.02307037553014482,0.5559386316812115,0.954801904032506,0.3848538392953159,6.833333333333333,0.4234563166054032
CUST100515,38.0,Male,Secondary,Salaried,2019-02-03,389682.98300577374,284909.37543933385,584.1798979309567,50,55.21672775174344,1,2,4.93,3.44,11.79,2019,2,3,Sunday,1.0,1,False,True,False,False,False,False,False,False,True,Medium,0.0,Q4,1,4.029214359439791,7.430795902979939,0.017788299675072908,0.6966340066692084,0.16632673189209993,0.7311311703726936,8.333333333333334,0.5521672775174344
CUST100516,59.0,Male,Post-Graduate,Salaried,2019-01-02,3643679.941941896,262686.1436949656,577.4767147954053,38,6.341649908247701,0,0,4.93,3.44,11.79,2019,1,2,Wednesday,3.0,1,False,True,False,False,False,False,True,False,False,Very High,0.0,Q1,0,1.9935636005064932,2.5182632722270526,0.13620916449265547,0.59523324891349,2.8987412322613357,0.07209363826696788,6.333333333333333,0.06341649908247701
CUST100517,52.0,Male,Graduate,Salaried,2024-03-06,1541906.7954516704,942662.3950663815,650.84436571443,44,11.09001296766186,0,0,7.2,8.56,11.89,2024,3,6,Wednesday,2.0,1,False,False,True,False,True,False,False,False,False,Very High,0.0,Q2,2,2.4923797372201593,3.3301671080685815,0.08271289722143238,2.249198239044486,2.0210156239700328,0.6113614635119677,7.333333333333333,0.1109001296766186
CUST100518,44.0,Male,Secondary,Salaried,2015-12-15,273171.16196713346,78822.45365707623,571.3389538464046,49,52.790769577122,1,0,7.12,7.52,10.17,2015,12,15,Tuesday,1.0,1,False,False,False,True,False,False,True,False,False,Low,0.0,Q3,1,3.9851018832495844,7.265725674502307,0.018590550160585816,-0.8514043229005025,-0.42396712262283165,0.28854602766070797,8.166666666666666,0.52790769577122
CUST100519,43.0,Female,Graduate,Salaried,2015-08-20,280004.7017176418,187863.0579322013,638.838541288011,35,32.143669022329455,0,0,4.93,3.44,11.79,2015,8,20,Thursday,2.0,0,False,True,False,False,False,False,False,False,True,Low,0.0,Q1,0,3.500851718674354,5.669538695725557,0.03017167469679603,0.1818201202951664,-0.38121615003400167,0.6709282264897231,5.833333333333333,0.3214366902232946
CUST100520,52.0,Male,Graduate,Salaried,2020-06-19,312467.1825583513,249643.2893936872,806.6798721503196,45,8.914573526892307,0,1,4.93,3.44,11.79,2020,6,19,Friday,2.0,1,False,True,False,False,False,False,True,False,False,Medium,1.0,Q2,2,2.2940057481260827,2.985728307614795,0.10086162529206105,0.5318966242217611,-0.1945321742058743,0.7989424276485991,7.5,0.08914573526892307
CUST100521,57.0,Female,Primary,Salaried,2023-09-18,517839.8741058189,104314.4095675361,717.0461574465339,50,25.66465000014785,0,1,7.12,7.52,10.17,2023,9,18,Monday,0.0,0,False,False,False,True,True,False,False,False,False,Medium,1.0,Q4,1,3.2833387181516023,5.066029016907409,0.03750283615177605,-0.5239024375456703,0.6029285144191937,0.20144143930140804,8.333333333333334,0.25664650000147854
CUST100522,32.0,Female,Secondary,Unemployed,2024-05-16,802576.1193695832,636664.8157892711,613.6023749631697,43,21.02605904083433,0,2,7.12,7.52,10.17,2024,5,16,Thursday,1.0,0,False,False,False,True,True,False,False,False,False,High,0.0,Q2,2,3.0922262542455763,4.5854180878993285,0.04540076816039084,1.7276538987125458,1.2185740244588479,0.7932765508764028,7.166666666666667,0.2102605904083433
CUST100523,33.0,Female,Post-Graduate,Salaried,2025-12-15,244828.9076607609,140742.39568824475,620.2101553275295,39,29.99370148909594,1,1,4.65,3.95,7.17,2025,12,15,Monday,3.0,0,True,False,False,False,False,False,True,False,False,Low,0.0,Q1,0,3.433784006070648,5.476650572119417,0.03226461996969982,-0.16770479953499795,-0.6166664707494832,0.5748602035314384,6.5,0.2999370148909594
CUST100524,43.0,Male,Graduate,Self-Employed,2023-06-11,455315.8167428998,91831.91524685793,551.8237681073366,46,32.85306214408054,0,0,7.12,7.52,10.17,2023,6,11,Sunday,2.0,1,False,False,False,True,True,False,False,False,False,Medium,0.0,Q3,2,3.522029457425782,5.731759079382222,0.02953942528873588,-0.6735423591849041,0.4091313279135407,0.20168839269361918,7.666666666666667,0.3285306214408054
CUST100525,45.0,Female,Graduate,Self-Employed,2023-04-20,333848.8504898342,147572.3706074881,754.0516193812841,39,66.65301532772884,0,3,7.2,8.56,11.89,2023,4,20,Thursday,2.0,0,False,False,True,False,True,False,False,False,False,Medium,1.0,Q1,0,4.214391926095445,8.164129796109862,0.01478130716207902,-0.11076328912099737,-0.0843052667557826,0.4420334842877697,6.5,0.6665301532772884
CUST100526,55.0,Male,Graduate,Unemployed,2024-09-29,3643679.941941896,120026.74097327658,730.9081446336854,38,0.2503362654112677,0,4,7.2,8.56,11.89,2024,9,29,Sunday,2.0,1,False,False,True,False,False,False,True,False,False,Very High,1.0,Q1,0,0.22341252746589527,0.500336152412823,0.7997848480153251,-0.35784349501223384,2.8987412322613357,0.03294107684697148,6.333333333333333,0.002503362654112677
CUST100527,61.0,Male,Primary,Self-Employed,2019-04-06,895981.1161814397,591596.8981637311,704.9281819095825,48,16.136076154500113,0,0,4.65,3.95,7.17,2019,4,6,Saturday,0.0,1,True,False,False,False,False,False,False,False,True,High,1.0,Q3,1,2.841185957819007,4.01697350682079,0.058356416660612795,1.6314422363118566,1.3630857293308927,0.6602783110932556,8.0,0.16136076154500112
CUST100528,50.0,Other,Secondary,Salaried,2022-05-10,313577.8888691893,221729.2029036236,713.746635584731,46,4.941206931613999,0,1,4.93,3.44,11.79,2022,5,10,Tuesday,1.0,2,False,True,False,False,True,False,False,False,False,Medium,1.0,Q3,2,1.7819122998752461,2.222882572610168,0.16831596870980192,0.3851719287614817,-0.18857725821691335,0.7070945075343598,7.666666666666667,0.049412069316139985
CUST100529,37.0,Male,Graduate,Self-Employed,2021-05-21,132996.67408290502,24556.13566895202,650.84436571443,67,44.94623132127423,0,0,4.93,3.44,11.79,2021,5,21,Friday,2.0,1,False,True,False,False,True,False,False,False,False,Low,0.0,Q4,3,3.8274718284908804,6.70419505394005,0.021764570700208343,-2.1569709263612906,-1.7908697708494923,0.18463721621823917,11.166666666666666,0.4494623132127423
CUST100530,40.0,Female,Secondary,Self-Employed,2020-05-24,565995.2733213931,1111203.2373169912,526.167004581132,43,33.09891124631052,0,1,7.12,7.52,10.17,2020,5,24,Sunday,1.0,0,False,False,False,True,True,False,False,False,False,Medium,0.0,Q2,2,3.529265455519065,5.753165324089907,0.02932644953900689,2.4714582253254114,0.7333027522907881,1.9632729983700923,7.166666666666667,0.3309891124631052
CUST100531,45.0,Female,Primary,Salaried,2019-07-15,219778.80084750653,165207.73444771775,694.8432340243047,44,9.854231188526985,0,1,7.2,8.56,11.89,2019,7,15,Monday,0.0,0,False,False,True,False,True,False,False,False,False,Low,0.0,Q2,2,2.3845549752602366,3.139144977303053,0.09212997057378035,0.025533381570853345,-0.811709276901384,0.7517000448207336,7.333333333333333,0.09854231188526985
CUST100532,42.0,Female,Post-Graduate,Salaried,2022-05-07,332412.03836928896,282194.69574729697,721.0846298897116,50,69.53324796391607,0,2,4.93,3.44,11.79,2022,5,7,Saturday,3.0,0,False,True,False,False,False,False,True,False,False,Medium,1.0,Q4,1,4.256084200973848,8.338659842199828,0.014177710921686005,0.6846543325402001,-0.09143332189940197,0.8489304332407972,8.333333333333334,0.6953324796391607
CUST100533,33.0,Female,Post-Graduate,Salaried,2020-04-26,580832.9669288334,296697.7815813534,778.563734650157,44,75.23955978750004,1,2,4.65,3.95,7.17,2020,4,26,Sunday,3.0,0,True,False,False,False,False,False,False,False,True,Medium,1.0,Q2,2,4.333880485293339,8.674074001730677,0.013116550027141636,0.7474408384431821,0.7707105211714751,0.510814293393416,7.333333333333333,0.7523955978750004
CUST100534,39.0,Male,Graduate,Self-Employed,2016-06-28,432975.7116042722,372455.8296131507,633.9287834981257,46,30.8787809336362,0,0,4.65,3.95,7.17,2016,6,28,Tuesday,2.0,1,True,False,False,False,False,False,False,False,True,Medium,0.0,Q3,2,3.4619406139699294,5.556867906801115,0.03136882812682689,1.034711766822938,0.3316721208772605,0.8602233788891258,7.666666666666667,0.308787809336362
CUST100535,56.0,Male,Post-Graduate,Self-Employed,2016-01-27,340771.6843534619,180115.27463684473,622.2598977135744,38,45.24351263932196,1,1,7.2,8.56,11.89,2016,1,27,Wednesday,3.0,1,False,False,True,False,False,False,False,True,False,Medium,0.0,Q1,0,3.8339211868621588,6.7263298045309945,0.021624654852660914,0.1304680720017339,-0.05048905820722434,0.5285511763648238,6.333333333333333,0.45243512639321964
CUST100536,32.0,Female,Secondary,Salaried,2018-04-08,256394.09479046904,106493.90150940746,630.8591836264435,31,60.14934406678908,0,1,4.65,3.95,7.17,2018,4,8,Sunday,1.0,0,True,False,False,False,True,False,False,False,False,Low,0.0,Q1,0,4.113319135449143,7.755600819200862,0.016353405179747656,-0.49951613068420336,-0.5348344540821192,0.41535239567992643,5.166666666666667,0.6014934406678908
CUST100537,61.0,Male,Post-Graduate,Salaried,2020-10-25,88044.66004530259,49501.47406230695,650.84436571443,44,9.5094518315086,0,1,4.65,3.95,7.17,2020,10,25,Sunday,3.0,1,True,False,False,False,True,False,False,False,False,Low,0.0,Q2,2,2.3522750266788437,3.083739909834907,0.09515244144341381,-1.3831263829806797,-2.6907467361994253,0.5622314179739738,7.333333333333333,0.09509451831508599
CUST100538,39.0,Male,Secondary,Salaried,2020-06-11,550725.8913302997,272271.2632349965,627.4328573859802,50,14.873109494644057,0,1,7.2,8.56,11.89,2020,6,11,Thursday,1.0,1,False,False,True,False,False,False,False,True,False,Medium,0.0,Q4,1,2.764626450735786,3.8565670608254767,0.06299962841794939,0.6399211620479259,0.6935082336215204,0.4943861683664713,8.333333333333334,0.14873109494644057
CUST100539,32.0,Male,Post-Graduate,Salaried,2015-10-24,311211.7975598628,148610.48262462416,645.8208730589328,51,20.56908132687936,1,2,7.12,7.52,10.17,2015,10,24,Saturday,3.0,1,False,False,False,True,False,False,False,False,True,Medium,0.0,Q4,1,3.0712608691778622,4.535314909339743,0.04636266073853602,-0.10232628233536796,-0.20129461525726286,0.4775220084516184,8.5,0.2056908132687936
CUST100540,43.0,Male,Post-Graduate,Unemployed,2021-07-05,898068.6275389461,442074.2742974855,716.4842312991163,42,52.98108133492543,1,2,7.12,7.52,10.17,2021,7,5,Monday,3.0,1,False,False,False,True,False,True,False,False,False,High,1.0,Q2,2,3.9886336395293704,7.278810434056202,0.018525008674715192,1.253781219862027,1.3660982967296074,0.4922499915278627,7.0,0.5298108133492543
CUST100541,27.0,Male,Graduate,Salaried,2017-12-22,459924.1290330974,357557.89647389564,599.9331075813011,55,30.388307085781328,0,2,4.65,3.95,7.17,2017,12,22,Friday,2.0,1,True,False,False,False,False,True,False,False,False,Medium,0.0,Q4,3,3.4464354377582542,5.512559032407846,0.03185899759636902,0.9828556827037078,0.4245209102283969,0.7774280014957963,9.166666666666666,0.3038830708578133
CUST100542,48.0,Male,Post-Graduate,Salaried,2015-09-27,261797.0270216198,200419.560517934,761.2923188337411,42,22.032648772122805,0,2,7.12,7.52,10.17,2015,9,27,Sunday,3.0,1,False,False,False,True,False,False,False,False,True,Low,1.0,Q2,2,3.1369127212060874,4.693894840334922,0.043416630448962254,0.26096064332857677,-0.4981662110369418,0.7655532333504417,7.0,0.22032648772122804
CUST100543,34.0,Female,Graduate,Salaried,2021-03-13,687022.3153735425,290484.0231419848,700.6471205861261,44,28.789158806241005,0,1,7.12,7.52,10.17,2021,3,13,Saturday,2.0,0,False,False,False,True,True,False,False,False,False,High,1.0,Q2,2,3.394144528872361,5.3655529823347194,0.03356925942435454,0.7209016873963561,1.007713740816709,0.4228159939521689,7.333333333333333,0.28789158806241005
CUST100544,51.0,Female,Secondary,Self-Employed,2023-12-06,722648.0876523366,264951.61384541495,501.3903496527748,41,51.62212803400924,1,4,4.65,3.95,7.17,2023,12,6,Wednesday,1.0,0,True,False,False,False,False,True,False,False,False,High,0.0,Q1,2,3.9631367163377247,7.184854071865987,0.01900341239247695,0.6059320759657747,1.0771743443329742,0.36663988789641994,6.833333333333333,0.5162212803400924
CUST100545,39.0,Female,Graduate,Salaried,2018-01-03,317610.4501753268,156754.22995267416,608.7716642777308,44,28.64555885906963,1,3,7.12,7.52,10.17,2018,1,3,Wednesday,2.0,0,False,False,False,True,False,False,True,False,False,Medium,0.0,Q2,2,3.389312328695913,5.3521545996981095,0.0337318653614811,-0.03799897364816329,-0.16717618771905995,0.4935424192313035,7.333333333333333,0.2864555885906963
CUST100546,36.0,Male,Graduate,Self-Employed,2019-09-06,741319.4510028455,413817.8670745531,488.0525201435113,58,31.19164320862599,1,0,4.65,3.95,7.17,2019,9,6,Friday,2.0,1,True,False,False,False,False,False,True,False,False,High,0.0,Q4,3,3.471706891184803,5.5849479145848795,0.031063962579333092,1.169072821377844,1.1118953830969003,0.5582180077896872,9.666666666666666,0.3119164320862599
CUST100547,25.0,Male,Primary,Salaried,2016-05-24,259578.68848227372,75451.67728929849,634.2656481370559,55,41.40224817015135,1,0,4.93,3.44,11.79,2016,5,24,Tuesday,0.0,1,False,True,False,False,False,False,False,True,False,Low,0.0,Q4,3,3.747201383713177,6.434457876942808,0.023583655187036527,-0.9019924967911134,-0.5131062981442922,0.2906697685023976,9.166666666666666,0.4140224817015135
CUST100548,55.0,Male,Graduate,Salaried,2022-03-11,398629.8861090666,293058.36860761885,610.1351116703571,42,9.678195225828292,0,2,7.2,8.56,11.89,2022,3,11,Friday,2.0,1,False,False,True,False,False,False,False,False,True,Medium,0.0,Q2,2,2.3682038329065818,3.1109797855062142,0.09364878416731058,0.7319609417101204,0.20231837713623546,0.7351640677724726,7.0,0.09678195225828291
CUST100549,32.0,Female,Post-Graduate,Salaried,2018-01-21,352990.4950251373,249654.43320984172,716.7883807360151,43,9.84562964833561,0,3,7.2,8.56,11.89,2018,1,21,Sunday,3.0,0,False,False,True,False,False,False,False,False,True,Medium,1.0,Q2,2,2.383762201453387,3.1377746331334264,0.09220303776032605,0.531952054957483,0.007156298991185425,0.7072553984550298,7.166666666666667,0.0984562964833561
CUST100550,45.0,Female,Secondary,Salaried,2017-12-12,580049.6314972301,213015.3609611532,579.5185320835733,54,45.3811822192364,0,1,7.12,7.52,10.17,2017,12,12,Tuesday,1.0,0,False,False,False,True,False,True,False,False,False,Medium,0.0,Q4,3,3.8368938213523824,6.736555664376002,0.02156046810693959,0.3357970105899767,0.7687655414730867,0.36723643873596773,9.0,0.453811822192364
CUST100551,41.0,Male,Graduate,Salaried,2016-05-10,525924.5861851777,97536.287834899,681.0188001547592,52,58.31056179945151,1,1,7.12,7.52,10.17,2016,5,10,Tuesday,2.0,1,False,False,False,True,True,False,False,False,False,Medium,0.0,Q4,1,4.0827873980608995,7.636135265921598,0.01686040343676609,-0.6029273151965956,0.6258486824445035,0.1854567943711925,8.666666666666666,0.5831056179945151
CUST100552,56.0,Female,Post-Graduate,Unemployed,2023-03-15,296678.9010434216,86356.14587080764,695.5078087574747,42,22.02743452819188,0,2,7.12,7.52,10.17,2023,3,15,Wednesday,3.0,0,False,False,False,True,False,False,False,False,True,Low,0.0,Q2,2,3.136686310675338,4.6933393791832145,0.04342646154419531,-0.7453194924994367,-0.28214370050591664,0.29107612832288554,7.0,0.2202743452819188
CUST100553,43.0,Male,Post-Graduate,Self-Employed,2015-04-04,698170.4742781977,600025.1161544105,670.5755881782411,39,37.90052574327349,0,0,7.2,8.56,11.89,2015,4,4,Saturday,3.0,1,False,False,True,False,False,True,False,False,False,High,0.0,Q1,0,3.661007765784317,6.156340288131699,0.025706593442966916,1.6499472738118652,1.0299235156452258,0.859424937404787,6.5,0.3790052574327349
CUST100554,36.0,Female,Post-Graduate,Unemployed,2016-09-16,336160.36643386923,115665.97465947556,741.2098865418022,46,35.10762511176716,0,2,4.93,3.44,11.79,2016,9,16,Friday,3.0,0,False,True,False,False,False,True,False,False,False,Medium,1.0,Q3,2,3.5865040649672317,5.9251687833991,0.027694981237470218,-0.4017800949545445,-0.07291766637523613,0.34407974945562125,7.666666666666667,0.35107625111767166
CUST100555,59.0,Female,Graduate,Salaried,2015-08-17,257450.7149809887,60523.4273210788,815.46310806735,51,14.832566617543478,0,0,4.93,3.44,11.79,2015,8,17,Monday,2.0,0,False,True,False,False,False,False,False,False,True,Low,1.0,Q4,1,2.76206899704485,3.8513071310327196,0.06316095325264176,-1.1551649589336435,-0.5275881218036701,0.2350874314936283,8.5,0.14832566617543477
CUST100556,62.0,Female,Post-Graduate,Unemployed,2021-04-16,259729.8209753324,121693.35146133964,658.9553554159254,41,33.28909353794872,0,0,7.2,8.56,11.89,2021,4,16,Friday,3.0,0,False,False,True,False,False,True,False,False,False,Low,0.0,Q1,2,3.5348273309533145,5.7696701411734725,0.029163792238872437,-0.34144709260455675,-0.5120834049756624,0.4685382333239946,6.833333333333333,0.3328909353794872
CUST100557,43.0,Female,Graduate,Salaried,2018-11-15,1160072.4695554029,401002.4764036358,682.4143613512294,54,42.35013059367476,0,1,4.93,3.44,11.79,2018,11,15,Thursday,2.0,0,False,True,False,False,False,False,False,True,False,Very High,0.0,Q4,3,3.76930971576353,6.50769779520183,0.0230679812564604,1.1288466187288286,1.6871525776415317,0.34567019468819893,9.0,0.4235013059367476
CUST100558,34.0,Female,Secondary,Salaried,2016-12-21,232073.62353864245,29734.99004293467,579.5778436934312,39,17.265207676416765,0,1,7.2,8.56,11.89,2016,12,21,Wednesday,1.0,0,False,False,True,False,False,False,False,True,False,Low,0.0,Q1,0,2.9049980303669347,4.155142317227746,0.05474889843662474,-1.948946416800226,-0.7127005562351781,0.12812740021695534,6.5,0.17265207676416763
CUST100559,51.0,Male,Graduate,Salaried,2017-09-06,786211.5132650065,281869.54355178063,568.4381268781406,52,19.530698965669057,0,1,4.93,3.44,11.79,2017,9,6,Wednesday,2.0,1,False,True,False,False,False,False,False,False,True,High,0.0,Q4,1,3.0219212765140773,4.419355039558267,0.048707547739712906,0.6832122018558936,1.1910941596499118,0.35851617382353385,8.666666666666666,0.19530698965669058
CUST100560,25.0,Female,Graduate,Salaried,2021-02-07,183270.77490421437,98102.44480358316,732.7063720266183,35,18.242942729693176,0,0,4.65,3.95,7.17,2021,2,7,Sunday,2.0,0,True,False,False,False,True,False,False,False,False,Low,1.0,Q1,0,2.957144382070878,4.27117580177791,0.05196710368300019,-0.5961320499033946,-1.1519106630631504,0.5352868991515748,5.833333333333333,0.18242942729693176
CUST100561,55.0,Male,Secondary,Salaried,2015-09-24,485407.1328937054,262784.80983672856,722.1220404882687,44,14.81603065962732,0,2,4.65,3.95,7.17,2015,9,24,Thursday,1.0,1,True,False,False,False,False,False,False,True,False,Medium,1.0,Q2,2,2.7610240243861206,3.849159734231267,0.06322698921877049,0.5957010096136619,0.5062853801539545,0.5413698976159735,7.333333333333333,0.1481603065962732
CUST100562,43.0,Female,Graduate,Salaried,2017-09-30,432894.82144932606,166771.4905601595,567.630410066299,39,26.868923637370607,0,0,7.2,8.56,11.89,2017,9,30,Saturday,2.0,0,False,False,True,False,False,False,False,True,False,Medium,0.0,Q1,0,3.327512219914562,5.183524248749166,0.03588226129620084,0.03694977980133395,0.3313826563330808,0.3852471369415111,6.5,0.26868923637370606
CUST100563,49.0,Female,Graduate,Salaried,2015-10-08,958127.4903881052,438671.2028723998,545.3423565992422,51,9.673201995947684,0,0,4.93,3.44,11.79,2015,10,8,Thursday,2.0,0,False,True,False,False,False,False,False,False,True,High,0.0,Q4,1,2.367736113635588,3.1101771647203127,0.09369259575333364,1.2438534608655538,1.449209783117776,0.45784220500208056,8.5,0.09673201995947683
CUST100564,63.0,Female,Secondary,Self-Employed,2017-08-19,352990.4950251373,213388.14200510012,650.84436571443,49,37.90376005016648,1,2,7.12,7.52,10.17,2017,8,19,Saturday,1.0,0,False,False,False,True,False,False,True,False,False,Medium,0.0,Q3,1,3.661090905340496,6.1566029634991475,0.0257044562970391,0.337947847303209,0.007156298991185425,0.6045152631939968,8.166666666666666,0.37903760050166485
CUST100565,31.0,Male,Graduate,Salaried,2022-06-07,207233.502774515,83282.74763990493,638.6897624452712,57,42.67287926369004,0,3,4.93,3.44,11.79,2022,6,7,Tuesday,2.0,1,False,True,False,False,False,True,False,False,False,Low,0.0,Q4,3,3.7767272976274437,6.532448183008422,0.0228975056570499,-0.7875040605276898,-0.9201189567124524,0.4018787817842493,9.5,0.42672879263690044
CUST100566,38.0,Female,Graduate,Salaried,2018-01-11,337760.982852518,103551.25208170417,617.2698873213404,52,24.6276977648614,0,1,4.65,3.95,7.17,2018,1,11,Thursday,2.0,0,True,False,False,False,False,False,False,True,False,Medium,0.0,Q4,1,3.2436737105459037,4.962630125735888,0.03902028224209504,-0.5325547501052381,-0.06508933051355285,0.30658145060798636,8.666666666666666,0.24627697764861398
CUST100567,32.0,Female,Graduate,Salaried,2018-04-24,983508.0457838372,289912.24195667705,662.8411894665802,41,63.18301245805007,0,0,4.65,3.95,7.17,2018,4,24,Tuesday,2.0,0,True,False,False,False,False,False,True,False,False,High,0.0,Q1,2,4.16173857222508,7.948774273939981,0.015580446627580758,0.7184328429638437,1.482402635419938,0.2947736352534081,6.833333333333333,0.6318301245805007
CUST100568,29.0,Female,Primary,Self-Employed,2025-10-07,213097.46283521637,99348.52831791878,650.84436571443,47,28.74404568348301,0,3,4.93,3.44,11.79,2025,10,7,Tuesday,0.0,0,False,True,False,False,True,False,False,False,False,Low,0.0,Q3,1,3.3926289668669285,5.361347375752014,0.03362017429106169,-0.5813049543035176,-0.8684558823712091,0.46621169016330727,7.833333333333333,0.2874404568348301
CUST100569,30.0,Male,Primary,Self-Employed,2025-03-11,88044.66004530259,489038.125229916,686.9683503003951,59,17.779829444716633,0,1,4.93,3.44,11.79,2025,3,11,Tuesday,0.0,1,False,True,False,False,False,False,True,False,False,Low,0.0,Q4,3,2.9327833919878996,4.216613504308479,0.05324861990593487,1.38390956766506,-2.6907467361994253,5.554432545690855,9.833333333333334,0.17779829444716633
CUST100570,64.0,Male,Secondary,Salaried,2024-12-17,352990.4950251373,99413.6343315623,692.8896798147299,52,35.467481254807204,0,0,7.12,7.52,10.17,2024,12,17,Tuesday,1.0,1,False,False,False,True,False,False,False,False,True,Medium,0.0,Q4,1,3.59642093895348,5.955458106208725,0.02742169093096273,-0.5805350754405755,0.007156298991185425,0.2816326097519504,8.666666666666666,0.35467481254807204
CUST100571,37.0,Male,Post-Graduate,Salaried,2022-01-22,640313.8660193327,427369.1028595696,453.8770884472898,42,39.12925209234989,1,1,7.12,7.52,10.17,2022,1,22,Saturday,3.0,1,False,False,False,True,True,False,False,False,False,High,0.0,Q2,2,3.6921055469845414,6.255337887944175,0.024919477634387233,1.2103542556563651,0.9095225422265575,0.6674369017126146,7.0,0.39129252092349887
CUST100572,58.0,Male,Secondary,Salaried,2018-10-03,197149.2707652464,23050.6648766456,520.8877583904734,44,50.46651730795963,0,0,4.93,3.44,11.79,2018,10,3,Wednesday,1.0,1,False,True,False,False,True,False,False,False,False,Low,0.0,Q2,2,3.9409314468709384,7.103978977161998,0.01943010820056681,-2.2252242838786995,-1.0133712378354602,0.11691985867953301,7.333333333333333,0.5046651730795962
CUST100573,27.0,Female,Graduate,Self-Employed,2016-02-27,602449.6088055671,262153.7678423004,586.2834553883154,35,20.24263997071304,1,1,4.93,3.44,11.79,2016,2,27,Saturday,2.0,0,False,True,False,False,False,False,True,False,False,High,0.0,Q1,0,3.056010481056529,4.499182144647295,0.04707512820340068,0.5927064848434223,0.8231280265606785,0.4351463823871569,5.833333333333333,0.2024263997071304
CUST100574,33.0,Male,Secondary,Salaried,2023-04-17,194551.73745206348,140211.89091605492,599.4885081472395,42,9.36894059970827,0,0,4.93,3.44,11.79,2023,4,17,Monday,1.0,1,False,True,False,False,False,False,False,False,True,Low,0.0,Q2,2,2.3388148569174594,3.0608725226164304,0.09644186794050444,-0.17223570052018433,-1.0383580309967015,0.7206920521622295,7.0,0.09368940599708271
CUST100575,60.0,Other,Secondary,Salaried,2025-10-04,331726.09044169576,123065.85634241917,717.1862267951387,53,8.838167157519754,0,0,4.93,3.44,11.79,2025,10,4,Saturday,1.0,2,False,True,False,False,False,False,False,True,False,Medium,1.0,Q4,3,2.28626942923508,2.9729055076674995,0.10164494910372152,-0.32810190438750014,-0.09484988241304587,0.3709863646195452,8.833333333333334,0.08838167157519754
CUST100576,62.0,Male,Post-Graduate,Salaried,2020-06-28,568985.0218770847,313504.8757867765,579.6878854825495,43,17.010890213038135,1,2,7.2,8.56,11.89,2020,6,28,Sunday,3.0,1,False,False,True,False,False,False,True,False,False,Medium,0.0,Q2,2,2.890976586785742,4.12442604649885,0.05552196411014138,0.8166890836444752,0.7409379388056261,0.5509896811563196,7.166666666666667,0.17010890213038135
CUST100577,29.0,Male,Graduate,Salaried,2016-03-29,177641.14570191636,46894.31118162737,650.84436571443,45,26.608279931006983,0,1,4.93,3.44,11.79,2016,3,29,Tuesday,2.0,1,False,True,False,False,False,False,False,True,False,Low,0.0,Q2,2,3.318115725233105,5.158321425716604,0.036221017843161445,-1.44401449625736,-1.211888300328952,0.26398338626072865,7.5,0.26608279931006984
CUST100578,43.0,Female,Primary,Salaried,2021-05-03,403894.1020339516,280139.459973184,587.1915408954961,46,61.369880227470766,1,3,7.12,7.52,10.17,2021,5,3,Monday,0.0,0,False,False,False,True,False,False,True,False,False,Medium,0.0,Q3,2,4.133082470181382,7.8338930441684465,0.016033380156461337,0.6755124517050508,0.2230280208440344,0.6935963129009378,7.666666666666667,0.6136988022747076
CUST100579,22.0,Female,Graduate,Self-Employed,2016-05-21,750867.2169377931,106490.45351411292,553.9292570085747,45,8.507239615681062,1,4,4.65,3.95,7.17,2016,5,21,Saturday,2.0,0,True,False,False,False,False,False,False,True,False,High,0.0,Q2,2,2.2520535731910787,2.916717267011162,0.10518300163073821,-0.49955433832926227,1.1292317288335285,0.14182328261500768,7.5,0.08507239615681061
CUST100580,43.0,Female,Primary,Salaried,2018-03-11,481355.065908426,376436.0834018748,557.6440272764967,44,29.354902008717985,0,1,7.2,8.56,11.89,2018,3,11,Sunday,0.0,0,False,False,True,False,False,False,True,False,False,Medium,0.0,Q2,2,3.412958020401202,5.418016427505364,0.03294360824201634,1.0482358768989815,0.49364643959546495,0.7820341159004002,7.333333333333333,0.29354902008717987
CUST100581,49.0,Female,Graduate,Salaried,2015-11-12,235066.64894447356,60778.15320568375,830.6613194631377,57,32.74718639566591,0,0,4.93,3.44,11.79,2015,11,12,Thursday,2.0,0,False,True,False,False,True,False,False,False,False,Low,1.0,Q4,3,3.5188970477890527,5.722515740097699,0.02963209994088361,-1.1503730731151067,-0.6895849117092242,0.25855710913733454,9.5,0.3274718639566591
CUST100582,57.0,Female,Graduate,Self-Employed,2019-08-27,900973.3984033882,720344.8327887296,585.4108025192005,52,13.456779303306703,0,3,4.65,3.95,7.17,2019,8,27,Tuesday,2.0,0,True,False,False,False,False,True,False,False,False,High,0.0,Q4,1,2.6711634604773837,3.6683483072503766,0.06917169993535625,1.890435746329074,1.3702757890578123,0.7995184253666646,8.666666666666666,0.13456779303306704
CUST100583,58.0,Male,Secondary,Self-Employed,2017-02-02,537688.9473436712,205409.75606455773,705.2789767088273,56,6.394821455470187,0,0,7.2,8.56,11.89,2017,2,2,Thursday,1.0,1,False,False,True,False,True,False,False,False,False,Medium,1.0,Q4,3,2.000779951918648,2.528798421280389,0.13522976937600945,0.29112423056521597,0.6584275208277952,0.3820233930404139,9.333333333333334,0.06394821455470187
CUST100584,39.0,Other,Secondary,Salaried,2018-06-09,118626.0277872518,80445.8682083259,525.344125619984,40,4.970475656816046,1,1,4.65,3.95,7.17,2018,6,9,Saturday,1.0,2,True,False,False,False,False,False,False,True,False,Low,0.0,Q1,2,1.7868265987392162,2.2294563590292693,0.16749084285409901,-0.8277619550135777,-2.031236763085543,0.6781468595795893,6.666666666666667,0.049704756568160466
CUST100585,28.0,Other,Secondary,Salaried,2024-03-22,608374.6481797475,216204.3274025728,763.5143203342988,56,68.6785961661982,0,0,4.93,3.44,11.79,2024,3,22,Friday,1.0,2,False,True,False,False,False,False,False,False,True,High,1.0,Q4,3,4.243893185472729,8.287255044114318,0.01435160946145913,0.3540831904708408,0.8370872100213804,0.35538023822895076,9.333333333333334,0.686785961661982
CUST100586,21.0,Female,Post-Graduate,Salaried,2017-06-16,257088.44497618295,212028.38277241084,677.923291605097,45,52.916368583963504,0,3,4.93,3.44,11.79,2017,6,16,Friday,3.0,0,False,True,False,False,True,False,False,False,False,Low,0.0,Q2,2,3.987434116115797,7.274363792385111,0.01854724318910144,0.33008530381778683,-0.5300683971616043,0.8247293369877182,7.5,0.529163685839635
CUST100587,42.0,Male,Post-Graduate,Unemployed,2017-08-10,407557.8352496914,82045.34571577884,671.9183095034309,38,9.625952066071433,0,3,7.12,7.52,10.17,2017,8,10,Thursday,3.0,1,False,False,False,True,False,True,False,False,False,Medium,0.0,Q1,0,2.363299317014571,3.102571847044228,0.09410921428800632,-0.8049028623396287,0.23724373529779738,0.2013097004146995,6.333333333333333,0.09625952066071433
CUST100588,37.0,Female,Primary,Salaried,2023-01-01,663180.4490014628,161030.7121045051,683.1061858514655,55,27.189138831059367,0,1,4.93,3.44,11.79,2023,1,1,Sunday,0.0,0,False,True,False,False,False,False,False,True,False,High,0.0,Q4,3,3.3389367559208165,5.214320553155451,0.03547465589470863,-0.005467066047441001,0.958670147956635,0.24281583141807897,9.166666666666666,0.2718913883105937
CUST100589,27.0,Male,Graduate,Unemployed,2019-05-15,260468.509804632,128781.90857158675,691.919977955628,49,19.265183462699152,0,0,4.93,3.44,11.79,2019,5,15,Wednesday,2.0,1,False,True,False,False,True,False,False,False,False,Low,0.0,Q3,1,3.0089043132196105,4.389212168795119,0.04934571660013032,-0.2739873753688465,-0.507094473804958,0.49442410012704185,8.166666666666666,0.19265183462699154
CUST100590,45.0,Male,Secondary,Self-Employed,2023-02-11,134947.95054728893,22340.734590122327,714.7253807075904,47,22.578443981980996,0,3,7.2,8.56,11.89,2023,2,11,Saturday,1.0,1,False,False,True,False,False,False,True,False,False,Low,1.0,Q3,1,3.1603329040421673,4.751678017498765,0.0424116197304714,-2.2588773328527987,-1.760736887629335,0.1655507512305169,7.833333333333333,0.22578443981980997
CUST100591,24.0,Male,Secondary,Salaried,2020-08-31,893880.2665418047,229534.28244467892,602.0722065432777,53,10.802969930287714,0,3,7.12,7.52,10.17,2020,8,31,Monday,1.0,1,False,False,False,True,False,False,False,False,True,High,0.0,Q4,3,2.4683511888106877,3.286787174474142,0.08472443850203247,0.42787250976595426,1.360045066442396,0.25678414776140956,8.833333333333334,0.10802969930287715
CUST100592,43.0,Male,Graduate,Salaried,2016-01-19,728505.2292673668,622881.5186452942,597.3929364982303,36,61.61022739524149,1,0,7.2,8.56,11.89,2016,1,19,Tuesday,2.0,1,False,False,True,False,False,False,False,True,False,High,0.0,Q1,0,4.136928641682288,7.849218266505365,0.015971831465924402,1.6989274582091476,1.0881854853580235,0.8550131057696116,6.0,0.6161022739524149
CUST100593,26.0,Female,Post-Graduate,Salaried,2023-10-03,343741.909638972,302902.52765644714,653.9379102438454,49,26.971383695363745,0,1,4.65,3.95,7.17,2023,10,3,Tuesday,3.0,0,True,False,False,False,True,False,False,False,False,Medium,0.0,Q3,1,3.3311819766861133,5.19339808751108,0.03575082344481049,0.7734251224081787,-0.036241796464846016,0.8811917289183097,8.166666666666666,0.26971383695363743
CUST100594,43.0,Female,Post-Graduate,Salaried,2015-04-13,604437.0880372706,242383.7834975964,704.7542208334647,42,23.671115440395678,0,3,4.93,3.44,11.79,2015,4,13,Monday,3.0,0,False,True,False,False,False,False,False,True,False,High,1.0,Q2,2,3.205633143965644,4.865297055719792,0.040533230141780806,0.49528307586080267,0.827829462083028,0.4010074634643376,7.0,0.23671115440395676
CUST100595,39.0,Female,Graduate,Salaried,2017-06-18,290212.2877139772,243380.3874696293,644.6675619022009,44,25.855883648520937,0,1,4.65,3.95,7.17,2017,6,18,Sunday,2.0,0,True,False,False,False,False,False,True,False,False,Low,0.0,Q2,2,3.290484927248068,5.084868105321999,0.03723578836904419,0.5003700523576079,-0.31972233957911894,0.8386288168111484,7.333333333333333,0.2585588364852094
CUST100596,64.0,Male,Secondary,Self-Employed,2022-08-12,383917.1703374292,205725.75528538413,711.9121436639283,42,8.794090497688673,0,0,7.2,8.56,11.89,2022,8,12,Friday,1.0,1,False,False,True,False,False,True,False,False,False,Medium,1.0,Q2,2,2.281779193352677,2.9654831811508684,0.10210238513070631,0.29301103818811003,0.1425816230925274,0.5358597405387454,7.0,0.08794090497688672
CUST100597,59.0,Male,Graduate,Unemployed,2015-04-20,332178.32739983755,104899.91365410831,699.4269426161534,44,13.576311755005394,0,0,4.93,3.44,11.79,2015,4,20,Monday,2.0,1,False,True,False,False,True,False,False,False,False,Medium,0.0,Q2,2,2.6793977285301915,3.6846046945371755,0.06860446022339002,-0.5173045235385767,-0.09259639859816542,0.31579397269901366,7.333333333333333,0.13576311755005394
CUST100598,47.0,Male,Secondary,Salaried,2024-12-20,297340.5960537959,196815.38312020287,632.6413390867178,40,65.83492127536262,0,1,4.93,3.44,11.79,2024,12,20,Friday,1.0,1,False,True,False,False,False,False,False,True,False,Low,0.0,Q1,2,4.202225717527368,8.113872150543328,0.014962238017457356,0.23873255557562903,-0.27835612101296775,0.6619189768644789,6.666666666666667,0.6583492127536261
CUST100599,30.0,Other,Graduate,Self-Employed,2024-09-13,449360.863151801,281803.8339429872,510.22560241753206,42,34.26980768303591,1,2,7.2,8.56,11.89,2024,9,13,Friday,2.0,2,False,False,True,False,False,False,False,True,False,Medium,0.0,Q2,2,3.563027291526429,5.854041995325615,0.028352862283424943,0.6829205734710662,0.388954558565445,0.6271214452598858,7.0,0.3426980768303591
CUST100600,46.0,Male,Secondary,Salaried,2023-08-03,352990.4950251373,156376.0221671168,609.717764371687,38,20.95577581262078,0,0,7.2,8.56,11.89,2023,8,3,Thursday,1.0,1,False,False,True,False,False,False,False,True,False,Medium,0.0,Q1,0,3.08903023987858,4.577747897451407,0.045546101788176065,-0.040916094134528486,0.007156298991185425,0.443003492646398,6.333333333333333,0.20955775812620778
CUST100601,39.0,Female,Graduate,Salaried,2019-02-04,311467.881125117,97189.76171837522,789.423778704774,32,3.8308138430878858,0,1,7.2,8.56,11.89,2019,2,4,Monday,2.0,0,False,False,True,False,False,True,False,False,False,Medium,1.0,Q1,0,1.57501495100409,1.9572464952294297,0.20700445773352216,-0.6071047924071934,-0.19991240023975318,0.3120378299274267,5.333333333333333,0.03830813843087886
CUST100602,59.0,Female,Secondary,Salaried,2024-12-20,437436.87274051097,278930.57298596523,677.204772056456,47,39.65784903179385,0,3,7.2,8.56,11.89,2024,12,20,Friday,1.0,0,False,False,True,False,False,False,False,True,False,Medium,0.0,Q3,1,3.705191905467719,6.2974478189020235,0.02459549690437422,0.6701057128156185,0.34753275267774764,0.6376476021293884,7.833333333333333,0.3965784903179385
CUST100603,23.0,Male,Secondary,Self-Employed,2016-10-31,1091278.41503697,154545.76224994214,598.8359894983926,46,32.54911624807063,1,2,7.2,8.56,11.89,2016,10,31,Monday,1.0,1,False,False,True,False,False,False,False,False,True,Very High,0.0,Q3,2,3.5130105217315752,5.705183279095478,0.029807044471924317,-0.055127300966632126,1.6123140788352408,0.14161900402355754,7.666666666666667,0.3254911624807063
CUST100604,43.0,Female,Post-Graduate,Unemployed,2023-08-14,179778.25806338715,34322.695304499124,670.052126208632,34,26.446580125935743,0,1,4.93,3.44,11.79,2023,8,14,Monday,3.0,0,False,True,False,False,False,False,False,False,True,Low,0.0,Q1,0,3.3122415746180005,5.142623856159008,0.036434411697617894,-1.7914008215647306,-1.188844228775362,0.19091683095737555,5.666666666666667,0.2644658012593574
CUST100605,43.0,Female,Secondary,Self-Employed,2023-06-18,495009.3026662844,51052.635908329015,704.1315254662242,45,25.62488108893958,0,0,7.2,8.56,11.89,2023,6,18,Sunday,1.0,0,False,False,True,False,False,False,False,True,False,Medium,1.0,Q2,2,3.2818461578765015,5.0621024376181465,0.03755885318922294,-1.3483157242887647,0.5357178396367135,0.10313469996087463,7.5,0.25624881088939583
CUST100606,40.0,Female,Graduate,Salaried,2016-01-19,528653.9118637877,475560.43022337207,598.8747512438694,47,45.95760048332979,0,0,4.93,3.44,11.79,2016,1,19,Tuesday,2.0,0,False,True,False,False,False,False,False,False,True,Medium,0.0,Q3,1,3.849245077181332,6.779203528684604,0.021295807062266855,1.3478112278742589,0.6334873505041676,0.8995685448477385,7.833333333333333,0.4595760048332979
CUST100607,48.0,Female,Secondary,Salaried,2020-07-13,117473.5829803786,87144.13088590135,748.8307115297517,51,17.704682441246312,0,1,4.93,3.44,11.79,2020,7,13,Monday,1.0,0,False,True,False,False,True,False,False,False,False,Low,1.0,Q4,1,2.9287738904438223,4.2076932446705655,0.053462548917423316,-0.7347312865469554,-2.0520737283781627,0.7418189577179822,8.5,0.1770468244124631
CUST100608,28.0,Male,Primary,Salaried,2021-02-15,463387.63557098166,337984.9376744181,689.655841693092,39,26.205723380767715,0,0,7.2,8.56,11.89,2021,2,15,Monday,0.0,1,False,False,True,False,False,False,False,False,True,Medium,0.0,Q1,0,3.3034273695776806,5.119152603778062,0.03675697153882409,0.9115490955496086,0.43596140958399576,0.7293784117868324,6.5,0.26205723380767715
CUST100609,61.0,Male,Primary,Salaried,2017-01-31,614258.4502995787,311908.6842970008,562.0072981462129,41,25.829927958490394,1,5,7.2,8.56,11.89,2017,1,31,Tuesday,0.0,1,False,False,True,False,False,False,False,True,False,High,0.0,Q1,2,3.2895179793236182,5.082315216364526,0.037271810850447985,0.8102644468988048,0.8507825346672778,0.5077808602305438,6.833333333333333,0.25829927958490395
CUST100610,59.0,Female,Secondary,Self-Employed,2021-08-04,515654.1705348925,175350.09124583282,718.5093029233899,61,37.77173994544049,0,0,7.12,7.52,10.17,2021,8,4,Wednesday,1.0,0,False,False,False,True,False,False,True,False,False,Medium,1.0,Q4,3,3.6576916293304635,6.145871780751734,0.025791981515588362,0.09784304848892929,0.5966553499069384,0.34005366632435197,10.166666666666666,0.37771739945440486
CUST100611,21.0,Female,Post-Graduate,Self-Employed,2023-01-01,344429.13593657874,76122.77503009334,617.2309292161843,39,60.84848220158329,1,2,4.93,3.44,11.79,2023,1,1,Sunday,3.0,0,False,True,False,False,True,False,False,False,False,Medium,0.0,Q1,0,4.1246875585468175,7.800543711920554,0.016168545522923124,-0.8917536129687653,-0.032967234534066976,0.22101142757014078,6.5,0.6084848220158329
CUST100612,23.0,Female,Secondary,Self-Employed,2017-06-04,442388.6272469241,144988.35626882335,635.6695658955516,50,21.20618186888277,0,1,7.2,8.56,11.89,2017,6,4,Sunday,1.0,0,False,False,True,False,False,True,False,False,False,Medium,0.0,Q4,1,3.1003707126770172,4.605017032420485,0.04503250517826691,-0.13200902778945234,0.36490314256683626,0.32773979107717094,8.333333333333334,0.2120618186888277
CUST100613,33.0,Female,Post-Graduate,Salaried,2024-08-24,3643679.941941896,160742.12410669035,568.7225042425512,32,20.834080001581672,0,3,7.2,8.56,11.89,2024,8,24,Saturday,3.0,0,False,False,True,False,False,False,False,True,False,Very High,0.0,Q1,0,3.083472051934065,4.564436438552044,0.045799960425516414,-0.00763669471377964,2.8987412322613357,0.0441153248001862,5.333333333333333,0.20834080001581673
CUST100614,48.0,Female,Graduate,Salaried,2020-10-27,131442.60836063742,92673.35833732494,700.5157130151864,51,14.395837350091956,1,2,7.2,8.56,11.89,2020,10,27,Tuesday,2.0,0,False,False,True,False,False,True,False,False,False,Low,1.0,Q4,1,2.7340971709393482,3.7941846752750394,0.06495262175486852,-0.6628710163012768,-1.815265663332846,0.7050480775842353,8.5,0.14395837350091956
CUST100615,45.0,Female,Graduate,Salaried,2022-03-28,406765.52585082274,216289.2016609115,449.19080621417856,46,20.3034835814933,0,0,7.12,7.52,10.17,2022,3,28,Monday,2.0,0,False,False,False,True,False,False,True,False,False,Medium,0.0,Q3,2,3.058870607769709,4.505938701479781,0.046940679733183034,0.35456640420596663,0.23418301697691268,0.531729431122522,7.666666666666667,0.203034835814933
CUST100616,53.0,Male,Graduate,Salaried,2023-11-18,290615.90389582864,47075.969724421615,703.9005563600488,28,16.346053693393564,0,0,7.12,7.52,10.17,2023,11,18,Saturday,2.0,1,False,False,False,True,False,True,False,False,False,Low,1.0,Q1,0,2.853365027691208,4.043025314463609,0.057650000263798386,-1.4396701023261516,-0.3173464288735428,0.16198690124438617,4.666666666666667,0.16346053693393564
CUST100617,58.0,Female,Graduate,Salaried,2018-05-20,237306.23038791536,27153.33996172707,605.9214088747544,54,45.708597004349706,1,2,4.65,3.95,7.17,2018,5,20,Sunday,2.0,0,True,False,False,False,False,False,False,True,False,Low,0.0,Q4,3,3.843928237761263,6.760813338966674,0.021409334986167015,-2.047975903924386,-0.6725269063640921,0.11442320716712978,9.0,0.45708597004349705
CUST100618,26.0,Female,Graduate,Self-Employed,2023-01-12,1608772.4168961833,292580.5919258335,596.7677369703937,47,24.599290978941724,0,0,4.93,3.44,11.79,2023,1,12,Thursday,2.0,0,False,True,False,False,False,False,False,True,False,Very High,0.0,Q3,1,3.2425646549668827,4.9597672303185485,0.039063581910241646,0.7299153584795751,2.0688486755319815,0.18186574362725053,7.833333333333333,0.24599290978941724
CUST100619,64.0,Male,Secondary,Self-Employed,2017-10-11,768018.7545139877,329018.444110163,590.2850342721799,48,48.69367527321943,1,3,4.65,3.95,7.17,2017,10,11,Wednesday,1.0,1,True,False,False,False,False,False,True,False,False,High,0.0,Q3,1,3.90587766692047,6.978085358693989,0.020123285196796726,0.8775770327019909,1.1596949127415805,0.42839897095790347,8.0,0.4869367527321943
CUST100620,43.0,Male,Secondary,Salaried,2019-01-08,181660.8495813298,153785.77946565623,681.6825743634342,50,11.82314250377345,0,1,7.2,8.56,11.89,2019,1,8,Tuesday,1.0,1,False,False,True,False,False,False,False,True,False,Low,0.0,Q4,1,2.5512515465536088,3.438479679127601,0.0779840042880075,-0.061074793774016714,-1.1688257248583824,0.8465543336392146,8.333333333333334,0.1182314250377345
CUST100621,41.0,Other,Post-Graduate,Salaried,2021-01-05,445958.741082561,272000.0405746283,595.572014039781,47,7.076038021706313,1,2,7.12,7.52,10.17,2021,1,5,Tuesday,3.0,2,False,False,False,True,False,False,True,False,False,Medium,0.0,Q3,1,2.088901408426917,2.660082333632986,0.1238230921291179,0.6386771386009484,0.37727716479607415,0.6099219849673773,7.833333333333333,0.07076038021706313
CUST100622,36.0,Male,Post-Graduate,Salaried,2015-01-10,868753.900242295,644146.8922899428,633.750988101887,42,41.73097256920085,0,2,7.12,7.52,10.17,2015,1,10,Saturday,3.0,1,False,False,False,True,False,False,True,False,False,High,0.0,Q2,2,3.7549240102019854,6.459951437062112,0.02340222887229037,1.7430037286511526,1.322973358063949,0.7414607199004121,7.0,0.4173097256920085
CUST100623,41.0,Female,Post-Graduate,Salaried,2019-04-15,147602.85112904612,69830.86098732392,608.5258410154934,55,72.38765366597714,0,1,4.65,3.95,7.17,2019,4,15,Monday,3.0,0,True,False,False,False,False,False,False,True,False,Low,0.0,Q4,3,4.295755715286625,8.508093421324025,0.013626270224573274,-0.9912761596303932,-1.5776565531073838,0.47309967560363886,9.166666666666666,0.7238765366597714
CUST100624,31.0,Female,Graduate,Self-Employed,2017-03-02,379340.6468913218,147689.7814554187,685.2067139918141,47,32.24431340963039,0,4,7.12,7.52,10.17,2017,3,2,Thursday,2.0,0,False,False,False,True,False,False,False,False,True,Medium,0.0,Q3,1,3.503883727201099,5.678407647362981,0.03008033246703524,-0.1098062669240658,0.12341560418011559,0.3893328665560343,7.833333333333333,0.3224431340963039
CUST100625,57.0,Male,Graduate,Salaried,2020-05-21,390211.28797053575,72860.36804044516,511.1758042716551,49,31.6239801118713,0,2,7.2,8.56,11.89,2020,5,21,Thursday,2.0,1,False,False,True,False,False,False,True,False,False,Medium,0.0,Q3,1,3.4850476042154135,5.6235202597546765,0.030652299215818773,-0.9423484710918862,0.16848050650001462,0.1867202981732982,8.166666666666666,0.316239801118713
CUST100626,56.0,Female,Graduate,Salaried,2017-12-14,168603.36292082543,135008.53887927943,669.7626296178671,44,10.82552172173675,0,2,7.12,7.52,10.17,2017,12,14,Thursday,2.0,0,False,False,False,True,False,False,False,True,False,Low,0.0,Q2,2,2.4702600536361654,3.290216060038725,0.0845628652613168,-0.21755093774561568,-1.3133077689257333,0.8007464177489637,7.333333333333333,0.1082552172173675
CUST100627,55.0,Male,Graduate,Salaried,2022-12-29,454853.27926068805,330463.6538374586,788.5074551276646,39,9.768227509207168,0,0,4.65,3.95,7.17,2022,12,29,Thursday,2.0,1,True,False,False,False,False,False,False,False,True,Medium,1.0,Q1,0,2.376599900948784,3.125416373734413,0.0928657942214695,0.8831110076927386,0.40757595474578673,0.7265280232223222,6.5,0.09768227509207168
CUST100628,39.0,Female,Secondary,Self-Employed,2019-07-21,707680.3830026925,165947.14205838295,748.8820886986958,41,53.07189809206336,0,1,7.2,8.56,11.89,2019,7,21,Sunday,1.0,0,False,False,True,False,False,False,True,False,False,High,1.0,Q1,2,3.99031460712516,7.2850461969752365,0.018493894893376776,0.030944124044395564,1.048522929480357,0.23449447807818008,6.833333333333333,0.5307189809206335
CUST100629,40.0,Male,Graduate,Salaried,2021-02-05,895223.3819192449,456392.4457256568,600.6677502421222,55,40.499343501004006,0,0,4.65,3.95,7.17,2021,2,5,Friday,2.0,1,True,False,False,False,False,False,False,False,True,High,0.0,Q4,3,3.7256776078586116,6.363909451037468,0.024096766735016102,1.2947794869057723,1.3619900489497287,0.5098084511010085,9.166666666666666,0.40499343501004004
CUST100630,38.0,Female,Secondary,Salaried,2017-01-13,311882.420697482,152791.14997490676,689.5681420931987,43,13.239196189643344,0,1,7.12,7.52,10.17,2017,1,13,Friday,1.0,0,False,False,False,True,True,False,False,False,False,Medium,0.0,Q2,2,2.655998457034111,3.6385706245232265,0.07022868332464823,-0.06890047654751466,-0.19767791648222618,0.48989984633699596,7.166666666666667,0.13239196189643343
CUST100631,61.0,Female,Secondary,Salaried,2021-08-25,1624949.052718198,975088.4463919176,674.0452378271924,54,76.4466357026317,1,2,4.65,3.95,7.17,2021,8,25,Wednesday,1.0,0,True,False,False,False,True,False,False,False,False,Very High,0.0,Q4,3,4.349589127606065,8.743376676240805,0.012912116723051138,2.2947173582320355,2.080049316201805,0.600073242149223,9.0,0.7644663570263169
CUST100632,34.0,Male,Post-Graduate,Self-Employed,2024-07-25,105368.59894324031,90295.5697809764,767.551365052971,42,54.83498632274676,0,2,4.65,3.95,7.17,2024,7,25,Thursday,3.0,1,True,False,False,False,False,False,False,False,True,Low,1.0,Q2,2,4.022400667939308,7.4050649100967885,0.01790991752410634,-0.6932659508329105,-2.287610500649783,0.8569495151930091,7.0,0.5483498632274676
CUST100633,35.0,Other,Secondary,Unemployed,2016-03-26,448529.6313141409,252888.69994756844,449.19080621417856,44,37.541484117747245,1,2,4.93,3.44,11.79,2016,3,26,Saturday,1.0,2,False,True,False,False,False,False,True,False,False,Medium,0.0,Q2,2,3.651735170748867,6.127110584749327,0.02594606883702044,0.5479422091219219,0.3861116485080516,0.5638171534099837,7.333333333333333,0.3754148411774725
CUST100634,51.0,Male,Primary,Salaried,2018-01-21,155223.82833647315,82606.05665992173,739.0293895148131,54,47.79868362309852,0,5,7.12,7.52,10.17,2018,1,21,Sunday,0.0,1,False,False,False,True,False,False,False,True,False,Low,1.0,Q4,3,3.8877033375587655,6.9136592064621265,0.02049235605869206,-0.7969884925162551,-1.4765925595582745,0.5321738134228949,9.0,0.4779868362309852
CUST100635,21.0,Female,Primary,Self-Employed,2024-10-31,382356.8380183981,53628.737815207816,628.5985861788903,48,15.99347301891451,0,1,7.12,7.52,10.17,2024,10,31,Thursday,0.0,0,False,False,False,True,False,True,False,False,False,Medium,0.0,Q3,1,2.8328293302685066,3.9991840441413182,0.05884612279590843,-1.2926429736547431,0.13607925261068213,0.14025834634773116,8.0,0.1599347301891451
CUST100636,23.0,Male,Post-Graduate,Unemployed,2024-07-16,264833.3263539646,39811.3295365049,590.5416848439666,40,38.15287756888079,0,1,4.65,3.95,7.17,2024,7,16,Tuesday,3.0,1,True,False,False,False,False,False,False,True,False,Low,0.0,Q1,2,3.6674739208565748,6.176801564635276,0.025540906878191064,-1.6270875472993178,-0.4779712024099651,0.15032598081441917,6.666666666666667,0.3815287756888079
CUST100637,36.0,Female,Graduate,Unemployed,2025-06-27,490964.1912311564,122680.87182992294,588.2558376964299,49,19.77718764210601,0,1,4.93,3.44,11.79,2025,6,27,Friday,2.0,0,False,True,False,False,False,True,False,False,False,Medium,0.0,Q3,1,3.033855636863433,4.447155005405817,0.04812970923809967,-0.33183102293912964,0.5234063181131423,0.2498774330614311,8.166666666666666,0.19777187642106012
CUST100638,43.0,Male,Graduate,Self-Employed,2021-09-07,335665.890776109,42286.05348088958,546.0074947030976,30,7.072089173611519,0,1,7.12,7.52,10.17,2021,9,7,Tuesday,2.0,1,False,False,False,True,False,True,False,False,False,Medium,0.0,Q1,0,2.088412330266243,2.659339988345138,0.1238836661107637,-1.5598719554174754,-0.07534545978562736,0.12597661735339863,5.0,0.07072089173611519
CUST100639,31.0,Other,Post-Graduate,Self-Employed,2023-04-01,220666.8756233264,153293.3763231226,650.84436571443,36,29.31753890944548,0,4,7.2,8.56,11.89,2023,4,1,Saturday,3.0,2,False,False,True,False,False,False,True,False,False,Low,0.0,Q1,0,3.411726386946864,5.414567287368906,0.03298420768872002,-0.06494302432049232,-0.804328643647226,0.6946823164560099,6.0,0.29317538909445484
CUST100640,32.0,Male,Post-Graduate,Salaried,2018-09-16,229538.35792880823,155779.4759680168,563.6212756854884,38,45.506576092494434,1,1,4.65,3.95,7.17,2018,9,16,Sunday,3.0,1,True,False,False,False,False,False,False,False,True,Low,0.0,Q1,0,3.839593723938221,6.745856216411259,0.021502335454907574,-0.04553077078566756,-0.7325734867103434,0.6786642431951705,6.333333333333333,0.45506576092494433
CUST100641,30.0,Male,Secondary,Self-Employed,2019-09-28,1154843.8505503272,241183.349584966,664.4173736405855,52,28.817577024480634,0,1,7.12,7.52,10.17,2019,9,28,Saturday,1.0,1,False,False,False,True,False,False,False,True,False,Very High,0.0,Q4,1,3.395098052664488,5.368200538772805,0.03353726559267329,0.4891295148744433,1.6816609743783586,0.2088449875453144,8.666666666666666,0.28817577024480634
CUST100642,43.0,Male,Graduate,Salaried,2021-10-16,472651.79948781134,363404.5375285258,697.1950105862704,49,34.2507654301692,0,0,7.2,8.56,11.89,2021,10,16,Saturday,2.0,1,False,False,True,False,False,False,False,False,True,Medium,0.0,Q3,1,3.562487243353566,5.8524153501070995,0.028368178330225837,1.0034443349563151,0.4660457417503077,0.7688631206362248,8.166666666666666,0.34250765430169205
CUST100643,36.0,Male,Graduate,Self-Employed,2023-03-21,130447.06301811506,29197.81321532745,629.474127228931,54,38.30803373991878,1,2,7.12,7.52,10.17,2023,3,21,Tuesday,2.0,1,False,False,False,True,True,False,False,False,False,Low,0.0,Q4,3,3.671428918847191,6.1893484099635865,0.025440092135274185,-1.9688672298700165,-1.831083582172806,0.22382882787688962,9.0,0.3830803373991878
CUST100644,28.0,Female,Graduate,Salaried,2018-04-01,504071.116401274,171858.24313658153,769.9778565004932,48,49.73337676375253,0,2,7.2,8.56,11.89,2018,4,1,Sunday,2.0,0,False,False,True,False,False,False,True,False,False,Medium,1.0,Q3,1,3.92658401281205,7.052189501406817,0.019710889828143074,0.07340241583765168,0.5628484955507176,0.34094046959788704,8.0,0.4973337676375253
CUST100645,58.0,Male,Secondary,Self-Employed,2023-03-13,322285.7980930404,96421.9547316648,606.126297163445,56,10.734961224291812,1,2,4.65,3.95,7.17,2023,3,13,Monday,1.0,1,True,False,False,False,False,False,True,False,False,Medium,0.0,Q4,3,2.4625725250190285,3.276425067705931,0.08521544987553621,-0.6164110503185009,-0.14278386428483592,0.2991815193290919,9.333333333333334,0.10734961224291811
CUST100646,32.0,Female,Post-Graduate,Self-Employed,2023-07-09,363218.7875685038,144505.02511433026,625.2910062082726,39,13.591987691397112,0,0,7.12,7.52,10.17,2023,7,9,Sunday,3.0,0,False,False,False,True,True,False,False,False,False,Medium,0.0,Q1,0,2.680472589814426,3.68673130176273,0.06853075956125994,-0.13602245330367724,0.05353064331690984,0.3978456788584382,6.5,0.13591987691397112
CUST100647,44.0,Male,Graduate,Salaried,2022-09-14,592397.3525781936,179929.44782646443,612.1647485657261,61,34.14064904476461,1,2,7.12,7.52,10.17,2022,9,14,Wednesday,2.0,1,False,False,False,True,False,False,False,True,False,Medium,0.0,Q4,3,3.5593585528434892,5.8430000038306185,0.028457072569323644,0.12921108887304988,0.7990493244474135,0.3037310127119695,10.166666666666666,0.3414064904476461
CUST100648,48.0,Male,Secondary,Self-Employed,2017-06-26,736700.2000559237,361838.2162653819,697.8895099131516,43,36.62438089946466,0,2,4.93,3.44,11.79,2017,6,26,Monday,1.0,1,False,True,False,False,True,False,False,False,False,High,0.0,Q2,2,3.627652268434385,6.051808068624174,0.02657851042578161,0.9979593257671103,1.103407771202279,0.4911607411507617,7.166666666666667,0.3662438089946466
CUST100649,28.0,Female,Graduate,Salaried,2020-11-02,216362.89865107177,92154.64997966052,705.965880228151,51,42.32807475384927,0,2,4.65,3.95,7.17,2020,11,2,Monday,2.0,0,True,False,False,False,False,False,False,True,False,Low,1.0,Q4,1,3.7688008025894955,6.506002978315432,0.02307972384374544,-0.6694385497190108,-0.8404486582067761,0.42592630508374835,8.5,0.4232807475384927
CUST100650,48.0,Female,Primary,Self-Employed,2022-10-02,355811.013352062,316406.93354034214,689.6293507176878,51,12.704915868393105,0,2,7.2,8.56,11.89,2022,10,2,Sunday,0.0,0,False,False,True,False,False,True,False,False,False,Medium,0.0,Q4,1,2.6177545909831235,3.5643955824786206,0.07296651870050841,0.8282914186523587,0.020110006371121175,0.8892555926234612,8.5,0.12704915868393105
CUST100651,56.0,Male,Secondary,Salaried,2025-01-09,261015.06328024177,37779.60218222561,640.0713076850025,40,52.34031266162887,1,3,7.12,7.52,10.17,2025,1,9,Thursday,1.0,1,False,False,False,True,False,False,True,False,False,Low,0.0,Q1,2,3.976692380409521,7.23466050769688,0.018747546650947258,-1.685275110899047,-0.5034145185770578,0.14474108010258055,6.666666666666667,0.5234031266162887
CUST100652,46.0,Male,Graduate,Salaried,2019-10-15,518200.3946272821,110762.79574478882,542.7501712737688,33,16.440773209739742,1,2,7.12,7.52,10.17,2019,10,15,Tuesday,2.0,1,False,False,False,True,False,False,False,True,False,Medium,0.0,Q1,0,2.8588107529189046,4.054722334481085,0.05733690748536041,-0.4530816339738413,0.6039600693671145,0.21374510110988132,5.5,0.16440773209739742
CUST100653,28.0,Male,Primary,Unemployed,2022-11-03,315091.1697654049,44825.09514099228,624.4447535351594,37,7.622973861597256,0,3,7.2,8.56,11.89,2022,11,3,Thursday,0.0,1,False,False,True,False,False,False,False,False,True,Medium,0.0,Q1,0,2.1544300207232476,2.760973354017973,0.11596927186031936,-1.4946488237692583,-0.18050616968665995,0.142260715126882,6.166666666666667,0.07622973861597256
CUST100654,48.0,Female,Graduate,Salaried,2025-07-05,368630.8028311436,221426.55400403877,768.2511771120425,43,4.080420486172997,0,0,4.65,3.95,7.17,2025,7,5,Saturday,2.0,0,True,False,False,False,False,False,False,False,True,Medium,1.0,Q2,2,1.625394031033606,2.0200050708285358,0.1968341011775749,0.38348786447468886,0.07741470671564037,0.6006729559859008,7.166666666666667,0.04080420486172997
CUST100655,48.0,Female,Graduate,Self-Employed,2018-01-19,307993.4955516453,44230.151867681205,731.059030994799,60,21.087890930072167,0,1,4.93,3.44,11.79,2018,1,19,Friday,2.0,0,False,True,False,False,False,False,True,False,False,Medium,1.0,Q4,3,3.0950295366435574,4.5921553686773455,0.045273675208098864,-1.5096142467435296,-0.21878725455646372,0.14360742193097567,10.0,0.21087890930072167
CUST100656,57.0,Male,Primary,Salaried,2019-02-16,339873.3375815091,261414.1859404101,673.5240317349376,49,38.45095710807512,0,1,4.93,3.44,11.79,2019,2,16,Saturday,0.0,1,False,True,False,False,True,False,False,False,False,Medium,0.0,Q3,1,3.6750583082922628,6.200883574787961,0.025347927485270372,0.5891882609426411,-0.05482866991484432,0.7691517899008987,8.166666666666666,0.38450957108075123
CUST100657,61.0,Female,Post-Graduate,Salaried,2024-06-18,1007306.609547665,513273.9940497161,619.2438354305245,34,25.225286409871124,1,4,7.12,7.52,10.17,2024,6,18,Tuesday,3.0,0,False,False,False,True,True,False,False,False,False,Very High,0.0,Q1,0,3.2667240754761515,5.022478114424305,0.038131137421004595,1.4465308751895056,1.5125706600509639,0.5095509045455423,5.666666666666667,0.2522528640987112
CUST100658,56.0,Female,Secondary,Salaried,2023-12-09,1520363.028523003,793030.6293830958,648.910521813238,46,47.84727587425196,0,0,7.2,8.56,11.89,2023,12,9,Saturday,1.0,0,False,False,True,False,False,False,False,True,False,Very High,0.0,Q3,2,3.8886986118213107,6.917172534659806,0.02047197069032693,2.0179934530949573,2.0050504333898753,0.521606099665227,7.666666666666667,0.47847275874251965
CUST100659,47.0,Female,Secondary,Salaried,2018-06-30,454182.89859819337,249471.5869394592,619.5996608771428,54,33.47718831856701,0,0,7.12,7.52,10.17,2018,6,30,Saturday,1.0,0,False,False,False,True,True,False,False,False,False,Medium,0.0,Q4,3,3.540297897185315,5.785947486675541,0.029004685380955783,0.5310422605508849,0.4053181649871984,0.5492756061697553,9.0,0.3347718831856701
CUST100660,37.0,Female,Secondary,Salaried,2019-12-19,341129.7328349278,80728.68048091797,745.4441350466838,36,29.130429811199583,0,1,7.2,8.56,11.89,2019,12,19,Thursday,1.0,0,False,False,True,False,False,False,True,False,False,Medium,1.0,Q1,0,3.405535618264478,5.397261325079562,0.033189038665100506,-0.8236891964697067,-0.048763419012096396,0.2366509650449686,6.0,0.2913042981119958
CUST100661,29.0,Male,Secondary,Salaried,2019-08-06,139054.04416176688,35897.11332788472,582.8826401285268,36,20.532173197069024,0,1,4.93,3.44,11.79,2019,8,6,Tuesday,1.0,1,False,True,False,False,False,False,False,True,False,Low,0.0,Q1,0,3.0695482443719624,4.5312441113968935,0.04644213061299919,-1.7418766285759433,-1.6990655994959225,0.2581522424915901,6.0,0.20532173197069026
CUST100662,53.0,Male,Primary,Salaried,2018-06-21,229520.83303469603,81492.25732883255,723.8935425837582,47,6.002705552049377,0,0,4.65,3.95,7.17,2018,6,21,Thursday,0.0,1,True,False,False,False,False,True,False,False,False,Low,1.0,Q3,1,1.9462965818161806,2.450041949038705,0.1428019488420936,-0.8127596172879058,-0.7327118082938255,0.35505385829840375,7.833333333333333,0.06002705552049377
CUST100663,40.0,Male,Graduate,Salaried,2025-05-23,335695.0301863905,192956.54079850385,607.6637942672986,46,23.54952164226987,0,3,7.2,8.56,11.89,2025,5,23,Friday,2.0,1,False,False,True,False,True,False,False,False,False,Medium,0.0,Q3,2,3.20069236901077,4.852784936741981,0.040733991259454094,0.21450559300325478,-0.07520226652694242,0.5747971326574811,7.666666666666667,0.2354952164226987
CUST100664,33.0,Male,Post-Graduate,Unemployed,2022-07-17,235852.54221847752,63230.70351848139,755.6741464289594,48,11.888272473305006,0,1,4.93,3.44,11.79,2022,7,17,Sunday,3.0,1,False,True,False,False,True,False,False,False,False,Low,1.0,Q3,1,2.5563177872794514,3.4479374230552686,0.07758991766128955,-1.1051781281568178,-0.6835760863925079,0.2680942207521716,8.0,0.11888272473305006
CUST100665,48.0,Female,Secondary,Unemployed,2021-05-06,251213.77334719128,48500.683041233046,684.1420739046405,46,26.202794546025583,0,1,7.12,7.52,10.17,2021,5,6,Thursday,1.0,0,False,False,False,True,False,False,False,True,False,Low,0.0,Q3,2,3.3033197086871966,5.1188665294209015,0.03676092904014169,-1.4061342785064954,-0.5709079007601062,0.193065381706609,7.666666666666667,0.2620279454602558
CUST100666,49.0,Female,Graduate,Salaried,2022-11-28,932135.7004720136,816638.0368163007,590.0490080044106,38,11.370068451452346,0,3,7.2,8.56,11.89,2022,11,28,Monday,2.0,0,False,False,True,False,False,False,False,False,True,High,0.0,Q1,0,2.5152797200554033,3.3719532101516987,0.08084029639161713,2.0570633743338838,1.4140618168390708,0.8760935091347458,6.333333333333333,0.11370068451452346
CUST100667,33.0,Male,Graduate,Self-Employed,2023-06-18,368528.9275125862,43333.64046051511,625.2550069198394,49,44.79948723406374,1,0,4.65,3.95,7.17,2023,6,18,Sunday,2.0,1,True,False,False,False,True,False,False,False,False,Medium,0.0,Q3,1,3.8242728952946656,6.693241907630692,0.021834305587077444,-1.5325267828933589,0.07696916008833095,0.11758545184769834,8.166666666666666,0.4479948723406374
CUST100668,55.0,Male,Post-Graduate,Salaried,2017-11-29,388841.5428836916,288581.83233604487,706.931248537866,36,36.85574082821867,0,1,7.12,7.52,10.17,2017,11,29,Wednesday,3.0,1,False,False,False,True,False,False,True,False,False,Medium,1.0,Q1,0,3.633782641518807,6.070892918526786,0.026416072651643197,0.7126706184110418,0.16288885285889038,0.7421579242688173,6.0,0.3685574082821867
CUST100669,26.0,Male,Graduate,Self-Employed,2019-06-22,2482805.5653501344,176550.31972968546,610.0685741140752,40,13.749884023603167,0,0,7.12,7.52,10.17,2019,6,22,Saturday,2.0,1,False,False,False,True,True,False,False,False,False,Very High,0.0,Q1,2,2.691235219948352,3.708083605260697,0.06779714324531452,0.10613827935730931,2.53010332096283,0.07110920089499143,6.666666666666667,0.13749884023603168
CUST100670,38.0,Female,Secondary,Self-Employed,2022-01-07,734192.720308644,247989.22303730767,651.7709188304965,43,29.80580687311813,0,1,4.93,3.44,11.79,2022,1,7,Friday,1.0,0,False,True,False,False,False,True,False,False,False,High,0.0,Q2,2,3.4277032070505666,5.4594694681001865,0.03246141236029833,0.5236431823383667,1.098772589744389,0.33777129107607684,7.166666666666667,0.2980580687311813
CUST100671,25.0,Male,Secondary,Unemployed,2017-11-22,318842.5936671383,66479.09298116888,608.9644664680844,49,37.94324401984039,0,4,7.2,8.56,11.89,2017,11,22,Wednesday,1.0,1,False,False,True,False,True,False,False,False,False,Medium,0.0,Q3,1,3.6621053046364325,6.1598087648757724,0.025678394935217275,-1.0477903518690193,-0.1607045914323942,0.2085012928058507,8.166666666666666,0.37943244019840394
CUST100672,45.0,Female,Graduate,Salaried,2025-08-18,264999.12442584534,57373.08353719091,790.7293718598837,46,34.2696390280956,0,1,7.12,7.52,10.17,2025,8,18,Monday,2.0,0,False,False,False,True,False,False,False,False,True,Low,1.0,Q3,2,3.5630225096647,5.85402759030871,0.028352997863216167,-1.2160499838985306,-0.4768767662934581,0.21650291736433874,7.666666666666667,0.34269639028095594
CUST100673,22.0,Male,Post-Graduate,Self-Employed,2025-04-06,140301.5774752549,92310.76261112253,804.4857514361064,58,8.222295949681572,0,1,4.65,3.95,7.17,2025,4,6,Sunday,3.0,1,True,False,False,False,True,False,False,False,False,Low,1.0,Q4,3,2.2216240249722072,2.867454611616646,0.10843286806844754,-0.667458309216304,-1.680776635636766,0.6579452937897541,9.666666666666666,0.08222295949681571
CUST100674,30.0,Male,Secondary,Salaried,2016-03-25,349178.61173655256,214481.311646116,767.0499162713379,40,9.916504111904672,0,3,7.2,8.56,11.89,2016,3,25,Friday,1.0,1,False,False,True,False,False,False,False,True,False,Medium,1.0,Q1,2,2.3902757827897374,3.1490481279117777,0.09160441747184242,0.34423480635525416,-0.01055690619468497,0.6142452728689389,6.666666666666667,0.09916504111904673
CUST100675,50.0,Other,Secondary,Unemployed,2024-11-19,260085.36913543756,188873.09501501484,640.0500827892934,44,35.30006567497323,0,0,4.65,3.95,7.17,2024,11,19,Tuesday,1.0,2,True,False,False,False,True,False,False,False,False,Low,0.0,Q2,2,3.5918195504970813,5.941385837914689,0.027548159525492028,0.1883673314269963,-0.5096799112692849,0.7261965394011093,7.333333333333333,0.35300065674973236
CUST100676,25.0,Other,Post-Graduate,Salaried,2022-06-25,995248.6133664908,845946.33084657,845.3866246274578,45,13.228343551233085,0,2,7.12,7.52,10.17,2022,6,25,Saturday,3.0,2,False,False,False,True,False,False,False,False,True,High,1.0,Q2,2,2.6552359999314037,3.6370789861141435,0.07028225010165264,2.1041167652567663,1.4973978398255026,0.8499849379192838,7.5,0.13228343551233085
CUST100677,53.0,Male,Post-Graduate,Self-Employed,2020-02-16,1095081.354917487,715681.5390681197,587.6669136388696,48,51.23366971261429,0,0,4.65,3.95,7.17,2020,2,16,Sunday,3.0,1,True,False,False,False,False,False,False,True,False,Very High,0.0,Q3,1,3.9557273006083102,7.157769884022137,0.019144739504268503,1.8818442838126639,1.616603149702795,0.6535418906132736,8.0,0.5123366971261428
CUST100678,21.0,Female,Post-Graduate,Self-Employed,2016-09-16,172617.19967173462,38783.84461041119,772.8577032642485,32,20.45855151883852,0,5,4.93,3.44,11.79,2016,9,16,Friday,3.0,0,False,True,False,False,False,False,True,False,False,Low,1.0,Q1,0,3.0661232381323007,4.523113034055032,0.04660146790998905,-1.6561559760751885,-1.2674490561322957,0.22468122924115477,5.333333333333333,0.2045855151883852
CUST100679,38.0,Female,Graduate,Self-Employed,2020-05-23,184740.61834887063,54453.05347785436,724.4578968560935,42,30.73423570010207,0,0,4.65,3.95,7.17,2020,5,23,Saturday,2.0,0,True,False,False,False,False,False,False,True,False,Low,1.0,Q2,2,3.457396088652503,5.543846651928791,0.03151170897734221,-1.2753587980431564,-1.1366283689767391,0.2947540934123286,7.0,0.3073423570010207
CUST100680,52.0,Female,Secondary,Salaried,2017-06-03,306878.8179762915,237449.01510753663,728.3008705205872,40,27.610510274096576,0,1,7.2,8.56,11.89,2017,6,3,Saturday,1.0,0,False,False,True,False,False,True,False,False,False,Medium,1.0,Q1,2,3.3537741424184024,5.254570417655146,0.03495219031117321,0.46980107536111443,-0.22489913272405018,0.7737549846984916,6.666666666666667,0.2761051027409658
CUST100681,31.0,Male,Graduate,Unemployed,2025-11-07,221987.7019644499,59369.47002175125,650.84436571443,45,31.98017670568141,0,2,4.65,3.95,7.17,2025,11,7,Friday,2.0,1,True,False,False,False,False,False,False,True,False,Low,0.0,Q2,2,3.4959066750819687,5.655101829824234,0.030321244453118186,-1.177113424195597,-0.7934197052382468,0.26744486066736683,7.5,0.31980176705681407
CUST100682,41.0,Female,Graduate,Salaried,2025-01-26,412689.1583777756,65212.25499581854,509.3682012593673,47,26.222800218958803,0,0,4.65,3.95,7.17,2025,1,26,Sunday,2.0,0,True,False,False,False,False,False,True,False,False,Medium,0.0,Q3,1,3.304054865516281,5.120820268175676,0.036733913923504787,-1.0698506502705443,0.25688827083835547,0.15801785356358516,7.833333333333333,0.262228002189588
CUST100683,46.0,Female,Primary,Self-Employed,2015-11-15,297754.8888959752,197299.5483728821,650.84436571443,46,56.78318430714609,0,1,4.93,3.44,11.79,2015,11,15,Sunday,0.0,0,False,True,False,False,True,False,False,False,False,Low,0.0,Q3,2,4.056697804408188,7.535461784598612,0.01730607289976453,0.2417406986643014,-0.275990030110455,0.6626240432338004,7.666666666666667,0.5678318430714608
CUST100684,45.0,Female,Graduate,Salaried,2025-06-13,428617.1624783376,180885.4796981788,654.6107250322008,44,23.145518399629182,0,1,4.65,3.95,7.17,2025,6,13,Friday,2.0,0,True,False,False,False,False,False,False,True,False,Medium,0.0,Q2,2,3.1840987893633668,4.810978944001853,0.04141555312456483,0.1356649829647476,0.31597832355472444,0.42202108439211367,7.333333333333333,0.23145518399629184
CUST100685,42.0,Male,Graduate,Salaried,2025-03-06,3643679.941941896,557137.7381973134,608.1860594906932,44,29.259428503373304,1,2,4.65,3.95,7.17,2025,3,6,Thursday,2.0,1,True,False,False,False,False,False,False,True,False,Very High,0.0,Q2,2,3.409807821974768,5.409198508408922,0.03304755077871086,1.5531105973710235,2.8987412322613357,0.15290523511249654,7.333333333333333,0.292594285033733
CUST100686,47.0,Male,Secondary,Salaried,2023-10-01,191274.92955317115,118629.48728734304,598.9838964485895,51,56.91614199914444,0,1,7.12,7.52,10.17,2023,10,1,Sunday,1.0,1,False,False,False,True,False,False,False,True,False,Low,0.0,Q4,1,4.05899613672818,7.544278759374182,0.017266343466296016,-0.37175571337406565,-1.0704788503082134,0.6202040568749292,8.5,0.5691614199914444
CUST100687,33.0,Male,Graduate,Salaried,2018-10-27,658109.5813754387,113415.43463583585,677.6118698982899,42,21.60665150016737,0,0,7.12,7.52,10.17,2018,10,27,Saturday,2.0,1,False,False,False,True,False,False,False,True,False,High,0.0,Q2,2,3.1182441771430196,4.648295547850563,0.04423476869153295,-0.42506822992794063,0.9479553771832884,0.17233518223332864,7.0,0.2160665150016737
CUST100688,43.0,Female,Graduate,Salaried,2018-10-06,233937.33314673667,200784.9633538272,650.84436571443,51,24.902730422958875,0,1,7.2,8.56,11.89,2018,10,6,Saturday,2.0,0,False,False,True,False,False,False,True,False,False,Low,0.0,Q4,1,3.2543483848848753,4.990263562474318,0.038605968701803356,0.2631931726609098,-0.6982634837057812,0.8582852538029287,8.5,0.24902730422958874
CUST100689,54.0,Male,Post-Graduate,Salaried,2018-09-08,1314661.4125496666,403398.3472087765,593.90183451226,51,13.500919825390987,0,1,7.12,7.52,10.17,2018,9,8,Saturday,3.0,1,False,False,False,True,False,False,False,False,True,Very High,0.0,Q4,1,2.674212083648397,3.67435978442381,0.06896114260620961,1.1364580079082336,1.8368243244456153,0.30684581091219676,8.5,0.13500919825390986
CUST100690,61.0,Female,Primary,Salaried,2016-05-02,957983.256985489,354233.4615830302,545.5512251475058,47,36.95122490504731,1,3,7.12,7.52,10.17,2016,5,2,Monday,0.0,0,False,False,False,True,False,False,False,False,True,High,0.0,Q3,1,3.6363017801335946,6.078751920011814,0.026349610651618397,0.971007256099004,1.4490180315858558,0.3697699923250286,7.833333333333333,0.36951224905047314
CUST100691,43.0,Other,Secondary,Self-Employed,2016-03-26,338456.81933918805,142763.9060630369,595.8023059617818,41,40.08776498616158,1,1,7.12,7.52,10.17,2016,3,26,Saturday,1.0,2,False,False,False,True,False,False,False,True,False,Medium,0.0,Q1,2,3.7157103882828744,6.331489949937659,0.024338145439081475,-0.15058552049988677,-0.06170052388344274,0.4218083309468336,6.833333333333333,0.4008776498616158
CUST100692,21.0,Male,Graduate,Self-Employed,2015-12-19,352990.4950251373,28644.269882523808,566.4828829958453,44,4.741879126750545,0,2,7.12,7.52,10.17,2015,12,19,Saturday,2.0,1,False,False,False,True,False,False,True,False,False,Medium,0.0,Q2,2,1.747786530754653,2.1775856186957485,0.17415901274221388,-1.9897587548586244,0.007156298991185425,0.08114742545825201,7.333333333333333,0.04741879126750545
CUST100693,41.0,Female,Secondary,Salaried,2018-02-13,181149.948530225,90069.9893982521,697.426609274079,49,53.35167341344598,0,1,4.93,3.44,11.79,2018,2,13,Tuesday,1.0,0,False,True,False,False,False,False,True,False,False,Low,0.0,Q3,1,3.995475402669052,7.304222984920845,0.018398697541345828,-0.6961884773548404,-1.1742327269631916,0.49721233778448387,8.166666666666666,0.5335167341344598
CUST100694,26.0,Male,Graduate,Salaried,2023-03-22,611810.0278180875,121538.99434601604,649.6712996632062,43,63.41108331752508,0,1,7.12,7.52,10.17,2023,3,22,Wednesday,2.0,1,False,False,False,True,False,False,False,True,False,High,0.0,Q2,2,4.1652857195064,7.963107641965232,0.015525278391458418,-0.3429567848290626,0.8451034584017342,0.1986547928602338,7.166666666666667,0.6341108331752509
CUST100695,48.0,Female,Graduate,Salaried,2023-06-12,355669.902702434,149657.4519340908,800.4391382588448,31,20.85394895015388,0,2,4.93,3.44,11.79,2023,6,12,Monday,2.0,0,False,True,False,False,False,True,False,False,False,Medium,1.0,Q1,0,3.0843816351960625,4.566612415144719,0.04575832048847898,-0.09387322486016572,0.019464977596844422,0.4207762613506814,5.166666666666667,0.2085394895015388
CUST100696,37.0,Male,Secondary,Salaried,2020-04-24,631668.5765899136,240392.7397206796,708.7748095710609,51,23.03627546104061,0,1,4.93,3.44,11.79,2020,4,24,Friday,1.0,1,False,True,False,False,False,False,False,True,False,High,1.0,Q4,1,3.1795641667588415,4.799612011510994,0.04160378348221454,0.4850610118611019,0.8903678051528637,0.3805678303936675,8.5,0.2303627546104061
CUST100697,25.0,Female,Graduate,Self-Employed,2021-06-25,1359377.4309972243,976402.8368437232,795.1084909598533,43,15.71042287522369,0,0,7.12,7.52,10.17,2021,6,25,Friday,2.0,0,False,False,False,True,False,True,False,False,False,Very High,1.0,Q2,2,2.816032649003053,3.9636375812154787,0.05984289012115222,2.2965323112203264,1.8760666845128362,0.7182720667412029,7.166666666666667,0.1571042287522369
CUST100698,51.0,Female,Graduate,Self-Employed,2023-11-11,228152.65805761536,169411.65548776352,537.6899712073907,44,17.922273304519976,0,0,4.65,3.95,7.17,2023,11,11,Saturday,2.0,0,True,False,False,False,False,False,False,True,False,Low,0.0,Q2,2,2.940339709921732,4.233470598046003,0.052847772775860356,0.05599817569865752,-0.7435514432856183,0.7425364093061849,7.333333333333333,0.17922273304519976
CUST100699,25.0,Female,Secondary,Salaried,2025-05-19,173150.60670387247,38565.88759987558,449.19080621417856,46,25.347453003074428,1,1,4.93,3.44,11.79,2025,5,19,Monday,1.0,0,False,True,False,False,False,True,False,False,False,Low,0.0,Q3,2,3.271371610090591,5.034625408416641,0.037954332810967044,-1.66241515418952,-1.261454923229125,0.2227303059112704,7.666666666666667,0.25347453003074427
CUST100700,58.0,Female,Post-Graduate,Salaried,2020-11-02,406580.06104576384,159883.9294174108,669.4393622748321,53,42.47135054829384,0,4,4.65,3.95,7.17,2020,11,2,Monday,3.0,0,True,False,False,False,False,True,False,False,False,Medium,0.0,Q4,3,3.7721021130318606,6.517004722132234,0.02300365614105007,-0.01411037990237437,0.23346548656035426,0.393240949903381,8.833333333333334,0.4247135054829384
CUST100701,23.0,Female,Post-Graduate,Salaried,2015-09-05,719891.4868109645,287008.1584417195,659.8576192793686,41,42.75735103490718,0,3,4.65,3.95,7.17,2015,9,5,Saturday,3.0,0,True,False,False,False,False,False,False,True,False,High,0.0,Q1,2,3.7786596223442515,6.53891053883651,0.022853302961649932,0.7058224457632598,1.071953496795849,0.39868252882546534,6.833333333333333,0.4275735103490718
CUST100702,43.0,Female,Graduate,Self-Employed,2024-08-04,206019.0308205112,45556.64941470359,640.177166836165,49,43.64173430875221,0,1,7.12,7.52,10.17,2024,8,4,Sunday,2.0,0,False,False,False,True,False,True,False,False,False,Low,0.0,Q3,1,3.7986691683208886,6.606189091204717,0.022400563407411023,-1.4765009460441496,-0.9310467767357145,0.22112835514886806,8.166666666666666,0.4364173430875221
CUST100703,57.0,Female,Graduate,Unemployed,2016-07-21,369821.1699254131,273210.1244878037,657.6637380503716,47,32.05840475568031,0,1,7.2,8.56,11.89,2016,7,21,Thursday,2.0,0,False,False,True,False,True,False,False,False,False,Medium,0.0,Q3,1,3.498275838224439,5.662014195997773,0.03024949350673594,0.6442184810495346,0.08260937009730712,0.7387628040409524,7.833333333333333,0.3205840475568031
CUST100704,57.0,Female,Graduate,Salaried,2016-11-14,824082.7237084096,548659.9900495617,560.0779052215513,41,31.484534429732868,1,1,7.12,7.52,10.17,2016,11,14,Monday,2.0,0,False,False,False,True,False,False,False,False,True,High,0.0,Q1,2,3.480764112376102,5.611108128501256,0.030783879700141462,1.5331416201982313,1.2536444956702653,0.6657826626683386,6.833333333333333,0.3148453442973287
CUST100705,30.0,Male,Post-Graduate,Salaried,2025-03-13,135981.38725128406,34308.84225156703,695.054295830756,52,16.482027674393965,0,0,7.2,8.56,11.89,2025,3,13,Thursday,3.0,1,False,False,True,False,False,False,True,False,False,Low,0.0,Q4,1,2.8611733631792355,4.059806359223795,0.057201602618711454,-1.7918459831926066,-1.7449970314005294,0.25230542903762776,8.666666666666666,0.16482027674393965
CUST100706,30.0,Female,Graduate,Self-Employed,2016-10-05,417145.6735650764,164095.73341365217,708.895459208187,49,5.139429859964363,0,0,7.2,8.56,11.89,2016,10,5,Wednesday,2.0,0,False,False,True,False,False,True,False,False,False,Medium,1.0,Q3,1,1.8147318811642739,2.26703106726934,0.16288157415415194,0.017353102645317153,0.2737039437059456,0.39337752687503924,8.166666666666666,0.051394298599643624
CUST100707,39.0,Female,Graduate,Unemployed,2016-04-23,261957.6540300144,249257.25037172352,554.0201026397514,41,6.106420410370001,0,1,7.12,7.52,10.17,2016,4,23,Saturday,2.0,0,False,False,False,True,False,True,False,False,False,Low,0.0,Q1,2,1.9609986585802845,2.4711172393008796,0.14071782166739757,0.5299749802997586,-0.4970905495681235,0.9515173408262554,6.833333333333333,0.06106420410370001
CUST100708,37.0,Female,Post-Graduate,Salaried,2022-07-23,390230.92356530967,235139.6048152821,621.7090863320567,39,65.07069574933882,1,2,7.12,7.52,10.17,2022,7,23,Saturday,3.0,0,False,False,False,True,False,False,True,False,False,Medium,0.0,Q1,0,4.190725316474299,8.066640921061184,0.015135303006250045,0.4577043367471467,0.168560486113078,0.6025652776744351,6.5,0.6507069574933882
CUST100709,41.0,Female,Secondary,Salaried,2016-01-03,554526.8875681745,109295.88520330176,626.6508920688191,40,17.473692710848105,0,1,7.2,8.56,11.89,2016,1,3,Sunday,1.0,0,False,False,True,False,False,True,False,False,False,Medium,0.0,Q1,2,2.9163477044306982,4.180154627624211,0.05413102922366901,-0.4688450962137029,0.7035417294158536,0.19709753963889576,6.666666666666667,0.17473692710848104
CUST100710,34.0,Female,Post-Graduate,Salaried,2025-08-08,413529.9017982687,367523.5981246428,596.3351278271776,43,29.87887776035132,0,1,7.12,7.52,10.17,2025,8,8,Friday,3.0,0,False,False,False,True,False,False,True,False,False,Medium,0.0,Q2,2,3.4300723825386554,5.466157495018902,0.03238459660875392,1.0177632449368177,0.2600779041524515,0.8887473348999341,7.166666666666667,0.2987887776035132
CUST100711,29.0,Male,Secondary,Salaried,2025-12-18,197573.6210616545,143151.1096213702,557.1110087893422,40,43.84325488733262,1,2,7.2,8.56,11.89,2025,12,18,Thursday,1.0,1,False,False,True,False,False,False,False,True,False,Low,0.0,Q1,2,3.803173184493075,6.621423932005307,0.02229989777754695,-0.14733249086804373,-1.009328229342291,0.7245456597502898,6.666666666666667,0.4384325488733262
CUST100712,21.0,Female,Secondary,Salaried,2020-01-19,268136.73029513087,110523.50400596648,650.84436571443,51,34.14554993243432,0,0,4.65,3.95,7.17,2020,1,19,Sunday,1.0,0,True,False,False,False,True,False,False,False,False,Low,0.0,Q4,1,3.559498008035233,5.8434193698924535,0.02845310435951218,-0.45563962225405746,-0.45632489258736925,0.41219083966719605,8.5,0.3414554993243432
CUST100713,33.0,Male,Secondary,Salaried,2015-12-23,852523.2736144615,479843.7013950869,670.8644416531439,54,31.15501346541564,1,4,7.12,7.52,10.17,2015,12,23,Wednesday,1.0,1,False,False,False,True,True,False,False,False,False,High,0.0,Q4,3,3.4705683783525805,5.58166762405427,0.031099349439724266,1.359386590358511,1.298308484267827,0.5628511458234836,9.0,0.3115501346541564
CUST100714,24.0,Female,Post-Graduate,Salaried,2021-09-21,441246.8446876067,365826.0451386512,601.1854312988564,55,24.672049126813626,0,0,4.65,3.95,7.17,2021,9,21,Tuesday,3.0,0,True,False,False,False,False,False,False,False,True,Medium,0.0,Q4,3,3.2454028174397864,4.967096649634837,0.0389528703010907,1.0118804840852673,0.36091942561260276,0.8290734529731272,9.166666666666666,0.24672049126813625
CUST100715,21.0,Other,Post-Graduate,Salaried,2018-09-30,352990.4950251373,325806.8430381509,562.7369121794834,44,12.479959296268053,0,1,4.93,3.44,11.79,2018,9,30,Sunday,3.0,2,False,True,False,False,False,True,False,False,False,Medium,0.0,Q2,2,2.6012040859149175,3.53269858553883,0.07418420026511886,0.8651969418904577,0.007156298991185425,0.9229904137077386,7.333333333333333,0.12479959296268053
CUST100716,60.0,Male,Graduate,Self-Employed,2021-02-04,420911.2092849636,100849.81607102364,682.8445796033099,41,58.54306137107525,0,1,4.65,3.95,7.17,2021,2,4,Thursday,2.0,1,True,False,False,False,False,False,False,False,True,Medium,0.0,Q1,2,4.086699771314446,7.651343762442989,0.016794568115467753,-0.5636716780793297,0.2877387449492473,0.23959878911836416,6.833333333333333,0.5854306137107524
CUST100717,52.0,Other,Graduate,Salaried,2024-07-28,588580.8862102707,237176.13393203667,588.6143619811476,42,32.15355152566753,0,0,4.65,3.95,7.17,2024,7,28,Sunday,2.0,2,True,False,False,False,False,False,False,True,False,Medium,0.0,Q2,2,3.501149845905921,5.6704101726125185,0.030162681039640607,0.4683774951300252,0.7897737816896565,0.40296268446492745,7.0,0.3215355152566753
CUST100718,54.0,Female,Graduate,Salaried,2024-11-21,285589.95750668104,221193.9606913252,625.2635589120636,42,13.77942363093219,0,1,7.2,8.56,11.89,2024,11,21,Thursday,2.0,0,False,False,True,False,True,False,False,False,False,Low,0.0,Q2,2,2.693235918205691,3.7120646048974133,0.06766163721750809,0.3821921473153713,-0.3472291632740343,0.7745158920237964,7.0,0.1377942363093219
CUST100719,48.0,Female,Post-Graduate,Salaried,2019-01-06,228546.0525595488,140640.4787054818,615.1138697473424,43,12.598386459929086,0,0,4.65,3.95,7.17,2019,1,6,Sunday,3.0,0,True,False,False,False,False,False,False,True,False,Low,0.0,Q2,2,2.6099511430511373,3.5494205808736004,0.07353813652426634,-0.16857399810318371,-0.7404264151791027,0.6153704127916942,7.166666666666667,0.12598386459929087
CUST100720,51.0,Female,Graduate,Salaried,2025-12-21,572758.0352767044,355441.89942980686,749.6566931335728,38,27.022968886025687,0,3,7.12,7.52,10.17,2025,12,21,Sunday,2.0,0,False,False,False,True,False,False,False,True,False,Medium,1.0,Q1,0,3.33302449125687,5.198362134944591,0.03568501267896256,0.9753262269338349,0.7505023428741391,0.6205795074670403,6.333333333333333,0.2702296888602569
CUST100721,28.0,Female,Secondary,Salaried,2020-01-17,712421.0701611502,565275.6193944124,592.2855628757105,53,22.0063479936716,0,1,7.2,8.56,11.89,2020,1,17,Friday,1.0,0,False,False,True,False,False,True,False,False,False,High,0.0,Q4,3,3.1357701775730846,4.69109240941506,0.043466264192607705,1.5720121010278891,1.057678745443312,0.7934571885507915,8.833333333333334,0.220063479936716
CUST100722,59.0,Female,Secondary,Salaried,2024-03-31,209280.59985406403,170601.03416070613,650.84436571443,55,46.28990101168302,0,1,4.93,3.44,11.79,2024,3,31,Sunday,1.0,0,False,True,False,False,False,False,False,True,False,Low,0.0,Q4,3,3.8562967634347953,6.803668202645028,0.021146163950585325,0.06448834190548687,-0.9018786718502041,0.8151784459700039,9.166666666666666,0.4628990101168302
CUST100723,46.0,Female,Graduate,Salaried,2021-08-11,256384.3880529451,214294.8033263468,710.1841550513205,47,43.5127831560643,0,2,7.12,7.52,10.17,2021,8,11,Wednesday,2.0,0,False,False,False,True,True,False,False,False,False,Low,1.0,Q3,1,3.7957764098544144,6.5964219965117685,0.022465456641835767,0.3431643076173533,-0.5349011956491004,0.835834057423549,7.833333333333333,0.435127831560643
CUST100724,54.0,Male,Graduate,Self-Employed,2017-11-25,328425.11912756826,57763.19798741407,795.6718940631482,41,31.447862653679447,0,0,4.93,3.44,11.79,2017,11,25,Saturday,2.0,1,False,True,False,False,False,False,False,False,True,Medium,1.0,Q1,2,3.479634575146626,5.607839392643075,0.030818670883599915,-1.2083422844801308,-0.11141537440540791,0.1758793546025249,6.833333333333333,0.3144786265367945
CUST100725,23.0,Male,Secondary,Salaried,2021-11-15,957321.6946312116,1111203.2373169912,703.1711063663739,51,13.46911985364054,0,0,4.65,3.95,7.17,2021,11,15,Monday,1.0,1,True,False,False,False,True,False,False,False,False,High,1.0,Q4,1,2.6720167131984542,3.6700299526898332,0.0691127041668946,2.4714582253254114,1.4481380541865603,1.1607417272049385,8.5,0.1346911985364054
CUST100726,32.0,Female,Primary,Unemployed,2019-07-03,507819.4617308689,351618.0633504229,632.3164441838263,44,28.11374690404089,0,1,7.12,7.52,10.17,2019,7,3,Wednesday,0.0,0,False,False,False,True,False,True,False,False,False,Medium,0.0,Q2,2,3.371210464831374,5.302239800691863,0.03434803508102227,0.961612161659056,0.5738936922880932,0.6924076169746549,7.333333333333333,0.2811374690404089
CUST100727,21.0,Female,Post-Graduate,Salaried,2017-04-07,163660.24843592066,115469.09326063584,576.6106936678244,50,9.920602641115536,1,3,7.12,7.52,10.17,2017,4,7,Friday,3.0,0,False,False,False,True,True,False,False,False,False,Low,0.0,Q4,1,2.3906511557093593,3.149698817524548,0.09157003810715068,-0.4038003024957439,-1.3716899728459166,0.705541476101611,8.333333333333334,0.09920602641115536
CUST100728,64.0,Female,Primary,Salaried,2018-03-15,342562.8162736556,200527.01028792604,621.5670887380581,45,38.974252245668445,0,1,4.93,3.44,11.79,2018,3,15,Thursday,0.0,0,False,True,False,False,False,False,True,False,False,Medium,0.0,Q2,2,3.6882355529958097,6.242936187858118,0.02501610271167383,0.26161753423696443,-0.04187911068144088,0.5853729615760032,7.5,0.38974252245668445
CUST100729,25.0,Female,Graduate,Salaried,2019-12-17,312535.31399240816,72955.07713651012,768.9824820178582,48,13.960504760400696,0,1,7.12,7.52,10.17,2019,12,17,Tuesday,2.0,0,False,False,False,True,False,False,False,False,True,Medium,1.0,Q3,1,2.7054137126456235,3.7363758858552623,0.06684266446991301,-0.9408499196280957,-0.19416613667126745,0.23342986814693933,8.0,0.13960504760400697
CUST100730,50.0,Male,Post-Graduate,Salaried,2020-04-08,179160.6675650925,132209.1857759608,646.1648966124092,51,28.21070215499336,0,0,7.12,7.52,10.17,2020,4,8,Wednesday,3.0,1,False,False,False,True,False,False,True,False,False,Low,0.0,Q4,1,3.374535154282369,5.311374789543039,0.034234028154953376,-0.24261401742012528,-1.195468362683416,0.7379364431533314,8.5,0.2821070215499336
CUST100731,50.0,Female,Graduate,Self-Employed,2021-01-02,352990.4950251373,229967.75763523253,702.8735509724087,50,18.217890670645566,0,1,7.12,7.52,10.17,2021,1,2,Saturday,2.0,0,False,False,False,True,False,False,True,False,False,Medium,1.0,Q4,1,2.9558416509350316,4.268242105439377,0.052034846963067254,0.43020378910084833,0.007156298991185425,0.6514842775549975,8.333333333333334,0.18217890670645567
CUST100732,37.0,Male,Secondary,Self-Employed,2021-08-24,304363.361962607,51409.59460738691,666.5577076052793,43,12.05786002751851,0,0,4.65,3.95,7.17,2021,8,24,Tuesday,1.0,1,True,False,False,False,False,True,False,False,False,Medium,0.0,Q2,2,2.5693902534175512,3.4724429480581116,0.07658222694167124,-1.3404458479534527,-0.2387938790787111,0.16890861723922904,7.166666666666667,0.1205786002751851
CUST100733,43.0,Female,Graduate,Salaried,2015-06-17,3643679.941941896,137341.377054942,669.9728942807393,51,8.853019688804686,0,0,4.93,3.44,11.79,2015,6,17,Wednesday,2.0,0,False,True,False,False,False,False,False,True,False,Very High,0.0,Q4,1,2.2877779755931553,2.9754024414866445,0.10149172858511911,-0.1970351095558599,2.8987412322613357,0.037693040893637335,8.5,0.08853019688804686
CUST100734,35.0,Male,Post-Graduate,Salaried,2025-07-07,283671.2225838083,67849.02755782218,673.0527747171932,55,38.44076982352842,0,0,7.12,7.52,10.17,2025,7,7,Monday,3.0,1,False,False,False,True,False,False,True,False,False,Low,0.0,Q4,3,3.6748000483960848,6.200062082231792,0.025354474683794058,-1.0243751860935415,-0.35881077238356873,0.23918191961744287,9.166666666666666,0.3844076982352842
CUST100735,57.0,Male,Graduate,Self-Employed,2024-02-29,875750.1645968339,324011.4791243141,689.6273189465962,55,2.6882947188078363,0,1,7.2,8.56,11.89,2024,2,29,Thursday,2.0,1,False,False,True,False,True,False,False,False,False,High,0.0,Q4,3,1.3051642154103302,1.6396020001231508,0.2711280079926012,0.858226078975822,1.3334287072997897,0.3699816365703775,9.166666666666666,0.026882947188078363
CUST100736,41.0,Male,Post-Graduate,Unemployed,2015-03-28,352990.4950251373,33332.58906278907,584.8714007127352,48,24.81409459298177,0,0,7.2,8.56,11.89,2015,3,28,Saturday,3.0,1,False,False,True,False,False,False,False,True,False,Medium,0.0,Q3,1,3.2509206448124868,4.9813747693765995,0.038738526985636595,-1.82365098515389,0.007156298991185425,0.09442914053653306,8.0,0.24814094592981772
CUST100737,34.0,Male,Primary,Salaried,2015-06-03,373174.953830314,156831.9595118957,628.0076583275044,45,43.40215011834489,0,2,7.2,8.56,11.89,2015,6,3,Wednesday,0.0,1,False,False,True,False,True,False,False,False,False,Medium,0.0,Q2,2,3.7932878943545227,6.588030822510236,0.02252143189766044,-0.03740026457233115,0.09713362792524585,0.4202638947286066,7.5,0.4340215011834489
CUST100738,22.0,Female,Graduate,Salaried,2021-12-19,349668.6156873974,188786.62302405195,674.7450666413072,45,12.27006372100588,1,3,7.2,8.56,11.89,2021,12,19,Sunday,2.0,0,False,False,True,False,True,False,False,False,False,Medium,0.0,Q2,2,2.585510650216979,3.5028650731944957,0.07535758840532526,0.18780809710261176,-0.008266468195726951,0.5399015369249683,7.5,0.12270063721005879
CUST100739,31.0,Male,Graduate,Salaried,2025-08-04,267530.7761637042,159359.00718161112,663.0789778000158,42,25.991960270021075,0,0,4.65,3.95,7.17,2025,8,4,Monday,2.0,1,True,False,False,False,False,False,False,True,False,Low,0.0,Q2,2,3.2955390538857046,5.098231092253575,0.03704806875811318,-0.01808618676391399,-0.46027056765986235,0.5956660742616695,7.0,0.25991960270021075
CUST100740,59.0,Male,Post-Graduate,Self-Employed,2015-11-11,379915.0064394158,239647.4516375929,613.1036317110213,46,27.64955858623839,0,2,7.12,7.52,10.17,2015,11,11,Wednesday,3.0,1,False,False,False,True,False,False,False,True,False,Medium,0.0,Q3,2,3.3551380359299596,5.2582847570513325,0.03490455173994698,0.4812142009580114,0.12583673967929565,0.6307922761029682,7.666666666666667,0.2764955858623839
CUST100741,58.0,Male,Secondary,Salaried,2020-01-29,376702.24663741,289696.47785497806,683.3280731808884,37,11.365973687120368,0,3,4.93,3.44,11.79,2020,1,29,Wednesday,1.0,1,False,True,False,False,True,False,False,False,False,Medium,0.0,Q1,0,2.514948643293289,3.371345975589033,0.08086706516620992,0.7175000240367883,0.11223477623235373,0.7690330504819679,6.166666666666667,0.11365973687120368
CUST100742,54.0,Male,Post-Graduate,Salaried,2025-01-29,379972.4070878953,103493.20832136166,588.3086914754225,43,29.26323718762248,0,2,7.12,7.52,10.17,2025,1,29,Wednesday,3.0,1,False,False,False,True,False,True,False,False,False,Medium,0.0,Q2,2,3.4099336817402204,5.409550553199635,0.03304339168345795,-0.5332152732648345,0.12607845359418898,0.27237032582058407,7.166666666666667,0.2926323718762248
CUST100743,58.0,Male,Graduate,Self-Employed,2016-12-23,216308.32831618644,42479.81011494073,650.84436571443,56,21.919144740965425,1,2,4.65,3.95,7.17,2016,12,23,Friday,2.0,1,True,False,False,False,False,False,False,False,True,Low,0.0,Q4,3,3.131972576183714,4.681788626258711,0.04363164556540415,-1.554766667313598,-0.8409123626529863,0.1963854579507744,9.333333333333334,0.21919144740965424
CUST100744,54.0,Male,Secondary,Salaried,2020-06-04,320079.69660184905,250055.77736121265,673.5988614311315,48,42.25002319567028,1,4,7.2,8.56,11.89,2020,6,4,Thursday,1.0,1,False,False,True,False,False,False,False,False,True,Medium,0.0,Q3,1,3.76699776969382,6.500001784282085,0.02312137488287195,0.5339468420705092,-0.1542382348968415,0.7812297375183407,8.0,0.42250023195670283
CUST100745,38.0,Female,Secondary,Salaried,2024-12-10,571599.0855390842,128775.70197498084,554.1206609983394,46,13.622917344199104,1,0,4.65,3.95,7.17,2024,12,10,Tuesday,1.0,0,True,False,False,False,False,True,False,False,False,Medium,0.0,Q3,2,2.6825899791620884,3.6909236437779507,0.06838580677587561,-0.2740448994396386,0.7475728390237333,0.2252902519141199,7.666666666666667,0.13622917344199104
CUST100746,43.0,Female,Post-Graduate,Salaried,2020-01-28,325172.15253304545,286089.0823344062,672.4099201935708,39,23.171151032223182,0,1,7.12,7.52,10.17,2020,1,28,Tuesday,3.0,0,False,False,False,True,False,False,False,True,False,Medium,0.0,Q1,0,3.1851598159324634,4.813642179496019,0.04137163342642948,0.7018065457273499,-0.12794426747487606,0.8798080650689563,6.5,0.23171151032223183
CUST100747,35.0,Female,Secondary,Salaried,2024-02-28,399140.6530090523,308947.0725547154,493.6255203520997,43,55.05172602567786,0,0,4.93,3.44,11.79,2024,2,28,Wednesday,1.0,0,False,True,False,False,True,False,False,False,False,Medium,0.0,Q2,2,4.026274943436143,7.419685035476766,0.017840663810100868,0.798261709116174,0.20434265080013161,0.7740305835189096,7.166666666666667,0.5505172602567786
CUST100748,47.0,Female,Secondary,Salaried,2019-09-26,400401.1507563029,200481.37058371564,592.0009728674561,47,8.219795330126997,1,0,4.65,3.95,7.17,2019,9,26,Thursday,1.0,0,True,False,False,False,False,False,False,False,True,Medium,0.0,Q3,1,2.221352838854325,2.8670185437361577,0.10846227754453043,0.261338557728142,0.20932447388973757,0.5007012847116793,7.833333333333333,0.08219795330126997
CUST100749,54.0,Male,Secondary,Salaried,2022-09-12,465299.73971479456,411854.0808248724,623.7938469560708,40,22.70135273015924,0,3,4.93,3.44,11.79,2022,9,12,Monday,1.0,1,False,True,False,False,True,False,False,False,False,Medium,0.0,Q1,2,3.1655321237341516,4.764593658451814,0.04219168464285715,1.1629853393177596,0.44223181613355594,0.8851371399376203,6.666666666666667,0.2270135273015924
CUST100750,58.0,Female,Post-Graduate,Salaried,2025-08-02,506454.8963282528,90099.02662896816,521.4691860305871,51,8.14404481979947,0,2,4.65,3.95,7.17,2025,8,2,Saturday,3.0,0,True,False,False,False,False,True,False,False,False,Medium,0.0,Q4,1,2.21310282803337,2.853777289803721,0.10936079379605776,-0.6958118973202995,0.5698845456698259,0.17790138328640331,8.5,0.0814404481979947
CUST100751,53.0,Female,Graduate,Salaried,2021-04-28,326279.4932014,111735.26369046696,620.1862181701462,48,17.9302898369938,0,1,4.93,3.44,11.79,2021,4,28,Wednesday,2.0,0,False,True,False,False,True,False,False,False,False,Medium,0.0,Q3,1,2.940763276091542,4.234417296038949,0.052825392987157965,-0.4427392953835274,-0.122294622748119,0.34245260894008134,8.0,0.179302898369938
CUST100752,44.0,Male,Graduate,Self-Employed,2021-12-09,352990.4950251373,128008.51931405584,744.8015710361929,46,26.16940482182632,0,2,4.93,3.44,11.79,2021,12,9,Thursday,2.0,1,False,True,False,False,False,True,False,False,False,Medium,1.0,Q3,2,3.302091517487109,5.1156040524874795,0.03680610622712862,-0.28117546433197155,0.007156298991185425,0.362640130876442,7.666666666666667,0.2616940482182632
CUST100753,35.0,Male,Secondary,Self-Employed,2021-11-06,174341.41359446337,66250.69513335467,548.3753018493155,36,30.67380668538233,0,1,7.2,8.56,11.89,2021,11,6,Saturday,1.0,1,False,False,True,False,False,False,False,True,False,Low,0.0,Q1,0,3.4554900517921587,5.538393872358875,0.031571828733219696,-1.0517382276868337,-1.2481559554126105,0.3800054947785431,6.0,0.3067380668538233
CUST100754,50.0,Male,Graduate,Salaried,2021-10-26,667044.3721461467,562116.9860576093,622.3701403582919,46,20.33329111399528,0,1,4.93,3.44,11.79,2021,10,26,Tuesday,2.0,1,False,True,False,False,False,True,False,False,False,High,0.0,Q3,2,3.060268815658133,4.509245071405554,0.046875092767283806,1.5647062465731172,0.9667663108807412,0.8426980415846336,7.666666666666667,0.2033329111399528
CUST100755,62.0,Male,Graduate,Salaried,2024-02-16,575014.3458557697,87690.18831728963,786.211573549776,58,43.09586313390595,0,0,7.2,8.56,11.89,2024,2,16,Friday,2.0,1,False,False,True,False,False,True,False,False,False,Medium,1.0,Q4,3,3.7863659715653033,6.564743950368967,0.022677864292242087,-0.7274465494492872,0.7561845311859798,0.15250087054225406,9.666666666666666,0.4309586313390595
CUST100756,37.0,Male,Post-Graduate,Salaried,2022-02-03,534784.3233125289,288531.90019414865,565.0511309591385,37,8.413570256185427,0,1,7.12,7.52,10.17,2022,2,3,Thursday,3.0,1,False,False,False,True,False,False,False,False,True,Medium,0.0,Q1,0,2.2421522924984263,2.900615496094825,0.106229620939295,0.712453868108351,0.6504669733806305,0.5395294656487717,6.166666666666667,0.08413570256185426
CUST100757,25.0,Female,Post-Graduate,Salaried,2018-02-02,589318.5313552864,337498.6058784637,761.7778681387098,35,20.459181992842574,0,1,7.12,7.52,10.17,2018,2,2,Friday,3.0,0,False,False,False,True,True,False,False,False,False,Medium,1.0,Q1,0,3.0661526187147556,4.52318272821722,0.04660009875183205,0.9097283477653525,0.7915723898763626,0.5726930139160916,5.833333333333333,0.20459181992842573
CUST100758,49.0,Female,Primary,Salaried,2020-07-16,328754.4537215976,204545.26758104344,627.6795775963229,45,28.61798541749927,0,2,7.2,8.56,11.89,2020,7,16,Thursday,0.0,0,False,False,True,False,False,False,False,False,True,Medium,0.0,Q2,2,3.3883817922625425,5.34957805976315,0.033763268699874754,0.2859484557806021,-0.10975334994520596,0.6221824990217791,7.5,0.2861798541749927
CUST100759,24.0,Female,Graduate,Self-Employed,2015-12-16,248966.6297358557,75818.54934175874,658.1529668706332,46,39.027320096916384,0,1,7.2,8.56,11.89,2015,12,16,Wednesday,2.0,0,False,False,True,False,False,False,True,False,False,Low,0.0,Q3,2,3.689562223396842,6.2471849738035115,0.024982936593775054,-0.8963846003538681,-0.5868455718353953,0.30453297866545165,7.666666666666667,0.39027320096916385
CUST100760,30.0,Female,Primary,Salaried,2017-04-03,201139.817389644,78777.04146515676,753.3185785127507,49,17.85856125832454,0,2,4.65,3.95,7.17,2017,4,3,Monday,0.0,0,True,False,False,False,False,True,False,False,False,Low,1.0,Q3,1,2.93696698894679,4.225939097801167,0.05302631448401613,-0.852072237736947,-0.9757733506308246,0.39165314201589163,8.166666666666666,0.17858561258324537
CUST100761,37.0,Female,Graduate,Salaried,2016-03-13,188412.6912255799,146009.3644255989,611.1921648559185,46,11.2365425111212,1,4,4.65,3.95,7.17,2016,3,13,Sunday,2.0,0,True,False,False,False,False,False,True,False,False,Low,0.0,Q3,2,2.5044267625991194,3.352095241952591,0.08172243091470884,-0.12357209370555969,-1.0991022794255374,0.7749444237319821,7.666666666666667,0.112365425111212
CUST100762,30.0,Female,Secondary,Salaried,2020-06-27,749600.1523366127,191863.3186872236,700.4820538722788,43,45.15197334784627,1,1,4.65,3.95,7.17,2020,6,27,Saturday,1.0,0,True,False,False,False,False,False,False,False,True,High,1.0,Q2,2,3.831939719467991,6.719521809462804,0.02166754588071511,0.20755920249355717,1.1269469172627273,0.2559542151761279,7.166666666666667,0.45151973347846275
CUST100763,37.0,Female,Secondary,Self-Employed,2015-06-18,269443.2539148827,205179.496031476,720.767768538047,47,22.958429742686064,0,0,7.12,7.52,10.17,2015,6,18,Thursday,1.0,0,False,False,False,True,True,False,False,False,False,Low,1.0,Q3,1,3.1763202344838573,4.791495564297859,0.041738962475421665,0.28974764569447653,-0.44785514734102944,0.7614942777386897,7.833333333333333,0.22958429742686065
CUST100764,40.0,Female,Secondary,Salaried,2025-06-16,682089.0100140226,375233.7653108045,597.9348794206346,41,4.439602998574601,0,0,4.65,3.95,7.17,2025,6,16,Monday,1.0,0,True,False,False,False,False,False,False,False,True,High,0.0,Q1,2,1.6937060800016142,2.1070365441953305,0.1838369455017289,1.0441648668849213,0.9977415532035034,0.5501243383221939,6.833333333333333,0.04439602998574601
CUST100765,44.0,Male,Graduate,Self-Employed,2025-07-24,323795.8494111772,229814.10701926087,589.0855866320964,46,27.727055896316088,1,1,4.93,3.44,11.79,2025,7,24,Thursday,2.0,1,False,True,False,False,True,False,False,False,False,Medium,0.0,Q3,2,3.3578393928470085,5.265648668142994,0.03481038932807028,0.4293779114740705,-0.13499967729189008,0.7097500089552656,7.666666666666667,0.2772705589631609
CUST100766,25.0,Male,Secondary,Salaried,2024-05-07,241410.7877815644,161959.09194327006,631.7117523480827,34,46.28706710894186,0,2,4.93,3.44,11.79,2024,5,7,Tuesday,1.0,1,False,True,False,False,True,False,False,False,False,Low,0.0,Q1,0,3.8562368354671657,6.803459936601513,0.021147431235186556,0.001487859977049413,-0.641778999256831,0.6708858930107773,5.666666666666667,0.4628706710894186
CUST100767,43.0,Female,Graduate,Self-Employed,2024-01-15,187846.6319675699,49968.93159883975,650.84436571443,38,13.601010259142686,0,2,4.65,3.95,7.17,2024,1,15,Monday,2.0,0,True,False,False,False,False,False,False,True,False,Low,0.0,Q1,0,2.6810907221520606,3.687954752860003,0.06848841157233157,-1.3725291354754108,-1.1048273011663792,0.2660091963079032,6.333333333333333,0.13601010259142687
CUST100768,26.0,Female,Graduate,Self-Employed,2015-01-23,254513.04876192263,141267.51585570985,563.6841616727049,40,30.83616151265706,1,1,4.93,3.44,11.79,2015,1,23,Friday,2.0,0,False,True,False,False,False,True,False,False,False,Low,0.0,Q1,2,3.4606027982017813,5.553031740649162,0.031410821923441724,-0.16323567219757948,-0.5478273095286313,0.5550501891470985,6.666666666666667,0.3083616151265706
CUST100769,22.0,Male,Primary,Salaried,2023-04-24,352990.4950251373,673670.4109951801,598.6719601065574,40,9.13064717577032,1,3,7.12,7.52,10.17,2023,4,24,Monday,0.0,1,False,False,False,True,False,False,False,False,True,Medium,0.0,Q1,2,2.315565203265343,3.021696076009353,0.09871037680511871,1.8019806000775036,0.007156298991185425,1.9084661499092388,6.666666666666667,0.0913064717577032
CUST100770,33.0,Female,Graduate,Salaried,2022-06-16,188994.64345498092,84233.5876298891,449.19080621417856,30,25.449513925919927,0,0,4.93,3.44,11.79,2022,6,16,Thursday,2.0,0,False,True,False,False,True,False,False,False,False,Low,0.0,Q1,0,3.2752377810435735,5.044751126261823,0.037807878163689905,-0.774298886938522,-1.0932388282668783,0.4456929894415435,5.0,0.25449513925919925
CUST100771,63.0,Male,Secondary,Salaried,2015-10-08,1289864.9654174848,1111203.2373169912,623.2581853364475,49,16.1719875993639,0,1,7.12,7.52,10.17,2015,10,8,Thursday,1.0,1,False,False,False,True,False,False,False,False,True,Very High,0.0,Q3,1,2.843279428219257,4.021440985438416,0.05823437701743058,2.4714582253254114,1.81433882118355,0.86148803720499,8.166666666666666,0.161719875993639
CUST100772,63.0,Female,Graduate,Salaried,2024-10-30,218739.22448692165,101007.66668671252,721.5515344241054,40,86.60086362928976,0,2,7.2,8.56,11.89,2024,10,30,Wednesday,2.0,0,False,False,True,False,False,False,False,False,True,Low,1.0,Q1,2,4.472790856675595,9.305958501373718,0.011415412572093013,-0.5618320155782662,-0.8203963882719766,0.4617720800813744,6.666666666666667,0.8660086362928976
CUST100773,31.0,Male,Graduate,Self-Employed,2022-08-01,568052.9881739315,121693.1448794005,516.6648692180361,47,8.911238098310118,1,3,7.2,8.56,11.89,2022,8,1,Monday,2.0,1,False,False,True,False,True,False,False,False,False,Medium,0.0,Q3,1,2.2936692747774288,2.9851696933859753,0.10089556825100404,-0.3414491118791368,0.7385630969015088,0.21422850933430776,7.833333333333333,0.08911238098310119
CUST100774,43.0,Male,Secondary,Self-Employed,2021-04-19,331986.38016143773,136628.2458147952,612.9484374765173,30,45.79428214830262,1,2,7.2,8.56,11.89,2021,4,19,Monday,1.0,1,False,False,True,False,False,False,True,False,False,Medium,0.0,Q1,0,3.8457610191411464,6.767147268111033,0.02137013229160677,-0.2032716546210232,-0.09355239877444314,0.4115477440621385,5.0,0.45794282148302623
CUST100775,36.0,Female,Primary,Self-Employed,2016-02-08,298840.19675469253,257409.56717759924,845.3866246274578,45,36.6105117183054,0,2,7.2,8.56,11.89,2016,2,8,Monday,0.0,0,False,False,True,False,False,True,False,False,False,Low,1.0,Q2,2,3.6272835783004913,6.050662089251507,0.026588311467011766,0.5699740484744453,-0.26981107563035267,0.8613619251124297,7.5,0.36610511718305405
CUST100776,51.0,Male,Secondary,Self-Employed,2020-12-20,352990.4950251373,60095.81498480924,648.1951966933173,43,60.78156626414379,1,3,4.93,3.44,11.79,2020,12,20,Sunday,1.0,1,False,True,False,False,False,True,False,False,False,Medium,0.0,Q2,2,4.123605039453691,7.796253347868051,0.016186057759114643,-1.163251967919385,0.007156298991185425,0.17024768607588053,7.166666666666667,0.6078156626414379
CUST100777,31.0,Male,Post-Graduate,Salaried,2024-02-28,341452.6209666089,271276.77565098,758.5435494246376,54,52.32471715606884,0,3,4.65,3.95,7.17,2024,2,28,Wednesday,3.0,1,True,False,False,False,False,False,False,True,False,Medium,1.0,Q4,3,3.9763999601908644,7.233582594819032,0.0187530296142638,0.6353540116884169,-0.0472091725432407,0.7944785278936503,9.0,0.5232471715606885
CUST100778,36.0,Male,Graduate,Salaried,2022-04-19,180778.60814904323,145526.8781467824,569.0467742647043,46,15.38954874275062,0,0,4.93,3.44,11.79,2022,4,19,Tuesday,2.0,1,False,True,False,False,False,False,False,True,False,Low,0.0,Q3,2,2.796643859902681,3.922951534591094,0.0610144925705973,-0.1275521044083266,-1.1781746650033307,0.8050005453455119,7.666666666666667,0.1538954874275062
CUST100779,28.0,Female,Graduate,Self-Employed,2015-08-20,132065.5593664059,50204.61931142296,685.905472461778,37,60.08643734168597,1,2,7.12,7.52,10.17,2015,8,20,Thursday,2.0,0,False,False,False,True,False,False,False,True,False,Low,0.0,Q1,0,4.112289866769681,7.751544190784568,0.01637024589282424,-1.3672213962370725,-1.8054435498057528,0.3801492194655689,6.166666666666667,0.6008643734168597
CUST100780,24.0,Female,Graduate,Salaried,2022-02-05,389165.1983721643,64837.30624623729,555.4225415966649,39,8.001034039876833,0,1,4.93,3.44,11.79,2022,2,5,Saturday,2.0,0,False,True,False,False,False,True,False,False,False,Medium,0.0,Q1,0,2.1973394640561357,2.8286099129920395,0.1110983466532567,-1.0764571795765308,0.16421231137068804,0.1666061264405057,6.5,0.08001034039876834
CUST100781,60.0,Male,Secondary,Self-Employed,2015-03-20,247396.1398375302,168141.8778354678,682.0851691955427,46,42.21458348913562,1,1,4.93,3.44,11.79,2015,3,20,Friday,1.0,1,False,True,False,False,False,False,True,False,False,Low,0.0,Q3,2,3.766178019049526,6.49727508184282,0.02314033641563167,0.046872022146487745,-0.5980909752057172,0.6796463273270545,7.666666666666667,0.4221458348913562
CUST100782,43.0,Female,Graduate,Salaried,2017-11-24,995110.5442068472,347502.3931398317,717.3798587807827,53,13.342291112898591,0,0,7.12,7.52,10.17,2017,11,24,Friday,2.0,0,False,False,False,True,False,True,False,False,False,High,1.0,Q4,3,2.663212593183444,3.6527101052367392,0.06972386713728466,0.9466938750071505,1.497222779504533,0.3492098392111888,8.833333333333334,0.1334229111289859
CUST100783,45.0,Female,Graduate,Salaried,2021-12-17,660011.8240409506,479392.25658879423,698.398067642374,50,10.549656947344378,0,0,7.2,8.56,11.89,2021,12,17,Friday,2.0,0,False,False,True,False,False,True,False,False,False,High,0.0,Q4,1,2.446655734998078,3.248023544764474,0.08658265821738807,1.3581711692650935,0.9519868508001931,0.7263388914060579,8.333333333333334,0.10549656947344378
CUST100784,23.0,Male,Secondary,Unemployed,2018-02-07,1002953.1026799876,455464.9530513112,622.4050139414786,54,41.71543098073598,1,1,7.2,8.56,11.89,2018,2,7,Wednesday,1.0,1,False,False,True,False,False,True,False,False,False,Very High,0.0,Q4,3,3.754560236233964,6.458748406675706,0.023410743542561587,1.2921606127504501,1.50711879449744,0.4541238786083465,9.0,0.4171543098073598
CUST100785,52.0,Male,Secondary,Salaried,2018-09-06,240739.3898119092,117532.19453925146,650.84436571443,39,8.030534510028966,0,0,7.2,8.56,11.89,2018,9,6,Thursday,1.0,1,False,False,True,False,False,True,False,False,False,Low,0.0,Q1,0,2.2006115583713135,2.833819773738084,0.11073541647943853,-0.3827896931109547,-0.6467637800246071,0.48821339387409723,6.5,0.08030534510028967
CUST100786,23.0,Male,Secondary,Unemployed,2024-12-25,393046.2797430997,283908.14661404927,672.7593548327596,44,50.51391642752642,0,1,4.65,3.95,7.17,2024,12,25,Wednesday,1.0,1,True,False,False,False,False,False,True,False,False,Medium,0.0,Q2,2,3.9418519930600473,7.1073142907519165,0.019412230118571433,0.6922282008498313,0.17997633428914492,0.7223275253988294,7.333333333333333,0.5051391642752642
CUST100787,47.0,Male,Graduate,Unemployed,2021-07-03,88044.66004530259,30513.545237067014,703.2791724364122,40,13.099754415102495,0,2,7.12,7.52,10.17,2021,7,3,Saturday,2.0,1,False,False,False,True,False,False,False,True,False,Low,1.0,Q1,2,2.646157379863821,3.6193582877497077,0.07092322111148847,-1.9206667165945357,-2.6907467361994253,0.3465689483197112,6.666666666666667,0.13099754415102496
CUST100788,49.0,Female,Post-Graduate,Self-Employed,2023-04-03,305870.95355836605,139018.92228520237,640.098644143473,53,34.475476525327096,0,1,7.12,7.52,10.17,2023,4,3,Monday,3.0,0,False,False,False,True,False,False,False,False,True,Medium,0.0,Q4,3,3.5688416556641926,5.871582114330608,0.028188486750447665,-0.1824836889056252,-0.23044921590481635,0.45450187625833155,8.833333333333334,0.344754765253271
CUST100789,52.0,Male,Primary,Self-Employed,2025-08-16,384269.3464808352,154073.7071172209,724.4911040188188,50,11.354475372297268,0,2,4.93,3.44,11.79,2025,8,16,Saturday,0.0,1,False,True,False,False,False,False,False,True,False,Medium,1.0,Q4,1,2.514018375754485,3.36964024374966,0.08094232817383114,-0.058818277611406955,0.14404469012143825,0.40095237501569775,8.333333333333334,0.11354475372297268
CUST100790,39.0,Female,Graduate,Salaried,2022-06-30,397292.81084938446,156482.6777676359,764.7684319436846,49,9.77466380666711,0,0,4.65,3.95,7.17,2022,6,30,Thursday,2.0,0,True,False,False,False,False,False,False,True,False,Medium,1.0,Q3,1,2.3771974342656517,3.12644587457821,0.09281032039080638,-0.040092787469501005,0.1970039280814199,0.393872412221824,8.166666666666666,0.09774663806667111
CUST100791,41.0,Female,Secondary,Self-Employed,2021-08-28,352990.4950251373,183892.69719942624,624.5706042636,49,53.63462762099075,1,3,7.2,8.56,11.89,2021,8,28,Saturday,1.0,0,False,False,True,False,False,False,False,False,True,Medium,0.0,Q3,1,4.0006678872401835,7.323566591558429,0.01830341019137463,0.15575877693036078,0.007156298991185425,0.520956512402213,8.166666666666666,0.5363462762099075
CUST100792,25.0,Male,Post-Graduate,Salaried,2018-10-19,376983.0642664698,281621.2607986969,653.7151782353568,40,38.53424548052707,1,1,4.65,3.95,7.17,2018,10,19,Friday,3.0,1,True,False,False,False,False,True,False,False,False,Medium,0.0,Q1,2,3.677167270492589,6.207595789073824,0.025294525995002447,0.6821099527448924,0.1134294409567195,0.7470395556009206,6.666666666666667,0.3853424548052707
CUST100793,38.0,Female,Secondary,Salaried,2024-01-17,352990.4950251373,27693.24649339511,577.614817295063,43,27.53564625285509,1,1,7.12,7.52,10.17,2024,1,17,Wednesday,1.0,0,False,False,False,True,False,False,True,False,False,Medium,0.0,Q2,2,3.351154051457994,5.247441877034475,0.035043888305138576,-2.026554400698614,0.007156298991185425,0.07845323566410196,7.166666666666667,0.2753564625285509
CUST100794,48.0,Male,Graduate,Self-Employed,2019-06-28,422410.5982651159,219401.6599430368,677.2205859059414,50,35.05232964999128,0,1,7.12,7.52,10.17,2019,6,28,Friday,2.0,1,False,False,False,True,False,False,True,False,False,Medium,0.0,Q4,1,3.584971484388942,5.9205007938510805,0.027737458569483647,0.37216451961382474,0.29328372380526296,0.5194037764301893,8.333333333333334,0.35052329649991276
CUST100795,62.0,Other,Graduate,Salaried,2018-12-08,484108.306854628,308174.5665903833,677.7310182224635,50,13.573395517305528,0,1,4.93,3.44,11.79,2018,12,8,Saturday,2.0,2,False,True,False,False,False,False,False,True,False,Medium,0.0,Q4,1,2.6791976416008545,3.684208940506161,0.06861818845254876,0.7951131317103882,0.5022485335758115,0.6365818603540808,8.333333333333334,0.13573395517305528
CUST100796,42.0,Female,Graduate,Salaried,2024-03-19,808402.4066635005,255092.63813991463,654.6389108026962,38,21.286247154795195,0,0,4.93,3.44,11.79,2024,3,19,Tuesday,2.0,0,False,True,False,False,False,False,False,False,True,High,0.0,Q1,0,3.1039697687004573,4.613702109455615,0.044870721977290653,0.5587286605022356,1.2281895461661985,0.31555155704292404,6.333333333333333,0.21286247154795196
CUST100797,41.0,Female,Graduate,Salaried,2016-06-30,451912.0388517294,145523.9211582057,660.6719723441015,50,54.72708021882502,0,3,7.12,7.52,10.17,2016,6,30,Thursday,2.0,0,False,False,False,True,True,False,False,False,False,Medium,0.0,Q4,1,4.020466208657282,7.397775356066513,0.017944597062564075,-0.1275765347194287,0.39763910610038483,0.322018243921914,8.333333333333334,0.5472708021882502
CUST100798,26.0,Female,Secondary,Salaried,2019-09-26,334890.12099416135,283561.6801365548,803.7461111259349,30,52.99603328499048,0,1,7.2,8.56,11.89,2019,9,26,Thursday,1.0,0,False,False,True,False,False,True,False,False,False,Medium,1.0,Q1,0,3.988910586180765,7.2798374490774505,0.018519878945959065,0.6907002077114602,-0.07916335850608368,0.8467305016187641,5.0,0.5299603328499048
CUST100799,21.0,Male,Secondary,Self-Employed,2023-11-20,702896.6543266793,477145.6901399509,449.19080621417856,43,26.88865287225449,1,5,7.2,8.56,11.89,2023,11,20,Monday,1.0,1,False,False,True,False,False,False,False,True,False,High,0.0,Q2,2,3.3282198990119083,5.185426971065593,0.03585687715288921,1.3521067095962644,1.0392061556768142,0.678827658664871,7.166666666666667,0.26888652872254487
CUST100800,43.0,Female,Secondary,Salaried,2021-09-05,88044.66004530259,49459.02975713775,610.2674497632423,48,18.844806711316892,0,0,4.65,3.95,7.17,2021,9,5,Sunday,1.0,0,True,False,False,False,False,False,True,False,False,Low,0.0,Q3,1,2.9879423462690715,4.341060551445567,0.050391017385406446,-1.3840932480191805,-2.6907467361994253,0.5617493409786471,8.0,0.18844806711316892
CUST100801,61.0,Female,Secondary,Unemployed,2023-09-09,265941.2986448408,164398.53980922367,622.5021057526336,51,18.816449662794227,0,1,7.12,7.52,10.17,2023,9,9,Saturday,1.0,0,False,False,False,True,False,False,False,False,True,Low,0.0,Q4,1,2.9865123838348406,4.337793178886498,0.05046312619144486,0.019585806508323263,-0.4706736225942319,0.6181760435364896,8.5,0.18816449662794227
CUST100802,32.0,Female,Graduate,Self-Employed,2025-09-12,228779.51724842488,28240.44168392068,766.5530090363441,45,25.59679017094948,0,0,7.12,7.52,10.17,2025,9,12,Friday,2.0,0,False,False,False,True,False,False,False,False,True,Low,1.0,Q2,2,3.280790538241354,5.059327047241508,0.037598521986019824,-2.0052406555254354,-0.7385749985119731,0.12343955448273466,7.5,0.2559679017094948
CUST100803,46.0,Female,Secondary,Self-Employed,2018-08-09,3643679.941941896,210917.57698890168,688.0231047454864,53,17.725372244252036,0,0,7.2,8.56,11.89,2018,8,9,Thursday,1.0,0,False,False,True,False,False,False,False,True,False,Very High,0.0,Q4,3,2.9298794087385067,4.210151095180794,0.05340347774965922,0.32362702447862157,2.8987412322613357,0.057885868229275196,8.833333333333334,0.17725372244252036
CUST100804,54.0,Female,Secondary,Salaried,2018-01-13,96836.9884787885,49155.142756880894,689.9748668910524,38,19.70489946371843,0,2,7.2,8.56,11.89,2018,1,13,Saturday,1.0,0,False,False,True,False,True,False,False,False,False,Low,0.0,Q1,0,3.030370361333408,4.439020101747505,0.04829774719516596,-1.3910385513534322,-2.474893311744909,0.5076070985793616,6.333333333333333,0.1970489946371843
CUST100805,34.0,Male,Graduate,Self-Employed,2017-06-27,799531.6497054633,429028.4784107708,750.78849527225,50,58.91509574711349,0,3,7.12,7.52,10.17,2017,6,27,Tuesday,2.0,1,False,False,False,True,False,False,True,False,False,High,1.0,Q4,1,4.092928489182331,7.675616961985107,0.016690284602410514,1.2153244079581726,1.2135148460111964,0.5365997438235486,8.333333333333334,0.5891509574711349
CUST100806,46.0,Male,Post-Graduate,Salaried,2018-05-09,311799.0099067511,120834.29566487056,635.6034638557376,39,8.052260870045801,0,2,4.93,3.44,11.79,2018,5,9,Wednesday,3.0,1,False,True,False,False,False,False,False,True,False,Medium,0.0,Q1,0,2.203014546406605,2.8376505898446696,0.11046964005522969,-0.34987208273024356,-0.19812722624087312,0.3875390614646536,6.5,0.080522608700458
CUST100807,47.0,Female,Graduate,Self-Employed,2016-11-15,438571.44795071374,72442.845027194,702.1861228662585,39,43.02228270759883,0,1,7.12,7.52,10.17,2016,11,15,Tuesday,2.0,0,False,False,False,True,True,False,False,False,False,Medium,1.0,Q1,0,3.7846959309010115,6.559137344773231,0.022715768890089534,-0.9489767116985919,0.35153433343657814,0.16517911817035352,6.5,0.43022282707598836
CUST100808,29.0,Male,Primary,Salaried,2022-02-01,3643679.941941896,105458.57400092436,607.5387289477314,46,33.43553401148609,0,1,7.12,7.52,10.17,2022,2,1,Tuesday,0.0,1,False,False,False,True,False,False,False,False,True,Very High,0.0,Q3,2,3.5390889966878323,5.782346756420449,0.029039770362395034,-0.51104130451866,2.8987412322613357,0.028942875247357842,7.666666666666667,0.3343553401148609
CUST100809,46.0,Female,Primary,Self-Employed,2021-06-02,772582.3908788548,664881.1380073071,565.7354939323629,46,43.18389591747166,1,1,7.2,8.56,11.89,2021,6,2,Wednesday,0.0,0,False,False,True,False,False,True,False,False,False,High,0.0,Q3,2,3.7883603769350502,6.571445496804463,0.022632680510289032,1.7846811675701044,1.1676578633992707,0.8605957705701374,7.666666666666667,0.4318389591747166
CUST100810,43.0,Female,Post-Graduate,Unemployed,2020-10-04,118519.16057180687,50602.89929431349,793.533358984239,60,17.753647523387535,0,1,7.2,8.56,11.89,2020,10,4,Sunday,3.0,0,False,False,True,False,False,False,True,False,False,Low,1.0,Q4,3,2.9313882680776904,4.2135077457372185,0.05332296017363595,-1.3583050572872792,-2.0331583579386883,0.4269596498167471,10.0,0.17753647523387536
CUST100811,50.0,Male,Secondary,Salaried,2024-09-13,387469.610150441,183407.3933778941,679.5225383811304,46,20.67848782119799,0,2,4.93,3.44,11.79,2024,9,13,Friday,1.0,1,False,True,False,False,False,False,True,False,False,Medium,0.0,Q3,2,3.076320424194063,4.5473605334521245,0.04612867872740481,0.1525370482252445,0.15726360141877133,0.47334652466469146,7.666666666666667,0.2067848782119799
CUST100812,63.0,Male,Primary,Salaried,2023-06-15,720504.5117859934,102432.56430235483,701.5730075899681,42,56.957041899691205,0,0,4.93,3.44,11.79,2023,6,15,Thursday,0.0,1,False,True,False,False,True,False,False,False,False,High,1.0,Q2,2,4.059702079222711,7.546988929347333,0.0172541587220884,-0.5453468636919399,1.0731166841302449,0.1421678318827512,7.0,0.5695704189969121
CUST100813,37.0,Female,Graduate,Self-Employed,2019-08-03,341535.91880115564,44417.76525867439,563.5860252187733,45,50.377780125468064,1,2,4.65,3.95,7.17,2019,8,3,Saturday,2.0,0,True,False,False,False,False,False,False,True,False,Medium,0.0,Q2,2,3.939205785716611,7.0977306320730476,0.019463666930683486,-1.5048746238634259,-0.04680850938237167,0.1300529836351845,7.5,0.5037778012546806
CUST100814,46.0,Male,Graduate,Salaried,2020-10-14,204687.22557673996,137907.02706256395,690.828211668951,41,64.3727604808818,0,0,7.12,7.52,10.17,2020,10,14,Wednesday,2.0,1,False,False,False,True,False,False,False,False,True,Low,0.0,Q1,2,4.180105665291731,8.023263705056802,0.015296891130862512,-0.192109945460754,-0.9431230571298875,0.6737451576374061,6.833333333333333,0.643727604808818
CUST100815,56.0,Female,Graduate,Self-Employed,2017-08-15,252121.3833810626,133744.27522465252,792.2586197497471,35,38.42366978447686,0,1,7.2,8.56,11.89,2017,8,15,Tuesday,2.0,0,False,False,True,False,True,False,False,False,False,Low,1.0,Q1,0,3.674366391873461,6.19868290723738,0.025365472201518687,-0.22880900836539922,-0.5645210610604472,0.5304757312968891,5.833333333333333,0.38423669784476855
CUST100816,43.0,Male,Secondary,Salaried,2019-08-10,286139.518826188,145062.66032073475,627.8039945292484,52,26.52512076346322,0,2,4.93,3.44,11.79,2019,8,10,Saturday,1.0,1,False,True,False,False,False,True,False,False,False,Low,0.0,Q4,1,3.315099070009227,5.1502544367694325,0.03633044914111322,-0.13139314676764813,-0.34392983412682904,0.5069647873730133,8.666666666666666,0.2652512076346322
CUST100817,28.0,Female,Primary,Salaried,2025-03-30,235006.8595526911,69209.43185515236,549.5360447057117,50,29.43116799905581,1,1,4.65,3.95,7.17,2025,3,30,Sunday,0.0,0,True,False,False,False,False,True,False,False,False,Low,0.0,Q4,1,3.415467346315736,5.42505004576509,0.03286104562371799,-1.0015586984201936,-0.6900430775089951,0.2944996243381349,8.333333333333334,0.2943116799905581
CUST100818,55.0,Male,Post-Graduate,Unemployed,2025-11-27,330483.9352764706,229950.9155989169,664.7180954923289,48,33.98826607629127,0,1,4.65,3.95,7.17,2025,11,27,Thursday,3.0,1,True,False,False,False,False,True,False,False,False,Medium,0.0,Q3,1,3.5550127503157984,5.829945632361529,0.02858101049704831,0.43011328786543956,-0.10105926346576062,0.6958005853039376,8.0,0.3398826607629127
CUST100819,35.0,Female,Secondary,Self-Employed,2024-09-13,895330.7140518462,210034.9726074614,567.1282475831764,48,33.823321852319154,1,1,7.2,8.56,11.89,2024,9,13,Friday,1.0,0,False,False,True,False,True,False,False,False,False,High,0.0,Q3,1,3.5502873304881106,5.815782135905639,0.028716387375129243,0.3184726806756929,1.3621453210039352,0.23458926328679353,8.0,0.33823321852319155
CUST100820,42.0,Male,Graduate,Self-Employed,2020-04-16,253110.4264526743,63770.61381824355,525.3761042823182,42,36.54045457983907,0,0,7.2,8.56,11.89,2020,4,16,Thursday,2.0,1,False,False,True,False,False,False,False,False,True,Low,0.0,Q2,2,3.6254191402975953,6.044870104463707,0.026637929966278177,-1.0954504647574577,-0.5575937310026599,0.251947794928816,7.0,0.3654045457983907
CUST100821,34.0,Female,Graduate,Salaried,2019-05-24,270329.1623933647,126668.06454734255,591.2187444207372,41,49.06703111901842,1,2,4.65,3.95,7.17,2019,5,24,Friday,2.0,0,True,False,False,False,False,False,True,False,False,Low,0.0,Q1,2,3.913362729976677,7.004786300738832,0.01997322344963532,-0.29373127905616875,-0.44214117862542845,0.4685697370786203,6.833333333333333,0.49067031119018417
CUST100822,46.0,Male,Graduate,Self-Employed,2023-06-22,477284.6538280089,157038.0532916232,610.5921764179197,44,13.31578719489606,0,2,4.93,3.44,11.79,2023,6,22,Thursday,2.0,1,False,True,False,False,False,False,False,True,False,Medium,0.0,Q2,2,2.6613629279494897,3.6490803217928844,0.06985295229566735,-0.03581418421351845,0.480816037628697,0.32902388968955276,7.333333333333333,0.13315787194896062
CUST100823,48.0,Female,Secondary,Salaried,2016-12-02,326148.40330313146,97182.56529497192,571.0200164359234,41,23.23293879479789,0,1,4.65,3.95,7.17,2016,12,2,Friday,1.0,0,True,False,False,False,False,False,True,False,False,Medium,0.0,Q1,2,3.1877128149189353,4.820055891252496,0.04126614639965463,-0.6071916958072233,-0.12296219434010802,0.29797038498651707,6.833333333333333,0.2323293879479789
CUST100824,43.0,Female,Secondary,Self-Employed,2022-09-08,163160.37960222847,100537.81317539832,756.1173425710848,52,15.083933732533298,0,1,7.12,7.52,10.17,2022,9,8,Thursday,1.0,0,False,False,False,True,False,False,False,False,True,Low,1.0,Q4,1,2.777820868940324,3.883804028595328,0.062173844821138496,-0.5673158782903057,-1.3777160334672833,0.6161901156426652,8.666666666666666,0.15083933732533297
CUST100825,34.0,Male,Graduate,Self-Employed,2021-12-08,349160.48480316607,216750.9366032527,801.168800371158,47,16.981849810271164,0,2,7.12,7.52,10.17,2021,12,8,Wednesday,2.0,1,False,False,False,True,False,False,True,False,False,Medium,1.0,Q3,1,2.8893629053016507,4.1209040040106695,0.055611631203192666,0.35719207610143927,-0.010641714224916101,0.6207773961748356,7.833333333333333,0.16981849810271166
CUST100826,44.0,Male,Post-Graduate,Salaried,2024-07-18,341350.51807255123,259294.51495594933,699.4470412965945,42,22.31523003889985,0,1,7.2,8.56,11.89,2024,7,18,Thursday,3.0,1,False,False,True,False,True,False,False,False,False,Medium,0.0,Q2,2,3.1491067967739026,4.723899876045199,0.04289041962406415,0.5790528009028117,-0.04770045441041197,0.7596136558399434,7.0,0.22315230038899847
CUST100827,22.0,Male,Post-Graduate,Salaried,2017-03-31,650441.7375378053,282400.2426228439,680.7356393682448,38,58.08392423712745,1,2,4.93,3.44,11.79,2017,3,31,Friday,3.0,1,False,True,False,False,False,True,False,False,False,High,0.0,Q1,0,4.078958877886682,7.62128101024542,0.01692507755555639,0.6855651782348348,0.9315561770008012,0.43416685357838075,6.333333333333333,0.5808392423712745
CUST100828,46.0,Female,Secondary,Salaried,2017-06-06,202138.53559191705,32032.50417809408,638.6361509831111,47,36.72219752801276,0,0,4.93,3.44,11.79,2017,6,6,Tuesday,1.0,0,False,True,False,False,False,False,False,False,True,Low,0.0,Q3,1,3.630248715029371,6.059884283384688,0.026509590255376646,-1.8673937805410157,-0.9665089923299409,0.1584680728209202,7.833333333333333,0.36722197528012757
CUST100829,34.0,Female,Secondary,Self-Employed,2025-03-17,653038.7118981739,208275.66598896825,578.293374870955,37,45.30113590249434,1,3,7.12,7.52,10.17,2025,3,17,Monday,1.0,0,False,False,False,True,False,False,False,False,True,High,0.0,Q1,0,3.8351664943224413,6.730611852015709,0.02159774226934523,0.3081374258760315,0.9371371886541751,0.31893310793716617,6.166666666666667,0.4530113590249434
CUST100830,27.0,Female,Post-Graduate,Salaried,2020-04-03,341567.8131782102,301947.4396912896,778.2328184858908,47,69.2095649814346,0,0,4.65,3.95,7.17,2020,4,3,Friday,3.0,0,True,False,False,False,False,False,True,False,False,Medium,1.0,Q3,1,4.251484555046917,8.319228628991668,0.014243073579282658,0.769458169280403,-0.04665512945689981,0.8840043705574535,7.833333333333333,0.692095649814346
CUST100831,23.0,Male,Graduate,Self-Employed,2018-08-21,186322.6258062856,107509.43329812596,644.9717202327724,49,37.28085531927711,1,0,7.2,8.56,11.89,2018,8,21,Tuesday,2.0,1,False,False,True,False,True,False,False,False,False,Low,0.0,Q3,1,3.644949910098905,6.10580505087389,0.026122718305524106,-0.4883132084353336,-1.1203483305999116,0.5770068601861618,8.166666666666666,0.37280855319277106
CUST100832,43.0,Male,Post-Graduate,Salaried,2021-02-02,165170.4108177283,110299.09377710192,612.99316223468,44,12.986605802938277,1,1,4.65,3.95,7.17,2021,2,2,Tuesday,3.0,1,True,False,False,False,False,False,True,False,False,Low,0.0,Q2,2,2.6381001432970113,3.603693355841792,0.07149697461194782,-0.4580432652503814,-1.3536229964463202,0.6677896678408162,7.333333333333333,0.12986605802938278
CUST100833,63.0,Female,Secondary,Self-Employed,2021-02-20,1156181.2617509514,122423.7139671434,731.1805299202563,37,49.76044842983112,0,0,4.65,3.95,7.17,2021,2,20,Saturday,1.0,0,True,False,False,False,False,False,True,False,False,Very High,1.0,Q1,0,3.9271174771221986,7.054108620501326,0.019700377576103437,-0.3343280937659418,1.683068599252068,0.10588626370033163,6.166666666666667,0.4976044842983112
CUST100834,38.0,Female,Graduate,Self-Employed,2025-12-07,329078.09957370965,169331.93598523235,644.1132648095669,45,22.16927054557693,1,2,4.65,3.95,7.17,2025,12,7,Sunday,2.0,0,True,False,False,False,False,False,False,False,True,Medium,0.0,Q2,2,3.142826855237297,4.708425484764193,0.04316061647400041,0.0554271102858466,-0.10812205515067752,0.5145645857460167,7.5,0.22169270545576927
CUST100835,58.0,Other,Graduate,Salaried,2023-06-12,635331.6786162502,82607.68385034092,728.1835394473183,50,28.60103423216133,0,2,4.93,3.44,11.79,2023,6,12,Monday,2.0,2,False,True,False,False,False,False,True,False,False,High,1.0,Q4,1,3.387809300995338,5.347993477198839,0.03378260341030607,-0.7969655984969086,0.8985235320889706,0.13002292602544252,8.333333333333334,0.28601034232161326
CUST100836,55.0,Male,Graduate,Salaried,2017-05-25,129979.0240861097,72188.29236699149,617.2201034771565,43,8.51141653554848,0,0,7.12,7.52,10.17,2017,5,25,Thursday,2.0,1,False,False,False,True,False,True,False,False,False,Low,0.0,Q2,2,2.2524928176783194,2.9174332101264087,0.10513681072241407,-0.9530354188838317,-1.8385722056570537,0.5553841696731584,7.166666666666667,0.08511416535548481
CUST100837,35.0,Female,Graduate,Salaried,2015-06-15,1763157.745131998,1111203.2373169912,731.4109540362939,40,17.610943052119026,0,1,4.93,3.44,11.79,2015,6,15,Monday,2.0,0,False,True,False,False,False,False,True,False,False,Very High,1.0,Q1,2,2.9237497438527353,4.196539413864598,0.05373182848389517,2.4714582253254114,2.170408818332989,0.6302347253868663,6.666666666666667,0.17610943052119027
CUST100838,45.0,Male,Primary,Self-Employed,2018-03-19,619053.3757949842,541507.843116075,728.3813773553092,44,56.6970202766538,0,2,7.12,7.52,10.17,2018,3,19,Monday,0.0,1,False,False,False,True,False,True,False,False,False,High,1.0,Q2,2,4.055205530528131,7.529742377840945,0.017331917579193157,1.516068142894624,0.8618229782281256,0.8747353044003262,7.333333333333333,0.566970202766538
CUST100839,57.0,Male,Graduate,Self-Employed,2024-05-05,310747.47116840456,165455.0486451794,755.9862737592074,51,59.97939205513391,1,5,7.2,8.56,11.89,2024,5,5,Sunday,2.0,1,False,False,True,False,False,False,False,False,True,Medium,1.0,Q4,1,4.110535971932418,7.744636341051393,0.01639898277594929,0.02734567533725951,-0.20380444382235569,0.5324421403111393,8.5,0.5997939205513391
CUST100840,48.0,Female,Secondary,Salaried,2025-12-10,301432.2274446562,140637.3788028819,650.84436571443,47,25.21492302003493,1,1,7.2,8.56,11.89,2025,12,10,Wednesday,1.0,0,False,False,True,False,True,False,False,False,False,Medium,0.0,Q3,1,3.266328829534773,5.021446307592558,0.03814621157711366,-0.1686004448884579,-0.25516644065408683,0.4665638442017727,7.833333333333333,0.2521492302003493
CUST100841,30.0,Female,Graduate,Self-Employed,2016-07-10,562844.6164774182,481802.68882926006,643.3568450896807,35,24.602421736922683,0,0,4.65,3.95,7.17,2016,7,10,Sunday,2.0,0,True,False,False,False,False,True,False,False,False,Medium,0.0,Q1,0,3.2426869461098464,4.960082835691626,0.03905880507225003,1.3646483324249243,0.7252020410540382,0.8560136753987952,5.833333333333333,0.24602421736922683
CUST100842,59.0,Other,Post-Graduate,Salaried,2018-04-12,543784.8830348087,347417.56326621684,805.8216063148999,50,40.15761705618564,0,3,7.12,7.52,10.17,2018,4,12,Thursday,3.0,2,False,False,False,True,True,False,False,False,False,Medium,1.0,Q4,1,3.717409014639394,6.337003791713055,0.02429683911570649,0.9463846438728285,0.6749613658949217,0.6388878655973561,8.333333333333334,0.4015761705618564
CUST100843,37.0,Male,Secondary,Salaried,2021-01-23,404140.3785463857,61396.77337467097,630.2870336716438,35,24.23052685426351,0,0,7.12,7.52,10.17,2021,1,23,Saturday,1.0,1,False,False,False,True,True,False,False,False,False,Medium,0.0,Q1,0,3.228054644490568,4.922451305423296,0.03963452708602547,-1.1388137846639101,0.22398863410807388,0.15191942363072758,5.833333333333333,0.2423052685426351
CUST100844,59.0,Male,Post-Graduate,Unemployed,2016-12-09,364589.4682051783,172297.85937359175,714.8820638425981,42,22.503240115373604,0,0,7.12,7.52,10.17,2016,12,9,Friday,3.0,1,False,False,False,True,False,True,False,False,False,Medium,1.0,Q2,2,3.1571382888958595,4.743758016106387,0.04254732518117339,0.0765049948430057,0.059621423625493886,0.47258046213399807,7.0,0.22503240115373604
CUST100845,42.0,Female,Secondary,Salaried,2016-12-18,507189.6371528995,148198.7907094515,833.2452014097537,43,26.550375247236268,0,0,4.65,3.95,7.17,2016,12,18,Sunday,1.0,0,True,False,False,False,False,False,False,False,True,Medium,1.0,Q2,2,3.316016156095502,5.152705623964586,0.03629714626483411,-0.10566555984329098,0.5720449138577395,0.29219601477144314,7.166666666666667,0.2655037524723627
CUST100846,46.0,Female,Graduate,Salaried,2025-01-13,127386.09454336949,413539.39656338206,502.07670433060304,39,12.654327054617776,1,2,4.65,3.95,7.17,2025,1,13,Monday,2.0,0,True,False,False,False,False,False,False,True,False,Low,0.0,Q1,0,2.614056471735276,3.5572920957686023,0.07323685715158028,1.1682112536852869,-1.880676995875059,3.2463464559908437,6.5,0.12654327054617776
CUST100847,64.0,Male,Post-Graduate,Salaried,2019-05-23,289883.724752412,134614.01768299483,627.635548962274,41,41.94023628022079,0,0,7.2,8.56,11.89,2019,5,23,Thursday,3.0,1,False,False,True,False,True,False,False,False,False,Low,0.0,Q1,2,3.7598092950023516,6.476128185900954,0.023288181123973503,-0.22105341075153845,-0.32165948844159004,0.46437245760508933,6.833333333333333,0.4194023628022079
CUST100848,45.0,Male,Secondary,Salaried,2020-11-14,134845.05870868158,76283.98596087436,650.1496147113501,51,18.39654804915632,0,1,4.93,3.44,11.79,2020,11,14,Saturday,1.0,1,False,True,False,False,True,False,False,False,False,Low,0.0,Q4,1,2.9650951146263647,4.289119728936967,0.05155556532356779,-0.889306674812964,-1.7623122130966407,0.5657158422517936,8.5,0.1839654804915632
CUST100849,43.0,Male,Primary,Salaried,2022-06-19,520609.44131180615,200651.4126569909,506.0897072580883,33,12.482913799330005,1,1,7.12,7.52,10.17,2022,6,19,Sunday,0.0,1,False,False,False,True,False,False,False,False,True,Medium,0.0,Q1,0,2.601423239345882,3.5331167259701464,0.07416794432444507,0.2623776511180796,0.610830174169527,0.38541639227940105,5.5,0.12482913799330005
CUST100850,33.0,Female,Graduate,Salaried,2021-09-17,241472.6795166932,55880.72842809689,613.5223025615566,43,42.07414064797966,0,0,7.12,7.52,10.17,2021,9,17,Friday,2.0,0,False,False,False,True,False,False,False,False,True,Low,0.0,Q2,2,3.7629228320810264,6.4864582514635565,0.023215785270620456,-1.2459972517316478,-0.6413203554157396,0.23141635956474244,7.166666666666667,0.42074140647979663
CUST100851,40.0,Male,Primary,Self-Employed,2018-01-05,141075.87607214338,70957.71603068859,572.2894978356748,39,26.3092313203962,1,0,4.93,3.44,11.79,2018,1,5,Friday,0.0,1,False,True,False,False,False,False,True,False,False,Low,0.0,Q1,0,3.3072247886375066,5.129252510882672,0.03661765460432931,-0.9728480552715942,-1.6695269904350594,0.5029755476719651,6.5,0.263092313203962
CUST100852,45.0,Male,Graduate,Salaried,2020-07-12,224971.2928219578,171914.5822388233,718.6148374680675,62,16.34426345543199,0,0,7.12,7.52,10.17,2020,7,12,Sunday,2.0,1,False,False,False,True,False,False,False,False,True,Low,1.0,Q4,3,2.8532618151460194,4.042803910089134,0.057655950774134115,0.07380044400184638,-0.7690727707428052,0.7641623074766096,10.333333333333334,0.1634426345543199
CUST100853,24.0,Male,Post-Graduate,Salaried,2018-06-14,396175.95441384806,250070.1379991033,511.38821158979215,45,23.296809236088123,1,1,4.65,3.95,7.17,2018,6,14,Thursday,3.0,1,True,False,False,False,True,False,False,False,False,Medium,0.0,Q2,2,3.190345034568096,4.8266768315361785,0.04115766767081074,0.5340181624654812,0.1925476601638994,0.6312097824540819,7.5,0.23296809236088123
CUST100854,30.0,Male,Graduate,Salaried,2025-05-07,320251.84166938305,118715.52994636972,801.1458097584436,51,63.00804507794283,0,1,4.65,3.95,7.17,2025,5,7,Wednesday,2.0,1,True,False,False,False,False,True,False,False,False,Medium,1.0,Q4,1,4.1590087798024,7.93776070928967,0.015623036116511549,-0.37089456122097847,-0.15334089936643888,0.3706942927401727,8.5,0.6300804507794283
CUST100855,23.0,Male,Secondary,Salaried,2015-10-18,179172.81474453746,152013.5160712717,650.84436571443,61,30.67161520385211,0,0,7.12,7.52,10.17,2015,10,18,Sunday,1.0,1,False,False,False,True,False,False,False,True,False,Low,0.0,Q4,3,3.45542086031894,5.538196024325259,0.03157401331013814,-0.07505228395387675,-1.1953378005349953,0.8484184182070859,10.166666666666666,0.3067161520385211
CUST100856,61.0,Female,Graduate,Self-Employed,2020-12-23,130232.79242158224,108062.75065967056,565.6942735818369,45,23.421418267945747,0,0,4.65,3.95,7.17,2020,12,23,Wednesday,2.0,0,True,False,False,False,False,False,True,False,False,Low,0.0,Q2,2,3.195460545126546,4.839567983606155,0.04094766278633976,-0.4822510446486829,-1.8345077480739618,0.8297660569993457,7.5,0.23421418267945746
CUST100857,38.0,Male,Graduate,Unemployed,2025-08-27,378647.007796966,101280.01679079515,732.1135563897582,45,48.887947256196256,1,3,4.65,3.95,7.17,2025,8,27,Wednesday,2.0,1,True,False,False,False,False,True,False,False,False,Medium,1.0,Q2,2,3.909779435630505,6.991991651610881,0.020044921769672465,-0.5586642697471467,0.12048556279795652,0.267478719507279,7.5,0.48887947256196257
CUST100858,56.0,Female,Primary,Salaried,2025-08-15,255643.4900685264,33625.828231046886,697.7583738814009,48,8.221089751086527,0,0,7.12,7.52,10.17,2025,8,15,Friday,0.0,0,False,False,False,True,False,False,False,True,False,Low,0.0,Q3,1,2.2214932248451227,2.8672442782376475,0.10844705202898272,-1.814006616906613,-0.5400047764993723,0.1315340680962904,8.0,0.08221089751086527
CUST100859,42.0,Male,Graduate,Self-Employed,2023-01-15,310255.5445318588,215021.6640336456,646.8985900167461,42,24.274866634080823,0,0,7.2,8.56,11.89,2023,1,15,Sunday,2.0,1,False,False,True,False,False,False,False,True,False,Medium,0.0,Q2,2,3.229810488298383,4.9269530781285935,0.039564996107698244,0.3473313245864805,-0.20646856542110134,0.6930469666806097,7.0,0.24274866634080822
CUST100860,54.0,Female,Graduate,Salaried,2023-01-07,329123.6804445509,250821.27619558305,592.2834493939307,46,20.21686101067485,1,1,4.93,3.44,11.79,2023,1,7,Saturday,2.0,0,False,True,False,False,False,False,False,True,False,Medium,0.0,Q3,2,3.0547961962623176,4.496316382404029,0.04713232553566098,0.5377432430947692,-0.10789247137343277,0.7620882090793226,7.666666666666667,0.2021686101067485
CUST100861,28.0,Female,Graduate,Salaried,2021-08-11,468850.5839330753,409912.1519248478,693.8130625605987,36,55.337271707273416,0,2,4.65,3.95,7.17,2021,8,11,Wednesday,2.0,0,True,False,False,False,False,True,False,False,False,Medium,0.0,Q1,0,4.03135633577467,7.438902587564473,0.017750238335927353,1.1569387177481205,0.45379140926669415,0.8742916527610841,6.0,0.5533727170727342
CUST100862,43.0,Female,Secondary,Salaried,2022-02-08,602093.4236645396,488821.0551808056,659.8336292598343,43,31.327688482122912,0,2,7.2,8.56,11.89,2022,2,8,Tuesday,1.0,0,False,False,True,False,False,False,True,False,False,High,0.0,Q2,2,3.475924091566756,5.597114299540694,0.030933235469433464,1.3833356218188486,0.8222834179939673,0.8118691152706488,7.166666666666667,0.3132768848212291
CUST100863,64.0,Female,Graduate,Salaried,2023-01-28,395499.7842094141,229559.0754096515,594.8607590187852,46,17.1244623425247,1,3,4.65,3.95,7.17,2023,1,28,Saturday,2.0,0,True,False,False,False,False,False,True,False,False,Medium,0.0,Q3,2,2.8972625364400515,4.138171376649921,0.055174050468451134,0.4280059607326522,0.18984211696455416,0.5804278145651319,7.666666666666667,0.17124462342524702
CUST100864,43.0,Male,Primary,Salaried,2021-04-14,298857.5956357931,156613.89369009127,542.5395924723061,43,15.932025360482276,0,0,4.65,3.95,7.17,2021,4,14,Wednesday,0.0,1,True,False,False,False,False,False,False,True,False,Low,0.0,Q2,2,2.8292068204417675,3.9914941263244113,0.059059680027051226,-0.03908061576852555,-0.2697122469550573,0.5240418713699047,7.166666666666667,0.15932025360482277
CUST100865,62.0,Male,Secondary,Self-Employed,2022-09-14,367639.5019898389,44952.32637582453,581.9528783330293,46,14.299347529278633,1,1,4.93,3.44,11.79,2022,9,14,Wednesday,1.0,1,False,True,False,False,False,True,False,False,False,Medium,0.0,Q3,2,2.7278101823438723,3.781447808614927,0.0653622645074427,-1.4914726528472873,0.07307276871747198,0.12227284101006904,7.666666666666667,0.14299347529278633
CUST100866,61.0,Female,Post-Graduate,Salaried,2018-05-22,352990.4950251373,87862.54528725658,609.736171549022,46,4.937848791746992,0,1,4.65,3.95,7.17,2018,5,22,Tuesday,3.0,0,True,False,False,False,False,False,False,True,False,Medium,0.0,Q3,2,1.7813469115085834,2.2221270872177836,0.16841115950778313,-0.725156056666682,0.007156298991185425,0.24890909677610348,7.666666666666667,0.049378487917469925
CUST100867,43.0,Other,Graduate,Unemployed,2025-07-02,135194.26023681907,63229.2471072517,742.998982735318,47,19.82021026436773,0,3,4.93,3.44,11.79,2025,7,2,Wednesday,2.0,2,False,True,False,False,False,False,False,False,True,Low,1.0,Q3,1,3.0359241622889357,4.4519894726254385,0.04803025460849581,-1.105204474038617,-1.7569718377381904,0.46769180138634114,7.833333333333333,0.1982021026436773
CUST100868,26.0,Female,Primary,Salaried,2020-10-18,697437.1651224582,420417.2991863996,718.8607159805792,41,29.428012252872698,0,0,4.93,3.44,11.79,2020,10,18,Sunday,0.0,0,False,True,False,False,False,False,True,False,False,High,1.0,Q1,2,3.415363639819103,5.424759188468434,0.03286445370435232,1.189333070462698,1.0284762115286679,0.6028031200668542,6.833333333333333,0.294280122528727
CUST100869,46.0,Female,Secondary,Salaried,2017-01-15,622851.4445019687,339953.2319171907,613.994597254874,63,20.07469325308919,1,3,4.93,3.44,11.79,2017,1,15,Sunday,1.0,0,False,True,False,False,True,False,False,False,False,High,0.0,Q4,3,3.048072948768432,4.480479132089468,0.047450275455535616,0.9188930024151759,0.8704927442265984,0.5458014666547285,10.5,0.2007469325308919
CUST100870,54.0,Female,Secondary,Self-Employed,2023-05-02,1194215.9224384336,828915.7710068027,617.1044832246085,40,11.273171144768526,0,2,7.2,8.56,11.89,2023,5,2,Tuesday,1.0,0,False,False,True,False,False,False,False,True,False,Very High,0.0,Q1,2,2.5074156723375456,3.3575543398087433,0.08147853461867945,2.076965016451384,1.7222706648154942,0.6941087917453524,6.666666666666667,0.11273171144768526
CUST100871,26.0,Male,Secondary,Salaried,2021-07-04,1423030.8891323924,460796.6764412603,729.308182364136,50,45.61262032999023,0,2,7.12,7.52,10.17,2021,7,4,Sunday,1.0,1,False,False,False,True,False,False,False,False,True,Very High,1.0,Q4,1,3.841871326997777,6.753711596595625,0.021453417398991557,1.3071474072227298,1.929235393904772,0.3238135447096327,8.333333333333334,0.4561262032999023
CUST100872,57.0,Male,Secondary,Salaried,2023-06-15,178865.23436944897,98726.82789725768,671.3877399540211,35,57.23665857242929,0,0,7.2,8.56,11.89,2023,6,15,Thursday,1.0,1,False,False,True,False,False,False,True,False,False,Low,0.0,Q1,0,4.064515028829555,7.565491297492139,0.017171314847267444,-0.5886805488968891,-1.1986471843776356,0.5519620861219786,5.833333333333333,0.5723665857242929
CUST100873,53.0,Female,Primary,Self-Employed,2024-09-28,296191.0747270978,50504.66411173072,670.2731807899439,43,47.581544369583135,0,1,7.12,7.52,10.17,2024,9,28,Saturday,0.0,0,False,False,False,True,False,True,False,False,False,Low,0.0,Q2,2,3.883243713303045,6.897937689598474,0.02058394834862638,-1.3604981133760115,-0.2849427957366136,0.17051379471263375,7.166666666666667,0.47581544369583134
CUST100874,42.0,Female,Graduate,Unemployed,2018-04-12,1634624.6402407882,704412.7501578525,593.7299675604545,45,21.91424204497602,1,4,7.12,7.52,10.17,2018,4,12,Thursday,2.0,0,False,False,False,True,False,False,True,False,False,Very High,0.0,Q2,2,3.1317586406074054,4.6812650047798,0.04364098092519064,1.8608638847519707,2.086682435774784,0.43093241886656564,7.5,0.2191424204497602
CUST100875,41.0,Male,Graduate,Self-Employed,2016-11-29,353510.9114167217,247503.1229551987,640.1264914361484,43,17.867004782740246,0,0,4.93,3.44,11.79,2016,11,29,Tuesday,2.0,1,False,True,False,False,False,True,False,False,False,Medium,0.0,Q2,2,2.9374146177270983,4.226937991352635,0.053002583691228594,0.5212078047618145,0.009556085923541135,0.7001286663636809,7.166666666666667,0.17867004782740245
CUST100876,26.0,Female,Graduate,Salaried,2022-10-24,419377.4134345685,274575.06645097275,650.340933377527,43,28.3997028275165,1,1,4.65,3.95,7.17,2022,10,24,Monday,2.0,0,True,False,False,False,False,True,False,False,False,Medium,0.0,Q2,2,3.3809845663859486,5.329137156005323,0.03401394925203309,0.650441340426873,0.28204098871227445,0.6547206827432352,7.166666666666667,0.283997028275165
CUST100877,26.0,Male,Graduate,Salaried,2025-06-05,145411.3685291245,129781.70976142796,642.7046602421032,42,62.26974763703932,1,2,4.93,3.44,11.79,2025,6,5,Thursday,2.0,1,False,True,False,False,False,False,False,True,False,Low,0.0,Q2,2,4.147407294483845,7.891118275443558,0.01580534200541968,-0.2647548605551535,-1.6079284332784722,0.8925141897377434,7.0,0.6226974763703932
CUST100878,24.0,Female,Primary,Unemployed,2021-05-10,396397.6602591144,127764.07974456524,708.725432948469,53,34.96649219899306,0,1,4.65,3.95,7.17,2021,5,10,Monday,0.0,0,True,False,False,False,False,False,False,True,False,Medium,1.0,Q4,3,3.582587732768451,5.913247178918962,0.02780365664984134,-0.2834558448736719,0.19343351344909004,0.3223129007902048,8.833333333333334,0.3496649219899306
CUST100879,50.0,Male,Post-Graduate,Salaried,2016-06-07,1154484.2031755107,575569.761187501,711.2283071532839,56,23.637954647606367,0,1,7.12,7.52,10.17,2016,6,7,Tuesday,3.0,1,False,False,False,True,False,False,True,False,False,Very High,1.0,Q4,3,3.2042881257882856,4.861887971519538,0.04058778475335623,1.5955587101848066,1.6812820988927142,0.4985514393391833,9.333333333333334,0.23637954647606368
CUST100880,31.0,Male,Post-Graduate,Salaried,2020-01-20,783851.9843700818,285027.6534346414,576.4833732240371,55,32.314756268088026,1,3,4.93,3.44,11.79,2020,1,20,Monday,3.0,1,False,True,False,False,False,False,False,False,True,High,0.0,Q4,3,3.5060004300065897,5.684606958100799,0.030016728681815184,0.6971535152884528,1.18707318414717,0.36362433101919744,9.166666666666666,0.32314756268088024
CUST100881,50.0,Female,Post-Graduate,Salaried,2021-03-16,251201.1337969476,113664.1148245992,609.9828387399298,47,22.89130191545877,0,0,4.65,3.95,7.17,2021,3,16,Tuesday,3.0,0,True,False,False,False,False,False,True,False,False,Low,0.0,Q3,1,3.173514456104788,4.784485543447568,0.04185623720040783,-0.4224736905926808,-0.5709970481019631,0.45248249124733986,7.833333333333333,0.2289130191545877
CUST100882,51.0,Male,Post-Graduate,Salaried,2017-10-20,285560.78141960496,224325.15712046807,595.0101173423762,41,26.86218477684978,1,3,7.2,8.56,11.89,2017,10,20,Friday,3.0,1,False,False,True,False,True,False,False,False,False,Low,0.0,Q1,2,3.3272703851208387,5.182874181074607,0.035890939924814624,0.3995287756837655,-0.3474045451201234,0.7855601038955106,6.833333333333333,0.2686218477684978
CUST100883,44.0,Female,Post-Graduate,Self-Employed,2025-12-28,183773.596379904,118969.00957651544,761.0820612888172,41,29.47266067790393,0,1,4.65,3.95,7.17,2025,12,28,Sunday,3.0,0,True,False,False,False,False,True,False,False,False,Low,1.0,Q1,2,3.4168299104161886,5.428872873617868,0.03281630083339297,-0.3683610338137254,-1.1466655737934888,0.6473672601507892,6.833333333333333,0.29472660677903934
CUST100884,29.0,Female,Graduate,Self-Employed,2022-01-04,217358.2332507489,175180.50996427197,830.2792423812672,51,52.05857257574296,0,2,4.93,3.44,11.79,2022,1,4,Tuesday,2.0,0,False,True,False,False,False,True,False,False,False,Low,1.0,Q4,1,3.971396446269757,7.215162685327543,0.01884709579347362,0.0966667069918847,-0.8320164230292743,0.8059529530780652,8.5,0.5205857257574296
CUST100885,23.0,Female,Secondary,Salaried,2024-07-02,115136.40590323234,30258.87065009665,612.9102899890471,53,58.48685565479843,1,1,7.2,8.56,11.89,2024,7,2,Tuesday,1.0,0,False,False,True,False,False,False,False,True,False,Low,0.0,Q4,3,4.0857553747819,7.647669949389711,0.016810436339129924,-1.9298419326815968,-2.095124703679338,0.26280888666550917,8.833333333333334,0.5848685565479843
CUST100886,51.0,Male,Graduate,Salaried,2023-09-18,344244.76007749204,274944.46678561805,636.6323803554494,46,18.28312917633858,0,1,4.65,3.95,7.17,2023,9,18,Monday,2.0,1,True,False,False,False,False,False,False,False,True,Medium,0.0,Q3,2,2.9592305776902195,4.275877591365143,0.0518588031462784,0.6521204600710129,-0.033844966396954106,0.7986888942731504,7.666666666666667,0.1828312917633858
CUST100887,60.0,Male,Graduate,Self-Employed,2020-07-03,896332.2231134637,132486.70396944848,717.3851864957865,49,15.263564059324866,0,4,4.65,3.95,7.17,2020,7,3,Friday,2.0,1,True,False,False,False,False,False,False,True,False,High,1.0,Q3,1,2.7889272719410405,3.9068611517847502,0.061487137527314675,-0.24010718404918943,1.3635930368507412,0.1478098193427075,8.166666666666666,0.15263564059324866
CUST100888,57.0,Male,Graduate,Salaried,2016-04-08,448318.4812403277,363532.2319934985,593.4231136616222,40,25.53169183697436,0,0,4.65,3.95,7.17,2016,4,8,Friday,2.0,1,True,False,False,False,True,False,False,False,False,Medium,0.0,Q1,2,3.2783399368278174,5.052889454260241,0.037690773967395765,1.0038905203819606,0.385388444390703,0.8108794243497218,6.666666666666667,0.25531691836974363
CUST100889,56.0,Other,Graduate,Self-Employed,2025-07-27,822203.6510147711,298672.89544214914,719.1926662065981,43,33.85729627974033,0,1,4.65,3.95,7.17,2025,7,27,Sunday,2.0,2,True,False,False,False,False,False,True,False,False,High,1.0,Q2,2,3.5512624776961625,5.818702284851867,0.028688398319097898,0.7557672255390246,1.250626039382104,0.3632590235685823,7.166666666666667,0.33857296279740334
CUST100890,44.0,Female,Primary,Salaried,2019-07-23,689656.9924326143,242531.74813673252,650.84436571443,36,56.33873835845158,1,2,4.65,3.95,7.17,2019,7,23,Tuesday,0.0,0,True,False,False,False,False,False,True,False,False,High,0.0,Q1,0,4.0489764573957805,7.50591355921793,0.01744021631150178,0.49603957501854723,1.0130029850843403,0.35167010673125315,6.0,0.5633873835845158
CUST100891,51.0,Female,Secondary,Salaried,2023-08-31,260905.91600890816,132976.14294590117,510.5008237640029,46,14.24112290604711,0,0,7.2,8.56,11.89,2023,8,31,Thursday,1.0,0,False,False,True,False,False,False,False,False,True,Low,0.0,Q3,2,2.723997229043306,3.773741234643296,0.06561196351242841,-0.2356980681358016,-0.5041486412564169,0.5096708613589311,7.666666666666667,0.1424112290604711
CUST100892,26.0,Female,Post-Graduate,Salaried,2016-03-26,229646.3976010681,195785.53005555697,545.9653135702645,51,13.601139668557638,0,1,7.12,7.52,10.17,2016,3,26,Saturday,3.0,0,False,False,False,True,False,False,False,True,False,Low,0.0,Q4,1,2.6810995851580564,3.687972297693902,0.06848780456181913,0.23231082046046184,-0.7317210350559351,0.8525521501785854,8.5,0.13601139668557638
CUST100893,22.0,Female,Graduate,Salaried,2018-11-20,234987.89141122907,32481.22284931045,650.84436571443,33,3.688555558235573,0,1,7.2,8.56,11.89,2018,11,20,Tuesday,2.0,0,False,False,True,False,False,False,False,True,False,Low,0.0,Q1,0,1.5451245517029446,1.9205612612555667,0.2132853045205945,-1.8521105171040024,-0.6901884606410497,0.13822509174512432,5.5,0.03688555558235573
CUST100894,40.0,Female,Graduate,Self-Employed,2020-03-30,129283.48507118456,49358.46691285244,747.8358843832676,42,42.96404636254629,0,1,7.2,8.56,11.89,2020,3,30,Monday,2.0,0,False,False,True,False,True,False,False,False,False,Low,1.0,Q2,2,3.783372171763151,6.554696511856693,0.02274585900837182,-1.3863871483837853,-1.8497631462473019,0.3817847800565962,7.0,0.42964046362546293
CUST100895,48.0,Male,Secondary,Unemployed,2017-07-12,369312.3861000963,290005.3546157276,578.5972321288817,32,28.80649855018731,0,1,7.2,8.56,11.89,2017,7,12,Wednesday,1.0,1,False,False,True,False,False,False,True,False,False,Medium,0.0,Q1,0,3.3947264418910197,5.367168578513937,0.03354973071782414,0.7188351979109672,0.08039163378876919,0.7852575909466688,5.333333333333333,0.2880649855018731
CUST100896,31.0,Female,Secondary,Self-Employed,2024-12-01,88044.66004530259,26430.58473485353,607.2719518953628,55,31.83620543119457,0,0,7.12,7.52,10.17,2024,12,1,Sunday,1.0,0,False,False,False,True,False,False,False,True,False,Low,0.0,Q4,3,3.491531730745977,5.642358144534479,0.030454188809831074,-2.077287774393001,-2.6907467361994253,0.3001952045842861,9.166666666666666,0.3183620543119457
CUST100897,43.0,Male,Post-Graduate,Salaried,2023-02-28,516509.6782831722,133944.1399129058,666.8899381426078,51,25.743408766047573,0,1,4.93,3.44,11.79,2023,2,28,Tuesday,3.0,1,False,True,False,False,False,False,False,False,True,Medium,0.0,Q4,1,3.2862880417109857,5.073796287401335,0.037392391102721446,-0.22702260373821898,0.5991146744560251,0.2593255180776536,8.5,0.2574340876604757
CUST100898,35.0,Female,Graduate,Salaried,2021-12-01,378181.13820858987,166337.43142109853,516.4988035151193,39,12.753188948548711,1,0,7.12,7.52,10.17,2021,12,1,Wednesday,2.0,0,False,False,False,True,False,False,True,False,False,Medium,0.0,Q1,0,2.6212707207532913,3.571160728467526,0.07271040947238086,0.03379100089133264,0.11851389723609608,0.43983534506512945,6.5,0.1275318894854871
CUST100899,26.0,Female,Graduate,Self-Employed,2015-11-12,480635.2377362767,196311.61834503943,673.8842624846118,52,26.825127433849737,0,0,7.2,8.56,11.89,2015,11,12,Thursday,2.0,0,False,False,True,False,True,False,False,False,False,Medium,0.0,Q4,1,3.325939476983996,5.179297967277972,0.035938739270012586,0.23559524534724072,0.4913873248756758,0.4084420011933355,8.666666666666666,0.2682512743384974
CUST100900,50.0,Female,Graduate,Self-Employed,2016-11-01,682972.4286770116,568460.4639605004,526.5007931120718,46,50.9897349507597,1,3,4.65,3.95,7.17,2016,11,1,Tuesday,2.0,0,True,False,False,False,False,False,False,False,True,High,0.0,Q3,2,3.9510462943014537,7.140709695174542,0.019234566226335178,1.5793398250028021,0.9995338926362729,0.8323329611733629,7.666666666666667,0.509897349507597
CUST100901,58.0,Male,Graduate,Salaried,2016-11-28,408103.7674371924,289569.00816824986,695.3747367569429,47,5.1153251227454986,0,1,4.65,3.95,7.17,2016,11,28,Monday,2.0,1,True,False,False,False,False,True,False,False,False,Medium,0.0,Q3,1,1.8107979357953468,2.2617084521983593,0.16352360339445798,0.7169486238266383,0.2393483771149996,0.7095475005944777,7.833333333333333,0.05115325122745498
CUST100902,22.0,Male,Secondary,Salaried,2017-09-19,964093.0006019302,485991.99749055353,585.2977534210085,36,28.17673988092032,0,1,7.2,8.56,11.89,2017,9,19,Tuesday,1.0,1,False,False,True,False,True,False,False,False,False,High,0.0,Q1,0,3.373371812415725,5.308176700235244,0.034273877207711426,1.3758334361405609,1.4571092727436608,0.5040924445952051,6.0,0.2817673988092032
CUST100903,35.0,Male,Graduate,Self-Employed,2018-10-08,526058.3865321206,468558.339153522,574.6360687828147,44,7.566118922319386,0,1,4.65,3.95,7.17,2018,10,8,Monday,2.0,1,True,False,False,False,False,False,False,False,True,Medium,0.0,Q2,2,2.147814762160012,2.750657907177733,0.11673898168684742,1.32867558641825,0.62622430550258,0.8906964533772569,7.333333333333333,0.07566118922319386
CUST100904,31.0,Male,Graduate,Salaried,2022-09-16,229974.54133027123,108599.04361019624,671.8237299625434,36,17.38105612070493,0,0,7.2,8.56,11.89,2022,9,16,Friday,2.0,1,False,False,True,False,False,False,False,True,False,Low,0.0,Q1,0,2.911320575598029,4.16905938080821,0.05440383802939225,-0.4764031865042483,-0.7291349864315871,0.4722220250207387,6.0,0.1738105612070493
CUST100905,43.0,Male,Graduate,Salaried,2018-06-16,314070.69244061713,46039.7059256324,713.5192407600853,46,14.300251067766231,0,0,4.65,3.95,7.17,2018,6,16,Saturday,2.0,1,True,False,False,False,False,True,False,False,False,Medium,1.0,Q3,2,2.7278692379216762,3.7815672766415553,0.06535840461512084,-1.464667213300569,-0.18594356699560496,0.1465902646562202,7.666666666666667,0.14300251067766231
CUST100906,46.0,Female,Graduate,Salaried,2018-02-01,93267.3504448339,28896.039912802866,680.100788484575,44,20.52904622856985,0,0,7.12,7.52,10.17,2018,2,1,Thursday,2.0,0,False,False,False,True,True,False,False,False,False,Low,0.0,Q2,2,3.069403010746609,4.530899053010324,0.04644887606181841,-1.980209955806371,-2.5594622014967743,0.30981945745198797,7.333333333333333,0.2052904622856985
CUST100907,64.0,Female,Post-Graduate,Salaried,2017-06-25,210804.3509711009,94620.87874534092,666.6114799880285,30,17.273962395693598,0,1,4.93,3.44,11.79,2017,6,25,Sunday,3.0,0,False,True,False,False,False,False,False,True,False,Low,0.0,Q1,0,2.9054772267705244,4.156195663788412,0.05472266924636213,-0.6385174706871651,-0.8884453492019797,0.44885638417545026,5.0,0.17273962395693598
CUST100908,25.0,Male,Primary,Self-Employed,2023-01-04,288197.75028857245,64994.96166348546,667.7441767533785,48,55.09167377639786,0,1,4.93,3.44,11.79,2023,1,4,Wednesday,0.0,1,False,True,False,False,False,True,False,False,False,Low,0.0,Q3,1,4.026987383980663,7.422376558515329,0.01782795792449285,-1.0736749546699578,-0.33164293261762173,0.2255220993168961,8.0,0.5509167377639786
CUST100909,26.0,Male,Post-Graduate,Unemployed,2017-11-18,502707.6994392748,431349.3977225239,650.84436571443,47,29.160195446377077,0,0,7.12,7.52,10.17,2017,11,18,Saturday,3.0,1,False,False,False,True,False,False,True,False,False,Medium,0.0,Q3,1,3.4065230234363004,5.400018096856443,0.03315628381049244,1.2222457807259064,0.5588055121772956,0.8580521010592345,7.833333333333333,0.2916019544637708
CUST100910,46.0,Male,Secondary,Salaried,2015-03-30,352990.4950251373,164749.47632306258,685.8428956838803,59,50.19619046043419,0,2,7.12,7.52,10.17,2015,3,30,Monday,1.0,1,False,False,False,True,False,False,False,True,False,Medium,0.0,Q4,3,3.935665124207623,7.084926990480155,0.01953270333215178,0.022168559734902206,0.007156298991185425,0.4667249646802256,9.833333333333334,0.5019619046043419
CUST100911,24.0,Female,Graduate,Salaried,2021-08-19,171483.37320381243,53953.77261379065,618.4575159946437,54,32.8836477285608,0,2,7.2,8.56,11.89,2021,8,19,Thursday,2.0,0,False,False,True,False,False,False,False,False,True,Low,0.0,Q4,3,3.5229325301205265,5.734426538770969,0.029512761082009828,-1.2857980436110827,-1.2802674225093325,0.3146297603422181,9.0,0.32883647728560805
CUST100912,39.0,Female,Primary,Salaried,2024-06-30,116713.8927856014,66835.46686436595,702.3602359024592,48,10.75133985148869,0,1,7.2,8.56,11.89,2024,6,30,Sunday,0.0,0,False,False,True,False,True,False,False,False,False,Low,1.0,Q3,1,2.4639672640031827,3.2789235812212354,0.08509667941169426,-1.0416557980742924,-2.0659492885404536,0.5726436268143326,8.0,0.10751339851488691
CUST100913,40.0,Female,Secondary,Salaried,2019-05-06,253254.3221870351,171493.52603965747,586.144781985504,37,39.30123595699676,0,2,7.2,8.56,11.89,2019,5,6,Monday,1.0,0,False,False,True,False,False,True,False,False,False,Low,0.0,Q1,0,3.696382137390464,6.269069784026715,0.02481313478988697,0.07082276725199842,-0.5565886867112416,0.6771593256876576,6.166666666666667,0.3930123595699676
CUST100914,43.0,Female,Graduate,Salaried,2015-12-30,1167658.572323416,996039.7854606824,737.31146108971,30,54.1922206444111,0,2,4.65,3.95,7.17,2015,12,30,Wednesday,2.0,0,True,False,False,False,False,False,False,True,False,Very High,1.0,Q1,0,4.010822012996563,7.361536568163681,0.01811849547498253,2.323377583882949,1.6950656172477074,0.8530231431254385,5.0,0.541922206444111
CUST100915,40.0,Other,Primary,Self-Employed,2021-01-03,426200.0947406764,343222.4649502991,712.5954919030786,57,86.55463796622048,1,0,7.2,8.56,11.89,2021,1,3,Sunday,0.0,2,False,False,True,False,False,False,True,False,False,Medium,1.0,Q4,3,4.472263032385505,9.303474510429988,0.011421439494568074,0.9310029605352836,0.3071891991737034,0.8053082793403286,9.5,0.8655463796622048
CUST100916,32.0,Female,Graduate,Salaried,2015-11-10,636505.0604710454,325988.4732889575,824.4720803667766,32,51.94567320328707,0,1,7.12,7.52,10.17,2015,11,10,Tuesday,2.0,0,False,False,False,True,True,False,False,False,False,High,1.0,Q1,0,3.969266353945354,7.2073346809543315,0.018887284635336662,0.865900145207807,0.9011236249065919,0.512153780910571,5.333333333333333,0.5194567320328707
CUST100917,21.0,Female,Post-Graduate,Salaried,2016-07-01,211074.71734200552,151915.13794304474,691.1078761044456,53,54.19563721882474,1,1,4.93,3.44,11.79,2016,7,1,Friday,3.0,0,False,True,False,False,True,False,False,False,False,Low,0.0,Q4,3,4.0108839142686925,7.3617686202993875,0.018117373951775758,-0.07583265367149332,-0.8860744544130194,0.719722095834414,8.833333333333334,0.5419563721882474
CUST100918,43.0,Female,Secondary,Salaried,2017-03-06,352990.4950251373,77464.59621479096,722.7279749238072,42,30.82684719645517,0,1,4.65,3.95,7.17,2017,3,6,Monday,1.0,0,True,False,False,False,False,False,False,True,False,Medium,1.0,Q2,2,3.460310185067177,5.552193007853308,0.03142001448737212,-0.8715335557795771,0.007156298991185425,0.21945235723492929,7.0,0.3082684719645517
CUST100919,34.0,Male,Graduate,Salaried,2024-08-24,174094.497794139,94387.61471249016,525.1569369589917,36,7.642324145872781,1,2,7.2,8.56,11.89,2024,8,24,Saturday,2.0,1,False,False,True,False,False,False,True,False,False,Low,0.0,Q1,0,2.1566715450072964,2.7644753834810647,0.11570961504349023,-0.6414094407904799,-1.2509041953931572,0.5421631120364321,6.0,0.07642324145872781
CUST100920,58.0,Female,Graduate,Salaried,2023-01-25,341711.240885467,65538.01766084439,725.3357393844578,51,45.30366914830864,0,3,4.65,3.95,7.17,2023,1,25,Wednesday,2.0,0,True,False,False,False,False,True,False,False,False,Medium,1.0,Q4,1,3.8352212052159755,6.730800037759898,0.021596560669890835,-1.064139699100102,-0.04596560681263655,0.19179356667055353,8.5,0.45303669148308645
CUST100921,43.0,Male,Graduate,Salaried,2019-03-10,109482.79514304837,22340.734590122327,650.84436571443,52,16.134492281185437,0,1,4.65,3.95,7.17,2019,3,10,Sunday,2.0,1,True,False,False,False,False,False,False,True,False,Low,0.0,Q4,1,2.8410935243760793,4.016776354389853,0.05836181099442625,-2.2588773328527987,-2.2039299741277154,0.20405703527145339,8.666666666666666,0.16134492281185436
CUST100922,31.0,Female,Secondary,Unemployed,2019-02-18,198004.64126893476,570397.0004996867,770.3777034710761,37,14.093358991515364,0,1,7.2,8.56,11.89,2019,2,18,Monday,1.0,0,False,False,True,False,False,True,False,False,False,Low,1.0,Q1,0,2.7142548451932638,3.754112277425299,0.06625430433094076,1.5837765819851224,-1.005232739260525,2.8807254054462264,6.166666666666667,0.14093358991515365
CUST100923,56.0,Female,Secondary,Salaried,2020-11-18,254787.10381217604,80280.67387855216,659.63730818732,46,12.680811846467604,0,3,4.65,3.95,7.17,2020,11,18,Wednesday,1.0,0,True,False,False,False,True,False,False,False,False,Low,0.0,Q3,2,2.6159942559355476,3.5610127557294153,0.07309507734061856,-0.8301471384944823,-0.5459269060345505,0.3150892359832053,7.666666666666667,0.12680811846467605
CUST100924,33.0,Female,Secondary,Salaried,2015-04-17,163970.99253277967,22340.734590122327,622.6485299113592,51,5.459664009953381,0,0,4.93,3.44,11.79,2015,4,17,Friday,1.0,0,False,True,False,False,False,True,False,False,False,Low,0.0,Q4,1,1.8655773055987699,2.336592392770588,0.1548068132427861,-2.2588773328527987,-1.3679554173402955,0.1362480902569164,8.5,0.054596640099533814
CUST100925,63.0,Female,Primary,Self-Employed,2017-05-06,1475600.8545952814,68705.3506240012,562.8388179778703,38,11.773081828389032,1,3,7.12,7.52,10.17,2017,5,6,Saturday,0.0,0,False,False,False,True,False,False,True,False,False,Very High,0.0,Q1,0,2.54733997439642,3.4311924790645354,0.07828964171962266,-1.0099634909377533,1.970958638094643,0.04656093171133686,6.333333333333333,0.11773081828389032
CUST100926,23.0,Male,Secondary,Unemployed,2023-03-04,430969.33537193656,54297.5151244389,570.1571230506369,54,11.29165164321692,0,0,7.12,7.52,10.17,2023,3,4,Saturday,1.0,1,False,False,False,True,False,False,False,False,True,Medium,0.0,Q4,3,2.508920303744368,3.3603052901807775,0.08135603164053584,-1.2786011976617122,0.3244723544144577,0.12598927735213197,9.0,0.1129165164321692
CUST100927,53.0,Male,Graduate,Salaried,2015-10-18,372325.1709629931,214541.7584038014,647.9514660355427,50,20.622378460137387,0,1,4.93,3.44,11.79,2015,10,18,Sunday,2.0,1,False,True,False,False,False,False,True,False,False,Medium,0.0,Q4,1,3.073728818192439,4.541186899934574,0.04624838113177888,0.3445815638390568,0.09346890179993758,0.5762214728832437,8.333333333333334,0.20622378460137386
CUST100928,26.0,Male,Post-Graduate,Self-Employed,2018-10-04,578051.3130273896,307150.47583995026,509.88496022369344,53,59.3576338092974,0,1,4.65,3.95,7.17,2018,10,4,Thursday,3.0,1,True,False,False,False,False,True,False,False,False,Medium,0.0,Q4,3,4.10028743182737,7.704390554047568,0.01656791257191334,0.7909276876653046,0.7637889579259005,0.5313550353018516,8.833333333333334,0.5935763380929739
CUST100929,43.0,Male,Post-Graduate,Salaried,2016-09-08,186045.12865592848,162799.11586743378,588.5425113534961,40,11.39008261724066,1,1,7.2,8.56,11.89,2016,9,8,Thursday,3.0,1,False,False,True,False,False,False,False,True,False,Low,0.0,Q1,2,2.516896363676984,3.3749196460420596,0.0807097120247214,0.00774864600414059,-1.1231914946954416,0.8750517524622435,6.666666666666667,0.1139008261724066
CUST100930,25.0,Female,Graduate,Salaried,2019-10-23,571462.215733055,278513.832372235,657.1617640608521,46,4.883837140543426,0,1,4.65,3.95,7.17,2019,10,23,Wednesday,2.0,0,True,False,False,False,True,False,False,False,False,Medium,0.0,Q3,2,1.772209123998461,2.2099405287345237,0.16995711745815603,0.6682367358825076,0.7472263812587876,0.4873705114781134,7.666666666666667,0.04883837140543426
CUST100931,43.0,Male,Secondary,Salaried,2022-03-20,906714.1474030464,136806.07246742756,655.3762762168169,50,42.39880198563515,0,1,4.93,3.44,11.79,2022,3,20,Sunday,1.0,1,False,True,False,False,False,False,False,False,True,High,0.0,Q4,1,3.770431836707738,6.511436245993287,0.023042110709207975,-0.20171364845231662,1.3784826754610158,0.1508811491022379,8.333333333333334,0.42398801985635154
CUST100932,43.0,Other,Secondary,Self-Employed,2018-06-04,423932.2099940619,229495.8605348672,572.4484997303337,48,48.31296901831729,0,1,4.65,3.95,7.17,2018,6,4,Monday,1.0,2,True,False,False,False,False,False,False,True,False,Medium,0.0,Q3,1,3.898187109705446,6.950753125979752,0.020278641093959486,0.4276656726702012,0.29888585849764987,0.5413503742451695,8.0,0.4831296901831729
CUST100933,64.0,Female,Secondary,Self-Employed,2022-03-28,251208.41779170124,194153.19236407385,551.2909351633091,44,23.31654862876798,1,4,7.12,7.52,10.17,2022,3,28,Monday,1.0,0,False,False,False,True,False,False,False,True,False,Low,0.0,Q2,2,3.1911571320915617,4.828721220858373,0.04112425719894057,0.22206688990662315,-0.5709456730620104,0.7728769364928813,7.333333333333333,0.2331654862876798
CUST100934,22.0,Female,Secondary,Salaried,2017-09-03,395160.9343755516,354648.8091241581,563.2390034891187,54,16.16881466194918,0,0,4.65,3.95,7.17,2017,9,3,Sunday,1.0,0,True,False,False,False,False,False,True,False,False,Medium,0.0,Q4,3,2.8430946371127708,4.021046463540204,0.058245139206742985,0.9724932732034641,0.18848411572994053,0.8974794274251521,9.0,0.16168814661949182
CUST100935,33.0,Male,Graduate,Salaried,2020-07-29,244098.6110851067,108446.79789847822,632.3318272956104,49,21.062434293064747,0,1,4.93,3.44,11.79,2020,7,29,Wednesday,2.0,1,False,True,False,False,False,True,False,False,False,Low,0.0,Q3,1,3.093876356471052,4.589382779096199,0.045325914027281505,-0.4780605431108612,-0.6219950138072394,0.444274538951258,8.166666666666666,0.21062434293064747
CUST100936,60.0,Female,Graduate,Self-Employed,2019-05-31,220892.1528843665,78690.39832544528,820.3837714466613,44,48.80714535451891,0,0,7.12,7.52,10.17,2019,5,31,Friday,2.0,0,False,False,False,True,False,False,True,False,False,Low,1.0,Q2,2,3.908158454752627,6.986211087171566,0.020077440553602655,-0.8533475751593879,-0.802462290094848,0.356238993997394,7.333333333333333,0.4880714535451891
CUST100937,22.0,Female,Secondary,Salaried,2025-06-29,545771.8082181292,450437.8282653497,734.8271268853817,41,51.45495102444231,0,1,4.65,3.95,7.17,2025,6,29,Sunday,1.0,0,True,False,False,False,False,True,False,False,False,Medium,1.0,Q1,2,3.9599547255149607,7.173210649663253,0.019063977383832316,1.2778781605781353,0.6803005887986195,0.8253226375615992,6.833333333333333,0.5145495102444231
CUST100938,40.0,Female,Secondary,Salaried,2019-11-26,333223.8642563272,84303.53943311468,667.1355523107393,50,30.05136110285747,1,2,4.65,3.95,7.17,2019,11,26,Tuesday,1.0,0,True,False,False,False,False,False,True,False,False,Medium,0.0,Q4,1,3.4356426432595457,5.481912175770191,0.0322047074422118,-0.7733329453967349,-0.08740112806925296,0.25299370326089704,8.333333333333334,0.3005136110285747
CUST100939,21.0,Female,Post-Graduate,Self-Employed,2023-07-19,746430.202608312,442142.8040520641,694.3112612274962,50,39.33364664452071,0,2,7.12,7.52,10.17,2023,7,19,Wednesday,3.0,0,False,False,False,True,False,False,False,True,False,High,0.0,Q4,1,3.697186024944428,6.271654219145114,0.024793195835067124,1.2539804023449113,1.121209610789996,0.5923431320263414,8.333333333333334,0.39333646644520714
CUST100940,57.0,Female,Graduate,Self-Employed,2017-05-17,277769.30400470947,117932.94098400162,731.2691899104113,46,53.86153505685427,0,1,7.2,8.56,11.89,2017,5,17,Wednesday,2.0,0,False,False,True,False,True,False,False,False,False,Low,1.0,Q3,2,4.004812466467864,7.339041835066364,0.01822770724449611,-0.37874874821298044,-0.3950564633667696,0.4245715393447582,7.666666666666667,0.5386153505685427
CUST100941,29.0,Male,Secondary,Self-Employed,2023-04-06,295166.608832034,39217.5747605884,704.0494920743192,39,17.35709337388239,0,1,7.12,7.52,10.17,2023,4,6,Thursday,1.0,1,False,False,False,True,False,True,False,False,False,Low,1.0,Q1,0,2.9100160596901548,4.166184510302249,0.05447485501287219,-1.643798109672104,-0.29083982300775485,0.13286589196444423,6.5,0.1735709337388239
CUST100942,37.0,Female,Post-Graduate,Self-Employed,2022-08-01,257839.71286226428,97419.7796825104,625.3432021258194,38,36.37559137637507,0,0,7.2,8.56,11.89,2022,8,1,Monday,3.0,0,False,False,True,False,False,False,False,False,True,Low,0.0,Q1,0,3.6210178543649376,6.031218067386974,0.026755429497554255,-0.6043302970193171,-0.5249296938512762,0.37783077944455823,6.333333333333333,0.3637559137637507
CUST100943,29.0,Male,Post-Graduate,Salaried,2015-06-07,184959.0885788355,57741.04948764823,582.3529434742769,37,48.85492579392473,0,1,4.93,3.44,11.79,2015,6,7,Sunday,3.0,1,False,True,False,False,False,False,False,False,True,Low,0.0,Q1,0,3.909117303841673,6.989629875317056,0.02005819854458311,-1.2087785719266961,-1.1343698247523843,0.31218281800213965,6.166666666666667,0.4885492579392473
CUST100944,31.0,Male,Secondary,Self-Employed,2015-11-24,590458.6809426886,383132.6503054036,639.978066341957,46,40.50275150775244,0,4,4.93,3.44,11.79,2015,11,24,Tuesday,1.0,1,False,True,False,False,False,False,False,True,False,Medium,0.0,Q3,2,3.7257597264304376,6.364177205872919,0.02409478802419176,1.0706889964724065,0.7943469149150401,0.6488729231547895,7.666666666666667,0.40502751507752444
CUST100945,35.0,Male,Secondary,Self-Employed,2025-06-13,1344357.818680505,1111203.2373169912,730.3393333529536,37,30.551993877762055,0,1,7.12,7.52,10.17,2025,6,13,Friday,1.0,1,False,False,False,True,False,False,True,False,False,Very High,1.0,Q1,0,3.45163678438376,5.5273858086587415,0.03169371811728206,2.4714582253254114,1.8630673489241838,0.8265680623687253,6.166666666666667,0.30551993877762057
CUST100946,43.0,Male,Graduate,Salaried,2025-10-29,287984.99494066346,90553.35381494318,628.3687059644607,49,17.079001871243825,0,1,7.12,7.52,10.17,2025,10,29,Wednesday,2.0,1,False,False,False,True,False,False,True,False,False,Low,0.0,Q3,1,2.894751147203596,4.132674905100064,0.05531278812413777,-0.6899345993430451,-0.3329079290269204,0.3144377499029102,8.166666666666666,0.17079001871243826
CUST100947,58.0,Male,Post-Graduate,Salaried,2023-08-15,240795.29032992653,180397.2701616932,561.625949668988,40,21.354136400935197,0,0,4.93,3.44,11.79,2023,8,15,Tuesday,3.0,1,False,True,False,False,False,False,False,True,False,Low,0.0,Q1,2,3.107011377802869,4.621053602906506,0.04473445012879874,0.1323732394689862,-0.6463480867215913,0.7491727513213453,6.666666666666667,0.21354136400935197
CUST100948,55.0,Female,Post-Graduate,Salaried,2022-08-14,231609.00596304625,33418.36633342562,512.1241605780542,43,27.20024283515301,0,1,7.2,8.56,11.89,2022,8,14,Sunday,3.0,0,False,False,True,False,False,False,False,False,True,Low,0.0,Q2,2,3.3393305890826306,5.215385204867711,0.03546068754959266,-1.8208216216355102,-0.7163221951671668,0.14428785355072762,7.166666666666667,0.2720024283515301
CUST100949,50.0,Other,Secondary,Salaried,2022-05-04,240905.51061121453,127799.6044165324,640.3175390657431,37,46.82827673209805,0,0,4.93,3.44,11.79,2022,5,4,Wednesday,1.0,2,False,True,False,False,False,False,False,False,True,Low,0.0,Q1,0,3.867617028025751,6.8431189330668545,0.020908133604757073,-0.28312418005057666,-0.6455288074158695,0.5304968080318505,6.166666666666667,0.46828276732098045
CUST100950,51.0,Female,Secondary,Self-Employed,2019-01-17,974685.5759300035,152479.86117618202,567.9486205969727,51,14.34747820334777,0,1,7.12,7.52,10.17,2019,1,17,Thursday,1.0,0,False,False,False,True,False,False,True,False,False,High,0.0,Q4,1,2.7309511741098573,3.7878065160918357,0.06515728426197526,-0.07135951940675929,1.470986848510636,0.1564400509679157,8.5,0.1434747820334777
CUST100951,25.0,Other,Graduate,Salaried,2024-04-04,235369.45043712648,199411.21049376388,615.0787290898986,43,6.465145819295494,0,0,4.93,3.44,11.79,2024,4,4,Thursday,2.0,2,False,True,False,False,False,True,False,False,False,Low,0.0,Q2,2,2.010244964530513,2.5426651016788457,0.13395585621586326,0.2547799419914769,-0.6872667741991747,0.8472263929045115,7.166666666666667,0.06465145819295494
CUST100952,64.0,Male,Graduate,Salaried,2021-07-02,254954.38338869117,181803.1328937837,766.4986023082657,40,24.810777848760747,0,2,7.12,7.52,10.17,2021,7,2,Friday,2.0,1,False,False,False,True,True,False,False,False,False,Low,1.0,Q1,2,3.2507921507719706,4.981041843707072,0.03874350497530678,0.14182970027441705,-0.5447681767959884,0.713081024445912,6.666666666666667,0.24810777848760746
CUST100953,34.0,Male,Secondary,Salaried,2021-12-30,172092.50804941074,107791.85111700938,645.6920231002448,35,60.04336258560264,0,3,7.12,7.52,10.17,2021,12,30,Thursday,1.0,1,False,False,False,True,False,True,False,False,False,Low,0.0,Q1,0,4.1115844736896126,7.74876522973839,0.0163817974247024,-0.48521537375346757,-1.2733678195104037,0.6263599289636739,5.833333333333333,0.6004336258560263
CUST100954,31.0,Female,Post-Graduate,Unemployed,2025-09-29,432003.6275588001,327941.3432314196,589.9631380200977,49,34.553265698869055,0,1,4.93,3.44,11.79,2025,9,29,Monday,3.0,0,False,True,False,False,False,False,False,False,True,Medium,0.0,Q3,1,3.571032014164333,5.8782025908324265,0.028126811429078087,0.8734377314183279,0.3281890583045674,0.7591171052997314,8.166666666666666,0.34553265698869057
CUST100955,29.0,Male,Graduate,Salaried,2017-05-19,347897.182567394,215005.9682851192,449.19080621417856,42,27.985327074277727,0,1,7.2,8.56,11.89,2017,5,19,Friday,2.0,1,False,False,True,False,False,True,False,False,False,Medium,0.0,Q2,2,3.3667897389880856,5.290115979284171,0.034500214451173954,0.34724148247812453,-0.016565712068168776,0.6180158364561307,7.0,0.27985327074277727
CUST100956,54.0,Male,Post-Graduate,Salaried,2018-02-04,183082.60703215376,160225.7537463097,803.67637336642,41,5.859617907961882,0,1,4.65,3.95,7.17,2018,2,4,Sunday,3.0,1,True,False,False,False,True,False,False,False,False,Low,1.0,Q1,2,1.9256517416387415,2.4206647657124853,0.1457807145262874,-0.011527964927700833,-1.1538781160198017,0.8751555177394331,6.833333333333333,0.05859617907961882
CUST100957,32.0,Female,Post-Graduate,Salaried,2015-08-29,211991.6660102749,142281.67446433142,640.3443001274379,42,23.91512944388975,0,1,4.93,3.44,11.79,2015,8,29,Saturday,3.0,0,False,True,False,False,False,True,False,False,False,Low,0.0,Q2,2,3.2154752271398896,4.890309749278644,0.04013625545281855,-0.15464853125785957,-0.8780616596525472,0.6711663582918173,7.0,0.2391512944388975
CUST100958,55.0,Male,Graduate,Salaried,2021-10-18,908690.673730716,763051.9913028307,461.5578957878423,50,41.66400162030921,1,1,4.65,3.95,7.17,2021,10,18,Monday,2.0,1,True,False,False,False,False,True,False,False,False,High,0.0,Q4,1,3.753355511276671,6.454765806774805,0.02343896404513479,1.9667721560069533,1.381293309860462,0.8397268876657974,8.333333333333334,0.4166400162030921
CUST100959,55.0,Female,Graduate,Salaried,2023-06-27,369396.05003208446,189760.78760668696,702.0061261220784,40,15.948327021628902,0,0,4.93,3.44,11.79,2023,6,27,Tuesday,2.0,0,False,True,False,False,False,True,False,False,False,Medium,1.0,Q1,2,2.8301691281663603,3.993535654232838,0.05900287377767922,0.19409436626565812,0.08075657781336126,0.5137055136085105,6.666666666666667,0.15948327021628902
CUST100960,21.0,Female,Graduate,Salaried,2022-07-14,385004.86027008406,74556.78039715356,845.3866246274578,52,61.67567520011974,0,0,4.65,3.95,7.17,2022,7,14,Thursday,2.0,0,True,False,False,False,False,True,False,False,False,Medium,1.0,Q4,1,4.13797341702374,7.853386225070033,0.015955153204286334,-0.9157798935796372,0.14709489664852865,0.19365153038549013,8.666666666666666,0.6167567520011974
CUST100961,60.0,Male,Secondary,Salaried,2024-02-03,352990.4950251373,201660.87287982617,657.209788439658,50,22.283383085489284,0,2,7.2,8.56,11.89,2024,2,3,Saturday,1.0,1,False,False,True,False,False,False,False,True,False,Medium,0.0,Q4,1,3.1477399338467205,4.720527839711284,0.04294908503323222,0.2685292695098923,0.007156298991185425,0.5712926430652627,8.333333333333334,0.22283383085489283
CUST100962,42.0,Male,Graduate,Salaried,2018-10-19,836327.2249829257,168518.4826740867,632.4658193071226,70,19.051894304543683,1,0,7.2,8.56,11.89,2018,10,19,Friday,2.0,1,False,False,True,False,False,False,False,False,True,High,0.0,Q4,3,2.998323628319326,4.364847569451158,0.04987059999480467,0.04958549881608193,1.2731056438862123,0.2014982624504746,11.666666666666666,0.19051894304543684
CUST100963,49.0,Female,Secondary,Salaried,2019-10-15,193468.7699090831,111050.06466723794,585.4182260092175,42,10.13960890653621,0,1,4.93,3.44,11.79,2019,10,15,Tuesday,1.0,0,False,True,False,False,True,False,False,False,False,Low,0.0,Q2,2,2.4105071267496734,3.1842752560883003,0.08976975838112647,-0.450017631314285,-1.0488987063511421,0.5739947833411241,7.0,0.1013960890653621
CUST100964,28.0,Male,Graduate,Salaried,2019-04-06,285547.2198419437,900604.3057901436,771.1979379147085,52,26.17793452649744,0,0,7.12,7.52,10.17,2019,4,6,Saturday,2.0,1,False,False,False,True,False,False,False,False,True,Low,1.0,Q4,1,3.3024054134328327,5.116437679332901,0.03679455475268139,2.1879131700316994,-0.34748607340704163,3.1539592866239308,8.666666666666666,0.26177934526497443
CUST100965,31.0,Male,Secondary,Self-Employed,2024-09-13,327296.20841943927,195742.8745746587,502.93525322327616,42,34.21518061995136,0,0,4.65,3.95,7.17,2024,9,13,Friday,1.0,1,True,False,False,False,False,False,False,True,False,Medium,0.0,Q2,2,3.5614772572471582,5.849374378508471,0.028396844269867078,0.23204415425236397,-0.11712835599185276,0.5980603182662254,7.0,0.34215180619951363
CUST100966,61.0,Other,Secondary,Self-Employed,2019-08-18,128964.7647841952,22340.734590122327,625.2831135350608,53,14.487095184870928,0,0,7.12,7.52,10.17,2019,8,18,Sunday,1.0,2,False,False,False,True,False,False,False,True,False,Low,0.0,Q4,3,2.7400071084293702,3.8061916905052127,0.06456988790104955,-2.2588773328527987,-1.8549163310565533,0.1732313056787757,8.833333333333334,0.14487095184870927
CUST100967,57.0,Male,Secondary,Salaried,2019-04-12,209047.1471698245,53489.39386395834,623.4127862731301,25,6.429944469422407,1,0,7.12,7.52,10.17,2019,4,12,Friday,1.0,1,False,False,False,True,False,False,False,True,False,Low,0.0,Q1,0,2.0055183848689535,2.5357335170365216,0.13459050792579322,-1.2955893793197777,-0.9039475503798811,0.2558723933242913,4.166666666666667,0.06429944469422406
CUST100968,43.0,Female,Primary,Salaried,2022-03-21,678747.7914449512,334666.3355685373,650.84436571443,42,24.494479260087072,0,0,7.12,7.52,10.17,2022,3,21,Monday,0.0,0,False,False,False,True,False,False,False,True,False,High,0.0,Q2,2,3.2384619291205294,4.949189757938877,0.039224178293594404,0.8990755175677627,0.9909364018462449,0.4930643455297046,7.0,0.2449447926008707
CUST100969,50.0,Other,Graduate,Self-Employed,2025-08-25,571561.9171384344,491773.50204088015,748.8528516306995,45,17.142241613494562,0,2,7.2,8.56,11.89,2025,8,25,Monday,2.0,2,False,False,True,False,False,True,False,False,False,Medium,1.0,Q2,2,2.8982430100124903,4.140319023154444,0.05511998028160864,1.3911216099726722,0.7474787650909841,0.860402849271308,7.5,0.17142241613494563
CUST100970,55.0,Male,Graduate,Salaried,2016-02-17,635546.2377702089,258595.6496749098,631.8612951978006,46,40.08261436238583,1,1,4.93,3.44,11.79,2016,2,17,Wednesday,2.0,1,False,True,False,False,False,False,False,False,True,High,0.0,Q3,2,3.715585023794519,6.331083190291045,0.0243411967694922,0.5756940126531532,0.898999419984064,0.4068872322841267,7.666666666666667,0.4008261436238583
CUST100971,41.0,Male,Graduate,Salaried,2020-05-12,254370.17488325087,111795.08667458312,665.4372681814949,48,29.01789211410092,0,1,4.93,3.44,11.79,2020,5,12,Tuesday,2.0,1,False,True,False,False,False,False,True,False,False,Low,0.0,Q3,1,3.4017936076874524,5.386825792069103,0.033313465056070656,-0.44210583558394323,-0.54881906401312,0.4394976208429077,8.0,0.2901789211410092
CUST100972,57.0,Male,Secondary,Self-Employed,2016-07-22,273917.66730534594,184006.07515689285,672.2389451581791,58,13.005358554542743,0,1,7.2,8.56,11.89,2016,7,22,Friday,1.0,1,False,False,True,False,True,False,False,False,False,Low,0.0,Q4,3,2.639440010279582,3.606294296718273,0.07140124232489874,0.15651029373233938,-0.41923241829334656,0.6717568712052977,9.666666666666666,0.13005358554542742
CUST100973,25.0,Male,Primary,Salaried,2019-07-13,123891.4060191602,72232.92751740618,734.2660991527667,45,12.187474393932176,0,1,7.2,8.56,11.89,2019,7,13,Saturday,0.0,1,False,False,True,False,False,False,False,True,False,Low,1.0,Q2,2,2.5792674695420534,3.491056343563102,0.07582953112387618,-0.9523227632437117,-1.9391462125450336,0.5830342058288944,7.5,0.12187474393932175
CUST100974,39.0,Male,Primary,Self-Employed,2023-11-11,633592.1471516144,214877.0237396164,732.6184357890452,38,4.912347548783696,0,2,4.93,3.44,11.79,2023,11,11,Saturday,0.0,1,False,True,False,False,False,False,False,False,True,High,1.0,Q1,0,1.777042968924727,2.216381634282259,0.1691375535265552,0.34650317333509517,0.8946578749327351,0.33914092007866653,6.333333333333333,0.049123475487836965
CUST100975,34.0,Female,Secondary,Salaried,2023-04-25,699409.2724606486,299803.9643170414,606.9269164400855,43,29.076225688388917,1,2,7.12,7.52,10.17,2023,4,25,Tuesday,1.0,0,False,False,False,True,False,False,False,True,False,High,0.0,Q2,2,3.403735015423951,5.392237540055976,0.033248852776964474,0.760512134277489,1.0323641846171079,0.4286531164539422,7.166666666666667,0.2907622568838892
CUST100976,46.0,Male,Post-Graduate,Self-Employed,2019-05-19,694086.9917117772,190290.77795923813,685.0321121149049,53,51.00690026345135,0,0,4.65,3.95,7.17,2019,5,19,Sunday,3.0,1,True,False,False,False,False,False,False,True,False,High,0.0,Q4,3,3.951376407151974,7.141911527276948,0.01922821769677293,0.19750165401971023,1.0218398892551077,0.274159839085786,8.833333333333334,0.5100690026345135
CUST100977,24.0,Female,Secondary,Salaried,2023-07-17,948327.088779832,827716.16330662,680.6601433978291,46,23.66084304132237,0,1,4.65,3.95,7.17,2023,7,17,Monday,1.0,0,True,False,False,False,False,False,False,True,False,High,0.0,Q3,2,3.205216683742376,4.864241260599886,0.04055011413536728,2.075032767385643,1.4360981321462425,0.8728171673041667,7.666666666666667,0.23660843041322369
CUST100978,45.0,Other,Secondary,Self-Employed,2025-03-22,466617.5060053104,95426.78205720408,640.7272042520104,40,10.565663620762724,0,1,4.65,3.95,7.17,2025,3,22,Saturday,1.0,2,True,False,False,False,False,False,False,True,False,Medium,0.0,Q1,2,2.448040675858376,3.2504866744478007,0.08646282935332791,-0.6285773321195881,0.4465345304267366,0.20450750524588776,6.666666666666667,0.10565663620762723
CUST100979,62.0,Female,Secondary,Salaried,2021-12-06,921841.9821794828,366404.005043511,650.84436571443,49,4.339811895764507,1,3,7.12,7.52,10.17,2021,12,6,Monday,1.0,0,False,False,False,True,False,False,False,True,False,High,0.0,Q3,1,1.675190426839406,2.083221518649543,0.18727251437324813,1.0138862431574607,1.399802537645772,0.39746942765313553,8.166666666666666,0.043398118957645074
CUST100980,45.0,Female,Secondary,Salaried,2023-11-04,321166.5884101866,38755.55048575992,651.615020950098,52,14.814719721605238,0,0,4.93,3.44,11.79,2023,11,4,Saturday,1.0,0,False,True,False,False,True,False,False,False,False,Medium,0.0,Q4,1,2.7609411342866426,3.848989441607399,0.06323223032741153,-1.6569666417055908,-0.1485826916296662,0.12067117777600896,8.666666666666666,0.14814719721605238
CUST100981,43.0,Male,Graduate,Self-Employed,2022-06-08,352990.4950251373,34807.3572524728,662.6312479291589,44,48.459386531598696,0,1,7.2,8.56,11.89,2022,6,8,Wednesday,2.0,1,False,False,True,False,False,False,False,False,True,Medium,0.0,Q2,2,3.901151858692424,6.961277650805109,0.020218609047265846,-1.775931808953583,0.007156298991185425,0.09860706660102585,7.333333333333333,0.48459386531598697
CUST100982,60.0,Female,Graduate,Salaried,2015-05-31,607091.5038318802,439763.0680604582,541.519495063,42,15.309200997688093,1,3,4.93,3.44,11.79,2015,5,31,Sunday,2.0,0,False,True,False,False,False,False,False,True,False,High,0.0,Q2,2,2.791729426940494,3.9126974068649996,0.06131508221290268,1.2470466178308066,0.8340785843001498,0.7243769107041239,7.0,0.15309200997688094
CUST100983,28.0,Female,Secondary,Salaried,2021-03-22,122720.72500658446,32022.768788545905,576.5630902345097,49,12.613182255147631,0,0,7.12,7.52,10.17,2021,3,22,Monday,1.0,0,False,False,False,True,False,False,False,True,False,Low,0.0,Q3,1,2.6110386067568547,3.551504224289707,0.07345820993631846,-1.867727591649997,-1.9591941047565054,0.26094018583110357,8.166666666666666,0.1261318225514763
CUST100984,59.0,Male,Primary,Unemployed,2018-07-07,401162.2467004142,65810.956219641,650.84436571443,45,51.66860135145923,0,1,7.2,8.56,11.89,2018,7,7,Saturday,0.0,1,False,False,True,False,False,False,False,True,False,Medium,0.0,Q2,2,3.9640194782055387,7.188087461311196,0.018986644306860714,-1.0593753185062258,0.2123230715536114,0.16405072202317247,7.5,0.5166860135145923
CUST100985,60.0,Male,Secondary,Salaried,2024-06-20,642546.380872548,308141.1769693113,650.84436571443,42,19.813542920063927,0,1,7.12,7.52,10.17,2024,6,20,Thursday,1.0,1,False,False,False,True,False,False,False,True,False,High,0.0,Q2,2,3.0356038767585267,4.451240604602713,0.04804564046787132,0.7949768751676435,0.9144166345353514,0.47956254387561875,7.0,0.19813542920063928
CUST100986,34.0,Female,Secondary,Salaried,2015-09-13,440011.11970024346,47510.37128049638,687.6087367356555,57,32.75454972069552,0,1,4.65,3.95,7.17,2015,9,13,Sunday,1.0,0,True,False,False,False,False,True,False,False,False,Medium,0.0,Q4,3,3.5191152147720803,5.723159068267762,0.0296256359001845,-1.4293448902152637,0.3565934351973719,0.1079753877876148,9.5,0.3275454972069552
CUST100987,52.0,Male,Secondary,Salaried,2020-10-09,1421105.7764555523,238479.9150081036,643.4859215179639,41,39.759273105503205,1,1,4.65,3.95,7.17,2020,10,9,Friday,1.0,1,True,False,False,False,False,True,False,False,False,Very High,0.0,Q1,2,3.707683374670068,6.305495468676764,0.024534294255237413,0.47516528063060737,1.9276711484013254,0.16781292354106653,6.833333333333333,0.39759273105503207
CUST100988,58.0,Male,Post-Graduate,Self-Employed,2025-10-10,111350.99445194913,83079.05442196086,732.4523783463865,34,24.62531331586116,0,1,7.12,7.52,10.17,2025,10,10,Friday,3.0,1,False,False,False,True,False,False,True,False,False,Low,1.0,Q1,0,3.2435806643442593,4.962389879469484,0.039023913100060925,-0.7903513588757053,-2.1672157290759033,0.7461006956503801,5.666666666666667,0.2462531331586116
CUST100989,53.0,Male,Graduate,Self-Employed,2019-12-01,344649.6236991535,247175.36076974784,701.9040433677349,44,39.05540545153588,0,1,7.2,8.56,11.89,2019,12,1,Sunday,2.0,1,False,False,True,False,False,False,False,True,False,Medium,1.0,Q2,2,3.6902636319859874,6.24943241035023,0.024965419491507258,0.5195631657519374,-0.03191835858456773,0.7171786758876851,7.333333333333333,0.39055405451535885
CUST100990,43.0,Male,Graduate,Salaried,2025-09-09,366030.9893489868,304578.4331944738,613.7376663634532,40,21.321225415285976,0,1,7.2,8.56,11.89,2025,9,9,Tuesday,2.0,1,False,False,True,False,False,False,True,False,False,Medium,0.0,Q1,2,3.105538038124591,4.6174912469095135,0.04480040774621549,0.7803576517293144,0.06599627297716529,0.8321110563239169,6.666666666666667,0.21321225415285977
CUST100991,35.0,Female,Graduate,Self-Employed,2021-09-09,161706.51093716957,126715.21884018244,632.140132170276,49,25.79615032499564,0,1,4.93,3.44,11.79,2021,9,9,Thursday,2.0,0,False,True,False,False,True,False,False,False,False,Low,0.0,Q3,1,3.288258232609224,5.078991073529824,0.03731879347859878,-0.2932874772715868,-1.3953744706927484,0.7836123487285996,8.166666666666666,0.2579615032499564
CUST100992,53.0,Female,Graduate,Salaried,2018-11-21,181273.15668292675,117200.4284019873,491.1569748351932,50,20.26676743266321,1,1,4.65,3.95,7.17,2018,11,21,Wednesday,2.0,0,True,False,False,False,False,False,True,False,False,Low,0.0,Q4,1,3.057145639884413,4.501862662572373,0.04702172077473888,-0.38614488499271876,-1.1729270443390443,0.6465404505918545,8.333333333333334,0.20266767432663213
CUST100993,43.0,Female,Graduate,Self-Employed,2018-03-31,218146.65250352464,30947.655359219854,639.5681507845817,46,9.442235663006562,0,0,4.93,3.44,11.79,2018,3,31,Saturday,2.0,0,False,True,False,False,False,False,False,False,True,Low,0.0,Q3,2,2.345858703495092,3.0728221007742316,0.09576493313042858,-1.9051916235845996,-0.8253712164812902,0.14186628584053027,7.666666666666667,0.09442235663006562
CUST100994,37.0,Male,Graduate,Salaried,2021-08-24,187252.19499312568,135997.3171515818,449.19080621417856,46,32.48114370326789,1,1,4.93,3.44,11.79,2021,8,24,Tuesday,2.0,1,False,True,False,False,False,True,False,False,False,Low,0.0,Q3,2,3.5109824058283663,5.699223078917678,0.029867557956283198,-0.20881488184736524,-1.110862526038571,0.726278894389326,7.666666666666667,0.3248114370326789
CUST100995,53.0,Male,Graduate,Salaried,2024-08-15,339491.167656001,263583.87871602736,632.5034913593155,31,43.68666109255484,0,0,7.12,7.52,10.17,2024,8,15,Thursday,2.0,1,False,False,False,True,False,True,False,False,False,Medium,0.0,Q1,0,3.7996750475239986,6.609588572109072,0.022378042475109158,0.5994831978304174,-0.05667914204572853,0.7764086486724484,5.166666666666667,0.4368666109255484
CUST100996,22.0,Female,Secondary,Unemployed,2015-12-15,252261.3822038113,186488.19148983769,598.9665412835304,46,41.756626810789605,1,3,7.12,7.52,10.17,2015,12,15,Tuesday,1.0,0,False,False,False,True,False,False,False,True,False,Low,0.0,Q3,2,3.7555241964873627,6.461936769327723,0.023388187389648117,0.172854645016816,-0.5635384427542703,0.7392657166175637,7.666666666666667,0.41756626810789604
CUST100997,43.0,Male,Graduate,Salaried,2020-09-09,352990.4950251373,222142.22434718724,650.84436571443,52,50.348748415142985,1,0,4.93,3.44,11.79,2020,9,9,Wednesday,2.0,1,False,True,False,False,False,False,False,True,False,Medium,0.0,Q4,1,3.938640562467847,7.095685197015365,0.019474671357424856,0.38746666813708275,0.007156298991185425,0.6293150310785789,8.666666666666666,0.5034874841514299
CUST100998,60.0,Male,Graduate,Salaried,2020-10-19,534805.4311953493,153126.27771563552,745.0179609696171,51,13.440713449776045,0,1,4.65,3.95,7.17,2020,10,19,Monday,2.0,1,True,False,False,False,True,False,False,False,False,Medium,1.0,Q4,1,2.6700515401233784,3.6661578593639477,0.06924865613308798,-0.06625837605617799,0.6505250169004727,0.2863214709195854,8.5,0.13440713449776046
CUST100999,60.0,Female,Post-Graduate,Salaried,2016-02-01,513531.8726403972,398636.2955956343,547.9031282394357,43,43.72185445824387,1,1,7.12,7.52,10.17,2016,2,1,Monday,3.0,0,False,False,False,True,True,False,False,False,False,Medium,0.0,Q2,2,3.8004622961946612,6.612250332393947,0.022360432323612275,1.1212874719723607,0.5905323661751751,0.7762639805509813,7.166666666666667,0.4372185445824387
