Student_ID,Age,Math_Score,Science_Score,English_Score,Hours_Studied,Pass_Fail
S00001,21,49,47,52,1.8,0
S00002,22,55,60,78,2.9,0
S00003,20,78,72,71,7.8,1
S00004,22,35,71,65,1.5,0
S00005,22,73,79,70,5.4,1
S00006,19,51,75,47,5.0,1
S00007,20,67,78,80,4.0,1
S00008,20,77,45,35,4.6,1
S00009,20,68,79,48,5.8,1
S00010,22,77,44,67,2.5,0
S00011,21,60,74,80,6.1,1
S00012,20,95,79,73,8.2,1
S00013,22,88,88,81,7.8,1
S00014,19,42,61,30,2.4,0
S00015,21,86,72,69,2.3,0
S00016,19,63,56,67,3.4,1
S00017,21,58,73,66,4.2,1
S00018,22,55,70,69,4.7,1
S00019,18,76,60,83,7.1,1
S00020,21,55,44,57,1.5,0
S00021,19,56,52,34,1.3,0
S00022,22,65,79,94,4.5,1
S00023,21,86,84,92,7.3,1
S00024,18,57,46,46,2.7,0
S00025,18,58,75,72,6.8,1
S00026,20,62,84,61,3.3,1
S00027,20,62,87,96,9.0,1
S00028,19,90,83,58,9.1,1
S00029,21,55,69,59,3.7,1
S00030,21,64,69,42,3.1,1
S00031,20,82,63,65,4.7,1
S00032,21,53,67,58,3.2,1
S00033,21,89,74,78,7.1,1
S00034,18,79,91,74,8.4,1
S00035,20,96,80,68,7.1,1
S00036,22,80,89,89,8.4,1
S00037,20,60,59,74,4.6,1
S00038,22,66,49,67,2.4,0
S00039,18,76,90,76,7.6,1
S00040,19,58,65,60,4.2,1
S00041,21,73,81,75,7.0,1
S00042,18,63,59,70,3.4,1
S00043,21,70,65,32,1.7,0
S00044,19,70,83,91,9.9,1
S00045,19,60,57,64,2.4,0
S00046,18,96,98,87,9.9,1
S00047,19,91,100,85,9.8,1
S00048,22,95,76,50,8.1,1
S00049,19,77,99,71,6.9,1
S00050,21,73,77,95,6.2,1
S00051,21,91,73,83,8.8,1
S00052,21,65,67,61,3.6,1
S00053,21,67,66,70,5.2,1
S00054,22,82,80,79,6.6,1
S00055,20,62,67,76,4.7,1
S00056,18,63,69,66,4.8,1
S00057,21,61,55,71,4.0,1
S00058,19,88,85,93,6.1,1
S00059,21,53,72,95,8.7,1
S00060,19,65,48,90,2.8,0
S00061,19,88,92,77,9.4,1
S00062,21,62,96,97,7.2,1
S00063,22,87,79,72,8.4,1
S00064,19,79,81,77,6.0,1
S00065,19,88,93,89,8.0,1
S00066,21,28,62,50,1.1,0
S00067,19,97,80,82,8.4,1
S00068,19,48,42,68,1.4,0
S00069,21,93,62,75,9.0,1
S00070,21,97,87,100,9.9,1
S00071,18,56,76,48,3.6,1
S00072,22,68,48,85,2.9,0
S00073,22,78,89,92,7.9,1
S00074,19,42,51,62,3.3,1
S00075,22,97,86,78,8.8,1
S00076,19,50,64,53,1.9,0
S00077,18,50,50,58,2.1,0
S00078,21,85,91,86,9.8,1
S00079,21,81,73,92,7.1,1
S00080,21,84,92,100,8.6,1
S00081,22,71,67,68,3.9,1
S00082,18,65,78,67,7.1,1
S00083,22,68,92,68,6.3,1
S00084,22,74,82,72,6.4,1
S00085,18,97,70,64,7.1,1
S00086,18,74,73,60,6.2,1
S00087,18,80,68,94,4.9,1
S00088,18,64,64,68,3.5,1
S00089,21,77,100,70,7.9,1
S00090,20,60,65,72,3.0,1
S00091,20,77,56,63,7.2,1
S00092,18,68,55,50,3.1,1
S00093,20,90,54,65,6.6,1
S00094,20,84,77,99,7.7,1
S00095,18,74,39,59,3.0,1
S00096,20,46,45,28,1.5,0
S00097,22,55,41,74,2.2,0
S00098,19,69,80,71,6.5,1
S00099,19,88,84,60,8.6,1
S00100,18,52,57,53,1.4,0
S00101,21,88,79,85,7.6,1
S00102,18,57,50,71,4.1,1
S00103,21,72,76,92,5.3,1
S00104,19,94,100,75,9.4,1
S00105,18,45,69,67,4.0,1
S00106,22,92,65,62,5.2,1
S00107,20,52,37,37,1.1,0
S00108,21,37,45,69,1.7,0
S00109,20,65,67,69,3.3,1
S00110,20,56,65,60,1.3,0
S00111,18,76,79,81,6.7,1
S00112,20,79,77,61,4.8,1
S00113,22,81,81,61,5.9,1
S00114,20,63,64,62,2.6,0
S00115,18,69,56,79,3.7,1
S00116,22,77,79,96,7.0,1
S00117,19,100,79,95,9.7,1
S00118,20,41,54,58,1.5,0
S00119,18,87,89,87,9.0,1
S00120,19,75,93,74,6.2,1
S00121,19,83,59,61,6.1,1
S00122,21,64,76,72,5.5,1
S00123,22,39,71,42,1.6,0
S00124,20,59,64,57,1.8,0
S00125,18,78,84,94,6.4,1
S00126,21,81,72,76,4.1,1
S00127,22,74,100,73,9.3,1
S00128,21,80,56,68,4.7,1
S00129,22,83,42,50,2.3,0
S00130,22,76,79,77,7.4,1
S00131,20,51,39,77,3.6,1
S00132,22,69,85,80,5.7,1
S00133,21,79,92,100,7.3,1
S00134,22,92,81,98,9.1,1
S00135,20,76,78,83,8.1,1
S00136,20,94,77,85,7.1,1
S00137,21,67,78,74,7.1,1
S00138,19,71,89,72,9.5,1
S00139,19,76,70,81,3.7,1
S00140,22,31,50,68,1.0,0
S00141,18,62,73,61,3.4,1
S00142,22,93,66,66,3.0,1
S00143,21,78,71,91,7.0,1
S00144,21,66,91,86,6.7,1
S00145,21,75,60,56,6.3,1
S00146,21,54,52,59,1.1,0
S00147,21,82,91,77,7.6,1
S00148,20,72,56,79,3.9,1
S00149,19,68,81,89,7.0,1
S00150,21,91,79,89,6.0,1
S00151,18,69,56,53,4.1,1
S00152,18,66,56,50,2.2,0
S00153,18,51,54,72,1.8,0
S00154,18,97,78,75,8.5,1
S00155,20,85,100,66,9.3,1
S00156,18,80,68,82,6.8,1
S00157,21,48,67,52,1.9,0
S00158,22,58,63,90,4.6,1
S00159,18,87,68,82,7.6,1
S00160,20,78,83,82,8.0,1
S00161,20,50,64,55,2.1,0
S00162,18,48,62,75,1.0,0
S00163,22,87,96,82,7.4,1
S00164,18,61,98,62,4.2,1
S00165,20,62,65,54,3.3,1
S00166,19,55,45,55,1.1,0
S00167,21,54,78,61,5.9,1
S00168,20,70,82,95,8.7,1
S00169,18,92,99,64,9.6,1
S00170,21,67,59,72,6.1,1
S00171,18,83,98,79,5.6,1
S00172,18,67,65,62,1.8,0
S00173,19,81,54,64,5.9,1
S00174,21,86,59,75,4.4,1
S00175,21,75,84,64,6.5,1
S00176,19,74,80,67,4.5,1
S00177,20,57,47,71,3.2,1
S00178,18,82,64,64,1.9,0
S00179,22,85,43,57,3.8,1
S00180,18,58,55,73,1.9,0
S00181,18,64,71,62,2.6,0
S00182,20,100,84,96,9.9,1
S00183,18,69,52,88,5.0,1
S00184,19,67,74,86,5.8,1
S00185,19,94,79,97,8.9,1
S00186,21,91,97,89,10.0,1
S00187,22,77,64,83,6.2,1
S00188,18,75,74,84,8.3,1
S00189,18,48,42,51,3.9,0
S00190,20,68,66,69,3.8,1
S00191,19,77,66,71,4.6,1
S00192,22,76,65,84,7.1,1
S00193,21,93,80,75,7.1,1
S00194,19,58,75,56,3.8,1
S00195,21,48,55,68,2.2,0
S00196,20,76,79,60,6.7,1
S00197,20,58,60,77,2.2,0
S00198,18,82,61,71,6.2,1
S00199,22,71,100,80,7.2,1
S00200,21,93,73,84,7.3,1
S00201,19,100,88,86,7.8,1
S00202,20,85,94,66,8.9,1
S00203,18,84,70,81,5.5,1
S00204,18,70,87,82,7.6,1
S00205,21,87,78,67,6.6,1
S00206,20,71,44,52,2.7,0
S00207,22,63,49,52,1.2,0
S00208,20,64,56,49,3.6,1
S00209,21,40,64,90,5.0,1
S00210,21,70,61,93,6.6,1
S00211,20,78,97,88,8.6,1
S00212,21,51,77,59,2.8,0
S00213,20,60,68,57,2.1,0
S00214,19,85,100,95,9.7,1
S00215,20,50,53,80,2.0,0
S00216,20,61,63,64,5.3,1
S00217,21,68,66,61,6.3,1
S00218,21,85,80,91,5.9,1
S00219,18,51,58,37,1.8,0
S00220,18,51,53,45,1.5,0
S00221,19,53,70,56,1.9,0
S00222,18,79,79,55,6.3,1
S00223,20,78,64,86,5.9,1
S00224,21,32,54,73,3.1,1
S00225,18,87,84,69,6.7,1
S00226,18,98,95,97,8.4,1
S00227,19,45,60,74,1.4,0
S00228,19,62,92,70,5.5,1
S00229,20,74,96,72,7.2,1
S00230,21,56,67,91,3.3,1
S00231,19,67,55,74,3.8,1
S00232,18,57,61,78,6.5,1
S00233,21,75,82,100,9.1,1
S00234,21,99,91,85,8.3,1
S00235,18,66,94,68,6.2,1
S00236,19,93,85,80,7.6,1
S00237,18,71,79,80,4.3,1
S00238,21,59,74,52,6.8,1
S00239,22,77,77,67,5.2,1
S00240,22,60,68,78,2.7,0
S00241,20,75,57,71,7.3,1
S00242,18,76,69,92,6.0,1
S00243,18,72,76,84,4.2,1
S00244,20,94,90,83,9.2,1
S00245,20,67,40,49,1.2,0
S00246,20,69,37,62,3.8,1
S00247,21,42,50,89,1.5,0
S00248,18,77,80,100,7.9,1
S00249,21,100,69,79,7.3,1
S00250,20,73,66,59,4.0,1
S00251,18,100,83,78,7.1,1
S00252,21,82,75,71,4.6,1
S00253,21,84,55,64,7.8,1
S00254,20,73,55,71,5.1,1
S00255,18,68,64,84,4.7,1
S00256,20,70,94,63,9.4,1
S00257,18,63,67,73,3.3,1
S00258,22,71,62,76,2.1,0
S00259,19,69,70,67,6.3,1
S00260,19,93,85,100,9.7,1
S00261,19,76,58,59,4.4,1
S00262,20,47,63,63,1.6,0
S00263,22,62,55,63,4.1,1
S00264,18,62,81,68,5.6,1
S00265,21,52,61,53,2.5,0
S00266,18,65,76,85,6.9,1
S00267,21,81,83,97,10.0,1
S00268,18,85,55,69,5.1,1
S00269,22,58,59,50,4.2,1
S00270,21,70,64,73,4.6,1
S00271,20,53,30,64,2.0,0
S00272,18,97,83,81,8.9,1
S00273,18,82,78,91,4.7,1
S00274,21,77,73,49,4.5,1
S00275,20,81,72,50,6.9,1
S00276,20,68,70,61,5.0,1
S00277,22,65,70,84,6.8,1
S00278,20,76,56,45,1.6,0
S00279,20,76,100,69,8.3,1
S00280,20,95,99,97,9.5,1
S00281,19,88,82,81,6.8,1
S00282,22,83,83,90,9.6,1
S00283,18,70,66,70,2.4,0
S00284,21,79,52,65,5.3,1
S00285,18,93,72,70,6.4,1
S00286,22,70,80,83,6.2,1
S00287,21,56,75,52,4.6,1
S00288,22,61,72,40,4.0,1
S00289,20,60,60,54,2.1,0
S00290,21,69,65,79,4.5,1
S00291,20,56,64,64,2.5,0
S00292,18,61,69,89,7.6,1
S00293,18,66,51,38,2.9,0
S00294,21,76,55,61,1.5,0
S00295,21,79,75,81,6.0,1
S00296,22,82,55,58,6.4,1
S00297,22,91,90,93,8.8,1
S00298,20,79,83,72,6.2,1
S00299,21,76,64,100,4.1,1
S00300,18,87,100,55,8.2,1
S00301,22,70,65,89,5.9,1
S00302,22,49,51,53,1.7,0
S00303,18,72,69,54,6.1,1
S00304,22,90,86,78,9.2,1
S00305,20,65,64,71,4.6,1
S00306,21,68,48,77,3.7,1
S00307,18,64,52,81,2.3,0
S00308,21,68,57,77,2.4,0
S00309,22,82,82,58,4.9,1
S00310,22,76,99,88,6.4,1
S00311,18,44,70,63,1.7,0
S00312,20,85,79,77,9.5,1
S00313,19,82,73,77,7.8,1
S00314,18,57,73,66,6.3,1
S00315,19,98,100,82,8.5,1
S00316,19,58,53,49,1.7,0
S00317,20,75,56,58,5.3,1
S00318,19,90,71,81,6.7,1
S00319,19,78,92,89,8.5,1
S00320,20,88,90,78,8.1,1
S00321,19,63,60,81,3.5,1
S00322,19,86,95,82,9.5,1
S00323,19,51,32,56,2.1,0
S00324,18,100,87,91,8.9,1
S00325,18,85,98,84,9.7,1
S00326,18,67,50,62,2.6,0
S00327,20,61,70,48,7.5,1
S00328,22,67,33,57,1.4,0
S00329,19,79,85,46,4.6,1
S00330,19,73,64,57,5.6,1
S00331,20,73,77,58,6.2,1
S00332,19,92,94,72,9.4,1
S00333,18,100,94,70,7.1,1
S00334,22,54,69,65,5.3,1
S00335,21,91,77,89,8.3,1
S00336,19,79,90,88,9.6,1
S00337,18,55,67,33,1.2,0
S00338,21,87,87,87,9.8,1
S00339,22,53,45,62,1.8,0
S00340,21,83,66,77,8.3,1
S00341,18,53,49,64,3.5,1
S00342,21,69,67,62,2.2,0
S00343,20,52,65,79,5.0,1
S00344,21,83,70,57,6.8,1
S00345,19,64,59,64,4.4,1
S00346,19,44,55,75,1.5,0
S00347,20,78,72,91,6.4,1
S00348,18,71,83,94,9.1,1
S00349,19,68,81,74,4.4,1
S00350,22,47,77,82,2.9,0
S00351,19,75,51,93,5.0,1
S00352,19,46,57,55,1.4,0
S00353,18,79,75,70,8.4,1
S00354,21,87,81,78,8.4,1
S00355,19,67,78,100,6.3,1
S00356,20,66,63,48,4.2,1
S00357,21,68,85,75,8.2,1
S00358,22,80,81,56,6.0,1
S00359,18,100,87,83,8.4,1
S00360,22,100,69,61,6.7,1
S00361,21,83,75,79,8.1,1
S00362,21,83,59,51,6.4,1
S00363,21,51,58,76,4.7,1
S00364,22,100,100,100,9.6,1
S00365,21,81,64,68,5.9,1
S00366,22,71,62,73,6.4,1
S00367,21,74,64,61,3.0,1
S00368,20,74,75,77,6.6,1
S00369,21,70,71,73,6.1,1
S00370,22,66,75,71,2.7,0
S00371,19,45,60,72,1.5,0
S00372,21,86,69,65,6.4,1
S00373,19,71,77,76,7.9,1
S00374,20,62,66,83,5.7,1
S00375,18,53,70,45,3.0,1
S00376,20,86,74,53,7.0,1
S00377,21,51,35,61,1.7,0
S00378,19,57,68,75,5.0,1
S00379,19,54,42,52,2.5,0
S00380,22,60,83,55,2.7,0
S00381,19,49,49,53,2.8,0
S00382,22,56,65,57,4.5,1
S00383,18,77,57,66,1.5,0
S00384,21,60,64,54,4.6,1
S00385,22,69,68,68,5.6,1
S00386,18,68,75,60,5.3,1
S00387,19,63,83,50,4.4,1
S00388,19,91,93,93,8.6,1
S00389,18,69,74,54,2.3,0
S00390,19,69,60,74,5.6,1
S00391,18,44,58,40,1.6,0
S00392,22,69,56,49,1.6,0
S00393,22,74,78,83,6.2,1
S00394,18,92,89,100,6.1,1
S00395,22,63,83,59,8.9,1
S00396,22,76,69,71,6.0,1
S00397,22,100,94,91,9.6,1
S00398,20,52,34,50,1.4,0
S00399,21,55,53,69,1.9,0
S00400,19,59,52,46,1.4,0
S00401,20,55,49,63,2.7,0
S00402,22,70,84,66,5.9,1
S00403,18,74,65,90,6.8,1
S00404,22,49,52,49,1.4,0
S00405,21,100,91,81,9.5,1
S00406,22,89,99,93,8.6,1
S00407,18,67,63,53,3.7,1
S00408,21,65,65,59,1.7,0
S00409,22,57,66,39,2.5,0
S00410,21,51,58,46,2.1,0
S00411,19,52,45,64,2.1,0
S00412,19,73,56,60,5.7,1
S00413,22,52,63,57,3.2,1
S00414,21,62,60,73,4.2,1
S00415,18,84,100,80,9.9,1
S00416,22,100,86,87,7.2,1
S00417,19,60,86,88,9.5,1
S00418,19,57,45,65,2.3,0
S00419,22,85,72,82,4.4,1
S00420,21,75,62,77,6.0,1
S00421,19,64,47,76,1.7,0
S00422,21,55,41,66,1.0,0
S00423,19,71,76,70,7.0,1
S00424,19,55,89,91,6.8,1
S00425,20,71,68,72,4.7,1
S00426,19,64,66,66,5.4,1
S00427,18,61,51,72,4.7,1
S00428,22,50,59,70,1.2,0
S00429,22,83,56,71,4.0,1
S00430,21,84,60,83,2.6,0
S00431,19,60,52,72,1.9,0
S00432,18,84,98,92,9.6,1
S00433,21,64,73,62,6.4,1
S00434,20,85,79,76,7.6,1
S00435,21,83,69,66,3.8,1
S00436,21,66,90,76,4.5,1
S00437,19,39,71,70,3.1,1
S00438,20,64,55,61,1.9,0
S00439,21,70,59,63,2.6,0
S00440,18,67,77,89,8.2,1
S00441,18,80,67,67,7.1,1
S00442,22,78,67,93,5.9,1
S00443,20,70,62,46,5.3,1
S00444,20,79,94,100,9.3,1
S00445,22,67,43,57,1.7,0
S00446,21,60,77,76,3.5,1
S00447,20,52,73,71,4.1,1
S00448,18,62,82,84,8.0,1
S00449,18,100,90,93,9.9,1
S00450,19,69,55,73,3.2,1
S00451,20,86,88,79,8.9,1
S00452,21,80,96,94,8.5,1
S00453,22,57,53,49,3.0,1
S00454,22,58,50,68,4.6,1
S00455,21,64,75,78,4.7,1
S00456,19,68,93,98,9.8,1
S00457,22,53,47,67,2.6,0
S00458,20,80,74,76,8.2,1
S00459,19,72,55,77,4.0,1
S00460,20,80,72,71,7.6,1
S00461,18,77,65,90,4.8,1
S00462,19,88,71,73,6.2,1
S00463,22,95,77,63,8.5,1
S00464,19,88,74,66,8.2,1
S00465,19,85,82,83,8.8,1
S00466,19,46,56,59,1.5,0
S00467,19,86,75,100,7.2,1
S00468,20,76,70,48,2.3,0
S00469,18,72,73,69,4.7,1
S00470,21,93,55,60,5.9,1
S00471,19,53,73,62,4.6,1
S00472,22,61,79,92,5.7,1
S00473,19,99,85,73,10.0,1
S00474,22,61,41,67,2.2,0
S00475,20,92,78,82,7.1,1
S00476,22,68,67,68,4.6,1
S00477,21,50,45,66,2.2,0
S00478,18,57,42,46,2.4,0
S00479,22,73,87,100,9.5,1
S00480,22,74,83,100,8.9,1
S00481,18,97,82,85,9.2,1
S00482,21,98,89,100,9.9,1
S00483,19,65,48,57,2.9,0
S00484,22,50,61,72,4.2,1
S00485,18,74,83,94,7.0,1
S00486,20,59,67,65,5.4,1
S00487,18,81,50,52,4.8,1
S00488,20,61,60,47,4.2,1
S00489,21,64,63,99,6.3,1
S00490,19,75,77,67,6.2,1
S00491,18,54,62,59,2.5,0
S00492,22,86,52,57,5.2,1
S00493,21,67,82,84,6.0,1
S00494,18,60,61,64,6.1,1
S00495,22,40,77,56,2.9,0
S00496,18,80,80,83,7.7,1
S00497,20,49,39,43,1.2,0
S00498,18,53,53,65,4.2,1
S00499,18,94,85,97,8.0,1
S00500,18,81,69,78,6.1,1
S00501,21,63,61,65,3.4,1
S00502,18,93,96,80,7.3,1
S00503,22,81,66,69,6.1,1
S00504,20,75,83,100,8.2,1
S00505,20,70,96,69,7.6,1
S00506,18,84,78,77,6.5,1
S00507,21,76,53,72,5.4,1
S00508,21,60,63,72,2.2,0
S00509,22,55,49,77,3.4,1
S00510,18,75,84,68,4.8,1
S00511,20,68,66,78,6.4,1
S00512,21,71,100,76,5.6,1
S00513,18,79,79,37,3.6,1
S00514,21,48,44,37,1.1,0
S00515,21,56,71,64,5.5,1
S00516,20,54,71,58,3.6,1
S00517,19,90,89,64,7.6,1
S00518,22,57,58,65,1.2,0
S00519,22,74,88,74,6.3,1
S00520,20,83,87,83,9.5,1
S00521,21,65,55,46,2.6,0
S00522,18,62,66,70,5.2,1
S00523,21,60,65,27,1.8,0
S00524,20,69,80,73,6.6,1
S00525,22,65,76,74,6.0,1
S00526,21,62,76,71,4.7,1
S00527,22,69,49,53,5.7,1
S00528,18,86,90,87,9.1,1
S00529,22,64,62,49,2.8,0
S00530,22,18,71,46,1.2,0
S00531,19,77,68,91,8.8,1
S00532,19,71,91,98,6.2,1
S00533,19,100,87,84,9.0,1
S00534,22,65,80,65,6.4,1
S00535,20,85,100,83,8.3,1
S00536,22,85,75,80,4.9,1
S00537,20,68,85,86,7.7,1
S00538,20,91,89,100,9.2,1
S00539,19,66,68,65,6.1,1
S00540,21,55,59,64,2.6,0
S00541,18,56,54,82,3.4,1
S00542,19,54,59,80,2.8,0
S00543,19,90,36,40,3.2,1
S00544,21,74,69,65,3.8,1
S00545,18,85,72,91,6.0,1
S00546,22,80,71,100,6.3,1
S00547,22,53,71,77,4.8,1
S00548,19,80,60,70,6.5,1
S00549,18,68,76,46,1.7,0
S00550,19,49,54,85,1.8,0
S00551,20,70,57,69,2.5,0
S00552,19,80,61,62,5.7,1
S00553,19,80,60,60,2.9,0
S00554,22,60,78,68,3.5,1
S00555,22,57,79,75,4.6,1
S00556,22,80,92,70,8.3,1
S00557,20,69,59,48,1.1,0
S00558,22,59,73,56,6.8,1
S00559,18,57,61,89,7.0,1
S00560,21,84,80,77,8.2,1
S00561,18,83,85,90,9.4,1
S00562,18,55,65,73,1.2,0
S00563,22,69,61,63,2.4,0
S00564,21,80,100,82,9.0,1
S00565,21,52,83,72,5.1,1
S00566,21,95,69,74,6.1,1
S00567,20,68,58,91,7.0,1
S00568,22,68,93,81,7.1,1
S00569,21,99,100,78,9.4,1
S00570,20,86,75,100,10.0,1
S00571,19,79,96,93,7.5,1
S00572,19,69,67,49,3.6,1
S00573,20,96,87,100,8.9,1
S00574,20,52,72,61,1.4,0
S00575,22,78,76,66,3.1,1
S00576,22,65,93,96,9.1,1
S00577,19,71,67,57,3.3,1
S00578,21,54,67,74,3.0,1
S00579,19,73,53,55,2.2,0
S00580,21,86,84,65,8.7,1
S00581,21,65,61,59,5.5,1
S00582,22,85,74,84,7.1,1
S00583,18,72,57,52,3.2,1
S00584,18,88,74,99,7.8,1
S00585,20,71,82,94,7.8,1
S00586,22,60,60,81,3.8,1
S00587,21,69,73,70,4.7,1
S00588,18,61,42,65,2.9,0
S00589,21,97,88,72,9.8,1
S00590,18,57,78,88,6.8,1
S00591,18,91,84,89,9.4,1
S00592,18,62,62,72,3.7,1
S00593,22,74,64,100,8.0,1
S00594,19,74,85,72,7.9,1
S00595,21,77,85,76,7.2,1
S00596,22,53,94,90,9.7,1
S00597,22,61,78,57,4.5,1
S00598,22,50,59,57,2.2,0
S00599,22,83,83,82,7.0,1
S00600,22,72,82,75,7.6,1
S00601,20,73,82,89,6.2,1
S00602,21,77,43,44,2.9,0
S00603,22,82,61,85,5.5,1
S00604,21,74,81,73,3.8,1
S00605,20,64,41,62,4.8,1
S00606,20,83,75,65,6.8,1
S00607,21,78,93,54,7.7,1
S00608,18,60,60,53,3.1,1
S00609,19,72,63,81,4.6,1
S00610,18,58,64,63,3.4,1
S00611,18,76,56,76,2.8,0
S00612,18,81,82,73,8.1,1
S00613,22,93,79,93,9.2,1
S00614,20,82,78,58,4.3,1
S00615,18,92,96,68,7.8,1
S00616,20,72,85,83,9.1,1
S00617,21,89,69,74,8.6,1
S00618,19,69,53,43,2.6,0
S00619,21,97,86,83,9.6,1
S00620,21,56,72,69,4.4,1
S00621,22,60,54,82,4.1,1
S00622,19,66,46,69,1.6,0
S00623,21,64,76,86,5.4,1
S00624,21,55,67,68,2.0,0
S00625,19,79,55,67,3.2,1
S00626,19,65,50,51,3.9,1
S00627,21,76,100,83,8.3,1
S00628,19,77,94,90,8.9,1
S00629,21,68,61,82,3.7,1
S00630,21,71,94,91,8.7,1
S00631,22,82,83,97,8.7,1
S00632,18,85,91,67,7.9,1
S00633,21,72,59,56,2.3,0
S00634,20,85,79,82,7.2,1
S00635,18,81,87,99,9.5,1
S00636,18,90,62,75,7.1,1
S00637,18,63,86,65,4.0,1
S00638,22,60,61,79,5.5,1
S00639,21,75,62,62,6.8,1
S00640,22,87,69,91,5.6,1
S00641,21,60,46,49,2.1,0
S00642,22,65,63,42,3.8,1
S00643,22,99,90,81,8.2,1
S00644,20,71,96,100,8.8,1
S00645,22,46,66,67,2.2,0
S00646,19,72,85,95,9.6,1
S00647,20,70,65,66,4.0,1
S00648,22,80,82,75,7.0,1
S00649,18,97,61,61,7.8,1
S00650,19,86,89,54,8.3,1
S00651,19,84,72,88,9.5,1
S00652,19,65,86,81,3.8,1
S00653,20,86,80,87,8.7,1
S00654,22,42,55,67,2.2,0
S00655,22,100,70,97,7.3,1
S00656,18,86,73,83,7.7,1
S00657,18,81,100,75,7.1,1
S00658,19,69,72,54,3.3,1
S00659,18,93,68,100,8.9,1
S00660,20,59,75,67,2.5,0
S00661,22,50,67,46,1.5,0
S00662,19,86,76,64,7.5,1
S00663,18,75,74,86,5.3,1
S00664,20,76,84,70,8.6,1
S00665,20,82,89,90,4.5,1
S00666,18,63,50,28,2.5,0
S00667,22,91,85,99,8.5,1
S00668,18,88,68,78,5.9,1
S00669,19,61,44,63,2.7,0
S00670,18,83,100,76,7.5,1
S00671,20,81,59,94,5.6,1
S00672,18,68,77,83,6.4,1
S00673,22,71,50,59,5.1,1
S00674,21,85,79,61,8.5,1
S00675,18,74,88,84,8.5,1
S00676,22,100,70,78,7.4,1
S00677,22,44,62,40,1.9,0
S00678,20,71,81,81,8.5,1
S00679,22,91,90,70,7.0,1
S00680,22,86,94,78,7.3,1
S00681,22,57,60,76,4.3,1
S00682,22,92,86,100,8.9,1
S00683,19,95,82,89,7.5,1
S00684,19,58,63,50,2.0,0
S00685,20,95,68,73,4.7,1
S00686,18,69,88,84,9.0,1
S00687,22,63,51,41,1.4,0
S00688,18,100,90,91,9.7,1
S00689,18,87,92,99,7.1,1
S00690,20,75,83,76,6.7,1
S00691,22,61,70,45,3.4,1
S00692,22,67,69,64,3.2,1
S00693,21,96,86,71,9.5,1
S00694,18,71,67,75,3.7,1
S00695,18,92,70,86,8.0,1
S00696,19,58,81,66,4.5,1
S00697,21,57,27,56,2.3,0
S00698,19,45,52,53,1.1,0
S00699,19,70,85,73,5.9,1
S00700,19,99,74,77,9.8,1
S00701,20,68,70,50,4.3,1
S00702,20,93,58,80,4.2,1
S00703,19,68,61,62,4.1,1
S00704,21,73,82,74,5.7,1
S00705,18,71,71,73,5.0,1
S00706,21,79,63,87,8.9,1
S00707,22,71,60,57,5.5,1
S00708,20,84,82,51,5.6,1
S00709,18,60,62,53,2.2,0
S00710,18,81,100,91,9.8,1
S00711,22,54,80,54,3.2,1
S00712,22,52,51,54,1.7,0
S00713,19,79,100,100,7.0,1
S00714,20,88,75,52,6.4,1
S00715,20,55,57,59,4.7,1
S00716,21,66,61,92,4.8,1
S00717,19,84,57,80,8.1,1
S00718,19,43,77,53,2.8,0
S00719,19,75,100,95,8.4,1
S00720,19,70,65,76,6.8,1
S00721,20,61,66,65,4.8,1
S00722,20,72,70,72,5.1,1
S00723,19,62,51,56,3.3,1
S00724,21,76,61,67,7.8,1
S00725,18,77,69,70,5.6,1
S00726,18,83,61,54,3.9,1
S00727,21,92,71,75,6.4,1
S00728,19,71,92,91,10.0,1
S00729,20,75,84,79,4.9,1
S00730,18,85,84,98,9.3,1
S00731,22,68,67,61,4.1,1
S00732,22,52,62,63,1.5,0
S00733,21,62,66,68,2.8,0
S00734,19,71,61,73,4.8,1
S00735,18,56,62,57,3.0,1
S00736,19,45,58,43,1.0,0
S00737,18,82,74,90,9.2,1
S00738,21,87,98,62,8.6,1
S00739,21,87,96,76,7.7,1
S00740,22,69,51,30,2.5,0
S00741,19,53,59,43,2.1,0
S00742,22,59,62,47,1.6,0
S00743,19,90,73,91,7.5,1
S00744,22,99,93,93,9.4,1
S00745,20,69,70,63,4.9,1
S00746,20,56,41,68,2.1,0
S00747,20,74,77,82,5.6,1
S00748,20,55,53,64,4.1,1
S00749,18,66,77,51,4.4,1
S00750,20,84,68,73,6.6,1
S00751,21,86,78,77,7.5,1
S00752,21,55,71,44,2.0,0
S00753,18,57,59,61,1.3,0
S00754,20,81,78,90,9.9,1
S00755,20,69,50,68,3.1,1
S00756,20,55,48,61,1.5,0
S00757,22,58,64,70,2.7,0
S00758,19,52,58,55,1.4,0
S00759,22,67,58,70,4.5,1
S00760,19,78,70,76,8.2,1
S00761,20,73,68,59,4.1,1
S00762,20,66,67,86,5.0,1
S00763,22,94,100,52,7.1,1
S00764,22,87,72,82,5.6,1
S00765,19,76,100,75,8.8,1
S00766,21,86,72,74,8.8,1
S00767,19,48,35,59,1.1,0
S00768,22,79,69,62,8.0,1
S00769,22,90,83,60,5.1,1
S00770,18,87,100,76,9.9,1
S00771,22,75,62,68,5.3,1
S00772,18,95,85,77,9.9,1
S00773,21,71,68,99,7.8,1
S00774,19,54,42,85,3.2,1
S00775,19,61,80,48,5.8,1
S00776,18,81,92,93,9.9,1
S00777,19,56,85,93,8.7,1
S00778,22,63,41,65,1.9,0
S00779,20,100,97,70,7.4,1
S00780,18,68,60,63,4.1,1
S00781,19,40,58,47,1.1,0
S00782,18,62,51,63,4.6,1
S00783,18,58,59,48,3.1,1
S00784,20,73,86,80,8.4,1
S00785,22,75,68,48,4.0,1
S00786,18,92,85,79,8.4,1
S00787,19,42,58,41,1.0,0
S00788,21,72,52,68,3.8,1
S00789,18,78,64,55,3.2,1
S00790,18,81,62,66,3.1,1
S00791,20,85,57,71,1.6,0
S00792,22,52,60,81,2.7,0
S00793,21,100,59,43,6.0,1
S00794,19,61,49,55,3.6,1
S00795,21,63,44,65,4.8,1
S00796,19,71,75,73,4.4,1
S00797,22,80,94,63,8.9,1
S00798,19,90,95,72,9.1,1
S00799,20,58,74,72,5.4,1
S00800,20,64,41,67,4.0,1
S00801,20,71,45,64,2.0,0
S00802,20,88,90,91,9.6,1
S00803,21,57,56,61,1.5,0
S00804,22,70,61,67,3.7,1
S00805,19,77,68,66,3.7,1
S00806,19,49,65,74,3.9,1
S00807,20,66,60,34,2.5,0
S00808,20,79,75,99,8.0,1
S00809,18,60,68,33,2.1,0
S00810,22,87,71,63,6.7,1
S00811,21,46,42,57,2.1,0
S00812,19,46,46,66,1.6,0
S00813,18,67,83,48,9.2,1
S00814,18,55,70,61,2.7,0
S00815,19,97,83,91,8.4,1
S00816,21,72,71,85,5.9,1
S00817,18,43,41,50,1.7,0
S00818,18,84,97,82,9.6,1
S00819,22,48,54,56,3.2,1
S00820,21,74,83,78,8.7,1
S00821,18,64,75,48,2.5,0
S00822,21,73,90,72,8.7,1
S00823,19,66,35,61,1.1,0
S00824,20,72,52,73,5.6,1
S00825,18,82,80,86,7.9,1
S00826,22,85,74,87,9.4,1
S00827,19,95,94,93,9.2,1
S00828,21,91,84,92,8.4,1
S00829,19,89,88,63,9.0,1
S00830,18,67,52,52,2.8,0
S00831,21,62,82,62,3.6,1
S00832,20,70,94,64,3.6,1
S00833,19,64,63,59,4.4,1
S00834,18,68,71,79,4.5,1
S00835,22,71,74,96,5.9,1
S00836,21,55,55,63,2.4,0
S00837,19,72,69,78,7.2,1
S00838,19,65,47,71,2.5,0
S00839,20,78,51,43,3.8,1
S00840,20,84,76,72,5.5,1
S00841,22,70,77,92,8.2,1
S00842,22,94,52,71,7.7,1
S00843,18,74,81,61,6.8,1
S00844,18,66,58,58,2.4,0
S00845,22,65,88,72,5.9,1
S00846,22,59,60,47,1.8,0
S00847,21,71,50,93,4.4,1
S00848,20,54,43,63,4.7,1
S00849,18,62,46,43,1.4,0
S00850,20,77,56,63,3.5,1
S00851,20,87,99,96,9.6,1
S00852,22,100,88,86,9.6,1
S00853,21,65,78,73,4.2,1
S00854,19,64,39,46,1.4,0
S00855,21,38,70,79,2.6,0
S00856,21,92,75,74,4.5,1
S00857,20,100,66,98,9.5,1
S00858,21,56,72,64,2.3,0
S00859,18,62,82,90,7.9,1
S00860,20,61,61,49,2.0,0
S00861,18,75,80,80,9.8,1
S00862,19,72,81,84,4.4,1
S00863,20,86,69,99,8.0,1
S00864,19,57,74,53,4.1,1
S00865,20,88,85,78,6.6,1
S00866,22,69,49,56,2.7,0
S00867,21,69,79,52,2.3,0
S00868,22,88,90,88,9.4,1
S00869,19,73,94,98,9.3,1
S00870,21,96,69,89,9.0,1
S00871,20,74,99,71,6.6,1
S00872,21,69,69,87,8.3,1
S00873,18,70,66,53,1.6,0
S00874,21,87,54,71,4.0,1
S00875,18,65,57,82,3.8,1
S00876,21,98,85,51,6.7,1
S00877,18,68,77,76,4.2,1
S00878,19,55,44,42,2.3,0
S00879,22,69,87,89,6.4,1
S00880,20,100,94,73,8.3,1
S00881,21,60,56,53,4.4,1
S00882,22,66,75,68,2.2,0
S00883,20,56,44,66,2.8,0
S00884,20,58,54,51,3.1,1
S00885,18,75,69,50,3.7,1
S00886,19,73,67,74,6.8,1
S00887,19,72,78,60,6.4,1
S00888,22,91,81,65,7.3,1
S00889,19,83,64,68,4.3,1
S00890,21,90,92,70,8.4,1
S00891,19,55,57,67,2.8,0
S00892,22,66,72,88,5.2,1
S00893,19,84,95,79,8.2,1
S00894,21,64,68,63,2.6,0
S00895,18,48,65,83,2.0,0
S00896,22,93,73,69,9.0,1
S00897,18,67,71,81,4.1,1
S00898,18,62,69,90,7.2,1
S00899,18,46,39,66,1.2,0
S00900,20,74,77,93,7.2,1
S00901,20,64,54,69,3.8,1
S00902,18,75,63,50,1.5,0
S00903,22,78,84,88,6.5,1
S00904,21,54,41,77,3.2,1
S00905,21,70,58,81,4.5,1
S00906,19,53,39,58,1.7,0
S00907,22,62,53,51,2.3,0
S00908,20,71,69,67,3.7,1
S00909,18,69,53,70,1.8,0
S00910,19,87,80,96,9.2,1
S00911,21,71,67,51,1.1,0
S00912,20,81,45,75,5.4,1
S00913,20,51,70,44,2.1,0
S00914,18,87,58,77,3.8,1
S00915,21,90,86,75,9.3,1
S00916,22,52,53,70,2.5,0
S00917,20,100,100,72,9.7,1
S00918,18,82,47,75,2.9,0
S00919,22,80,80,83,7.7,1
S00920,21,69,79,63,5.9,1
S00921,20,84,68,92,9.0,1
S00922,22,81,63,66,6.0,1
S00923,22,86,71,81,5.8,1
S00924,22,67,50,59,2.8,0
S00925,20,61,50,40,2.5,0
S00926,20,100,83,72,9.2,1
S00927,19,63,72,61,4.0,1
S00928,21,78,62,83,4.3,1
S00929,18,78,93,90,7.8,1
S00930,22,70,54,85,4.0,1
S00931,19,87,75,100,9.6,1
S00932,18,80,100,72,7.6,1
S00933,19,72,68,72,6.4,1
S00934,20,99,71,78,8.9,1
S00935,22,48,35,49,1.4,0
S00936,18,56,74,41,3.3,1
S00937,18,92,66,70,5.2,1
S00938,18,72,58,47,3.0,1
S00939,18,57,79,79,7.7,1
S00940,18,82,98,100,9.3,1
S00941,19,51,66,63,4.8,1
S00942,22,57,91,69,4.1,1
S00943,20,57,90,97,9.7,1
S00944,20,69,81,73,5.0,1
S00945,20,60,80,74,5.4,1
S00946,20,67,65,62,4.2,1
S00947,19,71,80,81,9.2,1
S00948,21,75,77,62,6.1,1
S00949,22,77,87,90,7.9,1
S00950,18,98,77,60,8.3,1
S00951,21,81,67,78,4.1,1
S00952,20,77,82,52,4.9,1
S00953,21,81,100,94,8.6,1
S00954,22,87,75,63,4.3,1
S00955,18,67,100,66,8.1,1
S00956,18,74,81,92,9.5,1
S00957,22,76,83,86,6.6,1
S00958,22,100,95,74,7.7,1
S00959,20,81,73,89,8.2,1
S00960,18,83,79,55,8.6,1
S00961,21,54,86,52,4.6,1
S00962,19,65,44,73,1.5,0
S00963,19,78,53,65,4.6,1
S00964,22,86,95,55,7.1,1
S00965,20,64,83,61,5.1,1
S00966,19,74,85,68,7.7,1
S00967,18,54,65,65,4.2,1
S00968,22,78,71,71,6.7,1
S00969,21,50,62,64,2.7,0
S00970,22,69,98,78,7.7,1
S00971,21,69,75,89,5.9,1
S00972,22,56,84,67,2.8,0
S00973,22,59,53,70,3.6,1
S00974,22,85,80,93,7.7,1
S00975,21,72,66,66,5.3,1
S00976,21,59,48,47,2.9,0
S00977,22,91,87,100,9.7,1
S00978,19,70,84,80,7.4,1
S00979,20,89,94,87,9.6,1
S00980,20,71,92,61,4.8,1
S00981,20,56,75,63,5.3,1
S00982,21,96,99,94,9.1,1
S00983,21,64,73,84,5.7,1
S00984,19,81,98,87,7.4,1
S00985,20,75,88,73,3.3,1
S00986,20,79,75,76,5.0,1
S00987,22,59,46,61,2.1,0
S00988,21,58,54,60,2.9,0
S00989,20,63,55,70,1.0,0
S00990,19,62,59,52,1.4,0
S00991,19,83,97,91,9.8,1
S00992,20,55,67,54,3.2,1
S00993,21,57,77,69,7.0,1
S00994,19,86,77,79,8.6,1
S00995,22,73,78,63,6.0,1
S00996,19,71,78,70,2.4,0
S00997,18,84,91,62,7.6,1
S00998,18,89,81,76,6.4,1
S00999,21,73,91,80,7.6,1
S01000,20,93,77,58,7.9,1
S01001,21,84,84,81,9.8,1
S01002,21,83,66,77,6.2,1
S01003,21,52,64,71,4.1,1
S01004,21,80,72,73,6.8,1
S01005,22,37,68,66,1.6,0
S01006,22,84,81,83,9.1,1
S01007,19,63,48,60,2.1,0
S01008,18,61,86,69,4.0,1
S01009,21,73,78,92,8.3,1
S01010,19,84,77,66,6.4,1
S01011,18,67,72,62,4.5,1
S01012,20,66,58,63,5.3,1
S01013,22,85,98,78,8.7,1
S01014,18,93,72,83,4.1,1
S01015,20,97,100,90,8.8,1
S01016,18,69,48,45,1.8,0
S01017,22,86,83,73,8.0,1
S01018,22,86,85,87,8.6,1
S01019,19,36,62,50,2.6,0
S01020,21,63,53,60,4.9,1
S01021,18,55,60,77,2.5,0
S01022,18,61,63,71,7.4,1
S01023,20,62,76,84,5.8,1
S01024,22,57,53,91,6.7,1
S01025,18,61,39,53,2.8,0
S01026,22,70,69,51,2.9,0
S01027,18,67,48,54,1.4,0
S01028,19,70,54,53,3.9,1
S01029,21,64,87,74,6.0,1
S01030,18,65,88,80,8.7,1
S01031,22,60,87,81,7.0,1
S01032,19,57,67,86,4.9,1
S01033,18,80,100,95,9.6,1
S01034,20,78,73,84,7.5,1
S01035,21,77,100,61,9.4,1
S01036,18,76,71,77,5.7,1
S01037,19,61,44,84,3.3,1
S01038,20,56,60,21,1.5,0
S01039,19,91,83,87,7.5,1
S01040,19,47,45,57,2.1,0
S01041,20,69,53,55,3.7,1
S01042,19,73,72,82,5.8,1
S01043,20,71,77,94,6.1,1
S01044,18,84,48,84,6.4,1
S01045,20,69,70,56,2.5,0
S01046,20,58,61,56,4.4,1
S01047,21,75,61,77,6.6,1
S01048,20,92,99,96,9.7,1
S01049,20,77,79,74,7.5,1
S01050,18,93,100,81,9.3,1
S01051,21,84,86,100,7.9,1
S01052,22,94,74,87,6.3,1
S01053,18,45,58,75,2.7,0
S01054,18,77,83,59,7.0,1
S01055,22,67,71,67,6.6,1
S01056,20,82,66,75,6.4,1
S01057,19,55,77,59,5.4,1
S01058,21,77,71,92,5.8,1
S01059,19,60,65,83,4.0,1
S01060,22,65,84,66,5.7,1
S01061,18,47,59,83,2.8,0
S01062,18,78,83,81,8.2,1
S01063,21,72,53,93,2.7,0
S01064,18,57,60,60,1.8,0
S01065,18,76,72,76,4.9,1
S01066,21,94,87,93,6.9,1
S01067,21,72,62,84,4.9,1
S01068,22,58,58,70,3.5,1
S01069,18,79,82,71,6.0,1
S01070,18,61,68,73,4.1,1
S01071,22,83,78,75,9.4,1
S01072,20,72,100,86,9.3,1
S01073,20,81,52,58,5.5,1
S01074,20,62,73,45,4.0,1
S01075,22,82,66,79,7.6,1
S01076,18,45,74,72,1.3,0
S01077,22,76,53,82,5.3,1
S01078,22,58,77,65,4.0,1
S01079,20,86,86,100,9.3,1
S01080,19,63,49,49,1.1,0
S01081,18,82,75,50,6.0,1
S01082,20,81,87,53,7.7,1
S01083,19,54,61,57,5.4,1
S01084,19,87,47,68,1.8,0
S01085,21,100,96,79,9.8,1
S01086,18,80,53,77,5.7,1
S01087,19,68,69,95,6.5,1
S01088,20,61,94,50,3.1,1
S01089,21,66,60,77,5.4,1
S01090,18,82,81,76,4.9,1
S01091,22,59,49,48,1.7,0
S01092,20,50,62,75,2.0,0
S01093,19,79,91,78,8.5,1
S01094,19,74,74,59,3.2,1
S01095,20,77,58,87,2.8,0
S01096,19,87,93,78,5.5,1
S01097,21,89,75,91,7.9,1
S01098,18,54,57,74,1.6,0
S01099,21,42,77,66,6.2,1
S01100,19,61,44,74,2.1,0
S01101,22,55,50,51,1.3,0
S01102,18,57,56,51,1.5,0
S01103,18,85,79,78,8.5,1
S01104,20,45,84,52,2.1,0
S01105,20,61,45,67,1.4,0
S01106,22,76,82,72,4.9,1
S01107,18,91,94,76,8.6,1
S01108,22,73,62,72,3.4,1
S01109,20,75,59,65,4.8,1
S01110,20,51,45,53,1.4,0
S01111,18,69,63,70,5.0,1
S01112,21,76,54,79,6.2,1
S01113,19,75,63,78,6.1,1
S01114,20,76,48,62,4.0,1
S01115,20,72,79,75,3.8,1
S01116,21,79,63,56,2.0,0
S01117,21,89,75,59,4.3,1
S01118,22,58,62,41,1.9,0
S01119,22,43,83,91,7.9,1
S01120,19,100,100,86,9.7,1
S01121,19,83,82,88,9.7,1
S01122,18,77,86,95,8.8,1
S01123,22,72,83,69,6.4,1
S01124,20,75,64,61,7.3,1
S01125,22,71,97,65,3.6,1
S01126,20,61,76,79,6.7,1
S01127,21,60,71,67,5.1,1
S01128,22,75,84,88,5.3,1
S01129,21,87,91,49,7.8,1
S01130,19,70,63,78,3.5,1
S01131,19,58,66,75,3.9,1
S01132,18,77,71,90,9.3,1
S01133,22,51,48,17,1.5,0
S01134,21,74,76,86,5.4,1
S01135,20,100,92,72,9.2,1
S01136,19,56,89,69,6.5,1
S01137,19,71,71,71,5.9,1
S01138,20,49,46,68,3.2,1
S01139,21,50,77,74,4.1,1
S01140,21,94,100,93,8.7,1
S01141,22,79,83,83,6.0,1
S01142,22,77,70,75,5.6,1
S01143,18,67,67,64,1.9,0
S01144,19,50,90,43,1.1,0
S01145,22,84,90,77,9.7,1
S01146,21,89,52,78,4.4,1
S01147,20,73,68,84,6.4,1
S01148,21,64,62,67,1.7,0
S01149,19,78,60,71,7.1,1
S01150,21,69,89,96,9.4,1
S01151,18,54,78,60,6.2,1
S01152,19,53,74,72,2.1,0
S01153,20,85,88,71,6.2,1
S01154,18,89,91,100,7.9,1
S01155,19,78,44,50,4.7,1
S01156,20,76,96,100,8.9,1
S01157,18,93,84,71,6.8,1
S01158,18,77,89,79,9.1,1
S01159,19,79,57,77,6.6,1
S01160,22,59,49,51,2.2,0
S01161,18,63,51,64,3.8,1
S01162,18,75,38,53,2.8,0
S01163,20,80,87,76,9.2,1
S01164,21,68,72,85,7.8,1
S01165,19,79,100,66,7.1,1
S01166,19,61,62,56,3.7,1
S01167,22,95,74,45,2.7,0
S01168,22,88,63,73,7.8,1
S01169,19,67,64,86,5.3,1
S01170,22,51,62,52,3.0,1
S01171,20,57,65,66,6.5,1
S01172,19,45,49,59,1.4,0
S01173,22,67,62,61,3.9,1
S01174,19,85,67,97,5.2,1
S01175,21,70,78,58,2.3,0
S01176,18,92,94,91,9.9,1
S01177,19,58,65,73,2.9,0
S01178,18,61,63,71,2.2,0
S01179,22,56,66,65,2.8,0
S01180,18,99,80,78,7.9,1
S01181,19,67,65,93,4.8,1
S01182,21,74,75,72,6.1,1
S01183,22,33,66,51,1.2,0
S01184,19,53,66,49,1.3,0
S01185,22,78,66,49,5.0,1
S01186,20,73,91,91,8.3,1
S01187,18,78,84,55,9.0,1
S01188,20,65,56,58,1.8,0
S01189,19,58,67,70,5.8,1
S01190,21,97,85,100,9.2,1
S01191,22,63,82,46,4.5,1
S01192,18,80,85,71,8.5,1
S01193,22,48,59,58,2.2,0
S01194,19,91,72,83,9.4,1
S01195,22,100,77,73,7.8,1
S01196,18,96,85,84,9.5,1
S01197,19,70,69,62,7.1,1
S01198,22,79,66,71,4.3,1
S01199,21,84,83,57,9.4,1
S01200,19,78,64,64,3.5,1
S01201,19,74,66,59,4.0,1
S01202,21,50,68,90,7.3,1
S01203,20,72,77,100,7.9,1
S01204,18,97,88,81,9.4,1
S01205,20,63,73,78,2.8,0
S01206,22,73,85,77,8.2,1
S01207,21,74,73,67,7.6,1
S01208,20,37,59,79,1.6,0
S01209,19,67,86,74,4.5,1
S01210,22,86,73,64,3.5,1
S01211,22,73,70,73,3.7,1
S01212,20,100,97,90,9.8,1
S01213,20,86,92,75,6.8,1
S01214,21,90,91,62,7.5,1
S01215,18,100,95,83,9.8,1
S01216,20,71,78,75,4.4,1
S01217,20,81,71,79,8.2,1
S01218,19,80,52,80,4.9,1
S01219,22,100,87,87,8.8,1
S01220,18,56,60,51,2.6,0
S01221,19,81,82,69,9.5,1
S01222,21,63,70,61,3.0,1
S01223,21,74,44,59,3.9,1
S01224,20,89,75,83,7.8,1
S01225,20,54,62,59,4.5,1
S01226,21,95,57,67,6.5,1
S01227,20,64,85,82,5.0,1
S01228,18,78,65,81,7.7,1
S01229,20,53,55,54,3.1,1
S01230,22,83,64,57,1.5,0
S01231,20,67,71,81,3.7,1
S01232,19,63,58,74,5.3,1
S01233,18,69,66,68,2.5,0
S01234,19,74,69,58,4.2,1
S01235,19,67,93,80,4.6,1
S01236,22,64,59,85,1.5,0
S01237,18,67,72,64,6.2,1
S01238,18,81,76,69,9.0,1
S01239,18,39,50,63,2.4,0
S01240,18,62,66,85,6.4,1
S01241,18,96,92,75,7.0,1
S01242,22,86,68,56,4.8,1
S01243,20,80,85,76,7.3,1
S01244,19,85,84,76,4.7,1
S01245,18,70,45,66,5.5,1
S01246,20,52,67,63,1.1,0
S01247,20,79,79,91,7.2,1
S01248,19,77,82,79,7.0,1
S01249,22,53,44,56,1.3,0
S01250,21,79,58,77,4.3,1
S01251,21,91,95,76,9.8,1
S01252,20,76,94,57,4.8,1
S01253,19,82,82,68,5.5,1
S01254,21,91,100,78,9.2,1
S01255,20,70,77,69,7.5,1
S01256,22,61,67,96,6.2,1
S01257,21,84,74,100,8.2,1
S01258,20,83,80,79,8.8,1
S01259,20,71,47,71,5.1,1
S01260,18,71,62,68,5.3,1
S01261,22,94,61,81,4.5,1
S01262,18,75,87,100,9.7,1
S01263,19,59,80,56,7.3,1
S01264,18,60,59,64,1.7,0
S01265,18,81,85,67,8.8,1
S01266,21,74,64,92,5.3,1
S01267,20,62,33,63,1.6,0
S01268,22,86,66,63,5.9,1
S01269,18,54,57,66,4.8,1
S01270,22,80,91,80,8.9,1
S01271,18,65,70,68,2.8,0
S01272,19,91,94,94,8.4,1
S01273,18,96,82,59,6.0,1
S01274,21,66,53,79,1.5,0
S01275,20,88,83,100,9.7,1
S01276,19,63,63,61,5.6,1
S01277,18,59,47,65,3.6,1
S01278,22,65,81,91,5.2,1
S01279,19,91,83,97,8.7,1
S01280,19,67,50,61,3.7,1
S01281,18,48,50,71,2.7,0
S01282,19,54,48,96,2.2,0
S01283,22,74,64,66,3.7,1
S01284,19,86,93,72,8.0,1
S01285,22,76,66,72,5.2,1
S01286,18,66,36,65,3.0,1
S01287,20,76,56,54,2.5,0
S01288,19,68,63,71,4.0,1
S01289,20,84,85,70,9.5,1
S01290,22,57,58,58,4.1,1
S01291,19,92,92,96,9.9,1
S01292,21,47,71,50,5.4,1
S01293,20,59,59,72,2.6,0
S01294,19,84,90,59,9.0,1
S01295,20,57,65,49,5.1,1
S01296,19,70,74,72,7.4,1
S01297,18,98,100,90,9.9,1
S01298,20,58,60,73,1.5,0
S01299,21,59,65,59,1.9,0
S01300,21,83,93,75,7.5,1
S01301,22,65,68,71,3.5,1
S01302,19,73,70,51,2.7,0
S01303,20,57,37,59,1.4,0
S01304,22,40,55,42,1.2,0
S01305,20,98,80,81,8.0,1
S01306,19,63,76,58,2.2,0
S01307,21,65,80,61,5.2,1
S01308,18,63,68,77,6.5,1
S01309,21,74,73,71,4.9,1
S01310,22,54,55,70,1.2,0
S01311,18,98,87,61,8.1,1
S01312,22,51,41,55,1.1,0
S01313,19,73,85,71,7.9,1
S01314,18,95,83,94,9.0,1
S01315,22,79,72,78,4.9,1
S01316,19,75,64,78,5.8,1
S01317,21,78,64,62,5.3,1
S01318,19,68,80,78,4.5,1
S01319,20,88,74,65,9.0,1
S01320,19,98,75,63,9.0,1
S01321,19,72,64,51,4.0,1
S01322,20,74,67,74,6.5,1
S01323,22,100,77,93,9.3,1
S01324,22,65,90,50,9.7,1
S01325,19,93,55,87,5.6,1
S01326,20,53,58,71,5.1,1
S01327,20,58,85,45,3.5,1
S01328,21,88,93,87,9.6,1
S01329,22,58,49,73,2.3,0
S01330,18,85,79,81,6.2,1
S01331,22,53,69,77,3.5,1
S01332,22,67,74,48,3.5,1
S01333,21,63,66,63,4.6,1
S01334,18,93,100,76,10.0,1
S01335,21,55,32,78,1.5,0
S01336,18,76,62,81,6.2,1
S01337,19,51,57,92,1.7,0
S01338,18,54,62,55,2.4,0
S01339,21,73,59,61,5.0,1
S01340,22,82,74,70,5.6,1
S01341,18,57,55,80,3.3,1
S01342,18,57,61,61,3.8,1
S01343,20,63,67,60,1.8,0
S01344,22,64,74,66,3.7,1
S01345,19,97,78,86,9.7,1
S01346,21,79,76,77,9.5,1
S01347,19,48,60,64,4.0,1
S01348,22,69,73,71,6.1,1
S01349,18,79,79,84,9.2,1
S01350,18,54,64,67,1.1,0
S01351,22,77,87,100,8.3,1
S01352,18,95,92,75,9.5,1
S01353,18,54,42,54,1.8,0
S01354,18,62,71,51,2.5,0
S01355,21,90,57,88,9.6,1
S01356,21,75,82,66,5.8,1
S01357,20,54,63,59,1.1,0
S01358,19,68,57,77,3.3,1
S01359,22,62,83,39,5.0,1
S01360,22,93,78,83,7.2,1
S01361,22,78,81,73,7.6,1
S01362,20,77,94,93,10.0,1
S01363,21,66,98,54,3.6,1
S01364,20,65,87,87,5.8,1
S01365,22,80,80,83,5.8,1
S01366,19,91,58,75,4.7,1
S01367,18,52,60,70,2.5,0
S01368,21,93,80,77,9.8,1
S01369,21,67,94,75,8.7,1
S01370,20,77,73,80,5.5,1
S01371,21,67,63,65,6.4,1
S01372,22,56,61,80,3.0,1
S01373,22,63,63,69,5.9,1
S01374,20,87,80,84,7.3,1
S01375,22,82,62,97,5.6,1
S01376,19,90,90,78,9.9,1
S01377,20,67,84,76,6.5,1
S01378,19,83,65,80,4.3,1
S01379,18,74,77,91,7.9,1
S01380,19,38,61,57,2.5,0
S01381,18,73,75,62,4.5,1
S01382,18,55,53,64,4.1,1
S01383,19,79,71,87,4.9,1
S01384,20,78,96,77,8.0,1
S01385,22,78,77,72,5.4,1
S01386,22,96,83,75,8.1,1
S01387,18,63,81,82,6.2,1
S01388,18,61,70,68,4.1,1
S01389,20,82,91,69,8.3,1
S01390,21,78,39,51,3.1,1
S01391,19,55,44,39,3.0,0
S01392,18,66,82,61,5.5,1
S01393,22,68,45,73,3.3,1
S01394,20,49,57,72,1.1,0
S01395,19,79,73,84,6.8,1
S01396,20,57,61,78,5.6,1
S01397,19,92,73,68,5.0,1
S01398,19,75,91,95,9.7,1
S01399,18,71,97,77,6.1,1
S01400,20,85,78,100,8.8,1
S01401,20,78,74,59,2.3,0
S01402,22,61,77,89,6.1,1
S01403,22,100,78,93,8.8,1
S01404,18,82,83,83,6.2,1
S01405,18,84,86,54,7.5,1
S01406,21,57,66,78,4.3,1
S01407,22,63,58,57,1.8,0
S01408,19,63,63,65,5.1,1
S01409,20,81,58,50,4.6,1
S01410,18,75,93,83,8.8,1
S01411,20,62,59,64,3.2,1
S01412,20,83,88,70,9.7,1
S01413,21,79,91,68,9.6,1
S01414,22,70,64,69,3.2,1
S01415,18,72,49,77,4.1,1
S01416,20,98,100,86,9.1,1
S01417,18,71,90,100,9.7,1
S01418,19,81,67,68,5.0,1
S01419,21,91,69,65,3.9,1
S01420,19,68,75,61,5.7,1
S01421,18,98,87,58,7.2,1
S01422,18,61,69,87,3.5,1
S01423,22,67,88,92,7.6,1
S01424,20,53,69,41,1.5,0
S01425,20,66,64,59,1.4,0
S01426,19,60,65,67,4.5,1
S01427,21,61,53,63,4.2,1
S01428,20,71,82,60,3.8,1
S01429,22,72,68,75,5.4,1
S01430,19,71,59,75,3.9,1
S01431,19,63,40,66,2.7,0
S01432,22,70,68,64,3.8,1
S01433,21,85,91,84,9.8,1
S01434,22,71,51,80,4.7,1
S01435,21,61,74,75,5.0,1
S01436,22,88,69,75,6.2,1
S01437,22,83,100,86,9.9,1
S01438,18,74,55,67,3.2,1
S01439,19,76,73,71,7.1,1
S01440,22,82,69,88,7.4,1
S01441,22,71,89,62,6.5,1
S01442,20,47,51,53,1.8,0
S01443,19,61,70,84,7.1,1
S01444,20,46,62,44,1.6,0
S01445,19,72,60,56,6.4,1
S01446,20,83,87,80,7.7,1
S01447,22,72,80,42,2.9,0
S01448,22,80,90,67,8.6,1
S01449,18,46,60,66,1.3,0
S01450,20,70,94,80,8.6,1
S01451,21,75,88,85,5.1,1
S01452,18,76,74,48,3.0,1
S01453,20,71,62,59,2.2,0
S01454,20,95,98,90,9.6,1
S01455,18,63,45,44,1.7,0
S01456,22,78,68,74,2.8,0
S01457,20,70,54,72,4.1,1
S01458,22,83,72,56,6.6,1
S01459,18,70,39,72,5.9,1
S01460,22,45,61,64,2.1,0
S01461,19,58,56,58,3.6,1
S01462,21,62,73,45,3.1,1
S01463,20,62,64,65,2.9,0
S01464,21,88,80,95,4.7,1
S01465,22,80,67,73,7.3,1
S01466,20,74,72,81,3.0,1
S01467,22,63,89,58,4.3,1
S01468,19,65,75,70,4.5,1
S01469,18,76,98,96,9.8,1
S01470,20,81,90,85,9.6,1
S01471,19,88,77,77,8.2,1
S01472,19,63,70,72,3.2,1
S01473,20,66,38,80,1.6,0
S01474,22,67,60,69,3.9,1
S01475,19,60,43,58,3.4,1
S01476,21,94,64,69,5.6,1
S01477,19,81,89,100,8.0,1
S01478,22,96,90,84,8.7,1
S01479,22,80,85,75,8.6,1
S01480,21,74,68,53,4.2,1
S01481,19,88,57,55,7.2,1
S01482,22,67,60,70,3.8,1
S01483,20,32,47,65,1.5,0
S01484,18,79,71,73,7.3,1
S01485,18,67,59,56,1.1,0
S01486,18,74,58,54,4.7,1
S01487,19,70,58,68,4.0,1
S01488,21,62,55,83,7.2,1
S01489,22,74,78,73,7.9,1
S01490,20,69,52,85,3.7,1
S01491,20,87,84,71,8.3,1
S01492,19,77,53,68,3.6,1
S01493,18,69,70,80,5.0,1
S01494,19,84,78,77,7.5,1
S01495,21,79,97,75,7.2,1
S01496,21,80,95,70,9.9,1
S01497,22,39,40,79,3.0,1
S01498,22,82,63,74,7.0,1
S01499,21,78,76,81,6.5,1
S01500,21,81,76,92,9.2,1
S01501,21,43,25,53,2.4,0
S01502,19,87,96,77,7.8,1
S01503,21,72,82,89,6.1,1
S01504,20,70,68,51,3.5,1
S01505,18,90,64,96,5.3,1
S01506,21,45,70,57,4.0,1
S01507,18,68,66,60,6.2,1
S01508,19,84,88,85,9.0,1
S01509,18,89,63,100,6.1,1
S01510,19,60,93,53,6.7,1
S01511,20,92,55,70,5.7,1
S01512,19,57,68,63,1.5,0
S01513,19,61,61,63,3.1,1
S01514,22,70,65,75,5.4,1
S01515,21,61,66,57,3.8,1
S01516,21,71,67,54,2.6,0
S01517,20,61,86,69,5.5,1
S01518,20,69,68,52,3.9,1
S01519,21,59,52,63,3.3,1
S01520,22,63,70,66,5.2,1
S01521,21,85,77,54,2.2,0
S01522,22,91,100,88,9.3,1
S01523,20,91,95,61,8.8,1
S01524,18,91,88,75,7.4,1
S01525,20,44,64,87,2.0,0
S01526,20,100,94,67,8.0,1
S01527,19,58,78,96,8.3,1
S01528,19,74,66,80,7.9,1
S01529,19,53,57,52,2.0,0
S01530,19,83,68,60,6.8,1
S01531,22,86,72,83,8.5,1
S01532,21,73,66,91,6.2,1
S01533,18,77,100,71,6.8,1
S01534,20,61,71,69,5.1,1
S01535,22,58,76,84,5.8,1
S01536,18,62,40,61,1.3,0
S01537,22,84,56,57,6.8,1
S01538,22,73,46,59,1.7,0
S01539,20,62,84,87,4.9,1
S01540,21,71,67,64,3.6,1
S01541,19,71,79,40,5.9,1
S01542,21,71,65,64,2.2,0
S01543,20,89,72,75,7.2,1
S01544,20,85,98,59,8.2,1
S01545,20,57,52,41,2.5,0
S01546,18,67,71,70,1.9,0
S01547,21,66,63,51,2.3,0
S01548,21,79,66,72,8.9,1
S01549,22,60,64,72,5.8,1
S01550,22,68,50,62,5.2,1
S01551,22,73,69,60,2.0,0
S01552,20,89,76,73,6.8,1
S01553,21,74,60,68,8.8,1
S01554,20,72,88,76,8.5,1
S01555,18,89,70,80,6.6,1
S01556,22,45,39,58,1.7,0
S01557,20,63,75,58,2.0,0
S01558,20,49,55,80,1.4,0
S01559,18,79,59,72,3.3,1
S01560,19,51,53,70,2.2,0
S01561,21,75,45,62,3.3,1
S01562,19,70,53,70,4.5,1
S01563,22,91,100,80,9.5,1
S01564,20,56,70,84,6.5,1
S01565,18,62,84,80,8.5,1
S01566,18,77,57,81,7.4,1
S01567,21,60,42,61,2.0,0
S01568,19,69,87,78,7.6,1
S01569,21,53,67,100,3.5,1
S01570,20,83,96,68,6.8,1
S01571,21,72,80,58,4.1,1
S01572,18,89,87,95,10.0,1
S01573,18,71,67,57,3.4,1
S01574,22,52,59,61,3.5,1
S01575,22,84,100,72,9.4,1
S01576,20,71,66,62,1.2,0
S01577,19,80,81,84,7.3,1
S01578,21,81,82,74,7.5,1
S01579,20,100,100,90,8.5,1
S01580,22,75,96,64,9.8,1
S01581,21,97,100,78,9.8,1
S01582,22,73,31,56,1.6,0
S01583,21,80,88,67,8.4,1
S01584,19,86,71,55,6.8,1
S01585,20,67,96,72,6.8,1
S01586,21,52,74,68,2.2,0
S01587,18,81,77,92,6.9,1
S01588,18,97,100,80,9.8,1
S01589,21,98,100,93,9.2,1
S01590,21,86,70,77,5.0,1
S01591,21,55,81,72,1.4,0
S01592,18,79,66,63,4.3,1
S01593,18,80,81,60,8.4,1
S01594,21,88,88,78,7.3,1
S01595,22,72,66,58,5.1,1
S01596,22,60,55,49,1.5,0
S01597,19,73,84,65,4.8,1
S01598,20,55,70,66,5.2,1
S01599,22,76,69,87,9.4,1
S01600,18,78,81,84,6.8,1
S01601,22,48,56,61,3.8,1
S01602,19,81,81,77,5.7,1
S01603,19,65,62,58,1.6,0
S01604,20,92,100,98,9.8,1
S01605,22,56,76,64,4.2,1
S01606,18,85,82,70,5.3,1
S01607,18,87,58,62,4.2,1
S01608,21,80,87,75,7.1,1
S01609,18,83,99,67,7.0,1
S01610,20,82,72,67,7.4,1
S01611,20,69,82,73,3.4,1
S01612,18,64,58,52,3.8,1
S01613,18,58,47,56,2.1,0
S01614,21,87,80,88,6.9,1
S01615,18,79,62,53,1.4,0
S01616,21,62,85,84,6.4,1
S01617,21,84,74,76,8.8,1
S01618,18,74,91,71,9.0,1
S01619,19,86,61,50,5.0,1
S01620,19,65,53,86,5.1,1
S01621,21,42,45,44,1.7,0
S01622,18,84,69,85,7.0,1
S01623,19,100,89,69,8.4,1
S01624,18,69,74,79,3.2,1
S01625,18,71,52,95,4.8,1
S01626,18,88,88,62,8.5,1
S01627,22,100,72,70,8.9,1
S01628,18,54,68,72,3.2,1
S01629,22,73,66,79,6.0,1
S01630,21,56,48,71,2.7,0
S01631,19,46,65,52,1.9,0
S01632,19,84,80,100,9.2,1
S01633,19,95,80,83,8.4,1
S01634,19,87,56,65,7.8,1
S01635,19,62,64,54,1.4,0
S01636,19,86,93,68,8.6,1
S01637,19,75,69,88,4.9,1
S01638,21,58,48,58,4.1,1
S01639,18,71,86,79,5.9,1
S01640,20,59,48,53,1.8,0
S01641,22,84,76,72,7.8,1
S01642,20,78,99,51,6.2,1
S01643,20,59,52,69,2.7,0
S01644,18,57,68,77,2.7,0
S01645,18,92,66,50,2.7,0
S01646,18,65,59,39,1.5,0
S01647,19,79,78,84,6.3,1
S01648,21,82,88,62,8.6,1
S01649,19,50,56,71,1.2,0
S01650,21,54,53,46,1.4,0
S01651,21,78,91,60,6.2,1
S01652,20,65,69,84,8.4,1
S01653,20,50,76,53,3.9,1
S01654,21,60,74,58,4.1,1
S01655,21,78,83,79,6.4,1
S01656,19,62,75,35,3.5,1
S01657,19,70,52,76,1.2,0
S01658,20,66,59,79,7.6,1
S01659,18,69,75,60,6.6,1
S01660,21,90,63,61,6.2,1
S01661,19,82,72,91,7.7,1
S01662,20,87,64,84,7.1,1
S01663,19,82,55,79,2.9,0
S01664,21,60,59,59,4.2,1
S01665,21,57,31,63,2.1,0
S01666,22,56,65,65,2.2,0
S01667,18,59,100,85,7.1,1
S01668,22,82,91,96,8.7,1
S01669,20,98,87,77,9.7,1
S01670,19,82,76,74,6.7,1
S01671,20,67,55,54,2.7,0
S01672,21,54,57,58,2.0,0
S01673,22,77,82,89,8.3,1
S01674,22,87,65,54,6.2,1
S01675,22,71,94,88,6.6,1
S01676,20,85,65,66,8.0,1
S01677,21,81,87,74,7.3,1
S01678,19,99,83,97,8.5,1
S01679,19,66,75,61,1.5,0
S01680,20,68,84,83,7.7,1
S01681,22,73,81,68,8.7,1
S01682,18,70,60,52,3.6,1
S01683,20,77,77,87,6.8,1
S01684,20,61,51,58,3.8,1
S01685,21,99,80,80,9.6,1
S01686,19,57,34,68,1.3,0
S01687,20,75,64,61,6.2,1
S01688,20,68,60,64,2.5,0
S01689,22,76,82,78,7.4,1
S01690,22,76,37,61,2.6,0
S01691,18,55,60,57,3.1,1
S01692,21,78,77,64,5.4,1
S01693,18,100,85,71,9.2,1
S01694,22,48,53,68,2.9,0
S01695,19,56,53,52,2.3,0
S01696,22,93,75,91,7.8,1
S01697,21,84,64,69,5.5,1
S01698,22,85,89,71,9.2,1
S01699,21,52,83,57,2.3,0
S01700,21,87,68,71,6.8,1
S01701,21,74,58,75,3.1,1
S01702,21,48,58,56,2.4,0
S01703,21,67,71,74,7.2,1
S01704,19,77,87,91,6.3,1
S01705,18,87,55,85,7.8,1
S01706,20,62,58,85,3.8,1
S01707,18,77,78,85,5.0,1
S01708,21,61,64,57,4.6,1
S01709,19,68,81,99,9.9,1
S01710,22,60,68,83,3.6,1
S01711,19,65,74,83,3.7,1
S01712,21,64,68,79,4.2,1
S01713,19,63,65,85,6.1,1
S01714,19,45,67,60,3.3,1
S01715,21,82,82,74,9.2,1
S01716,19,73,70,60,3.4,1
S01717,20,99,100,64,9.1,1
S01718,20,69,27,75,1.9,0
S01719,19,69,78,73,6.9,1
S01720,22,75,68,100,9.2,1
S01721,21,65,85,46,2.5,0
S01722,20,95,84,99,9.7,1
S01723,22,74,78,64,5.1,1
S01724,19,68,88,70,9.5,1
S01725,22,70,69,96,7.1,1
S01726,18,65,53,78,3.7,1
S01727,20,66,77,64,2.7,0
S01728,19,72,74,65,3.7,1
S01729,21,59,77,64,1.8,0
S01730,19,63,58,62,2.3,0
S01731,21,58,59,49,1.9,0
S01732,19,76,65,64,4.8,1
S01733,22,86,79,100,8.2,1
S01734,22,60,46,92,2.3,0
S01735,22,56,58,78,2.2,0
S01736,18,78,68,82,6.8,1
S01737,21,66,65,58,2.8,0
S01738,22,60,58,49,1.9,0
S01739,18,64,62,52,2.5,0
S01740,21,100,100,78,9.3,1
S01741,19,86,83,100,8.4,1
S01742,18,60,74,88,4.2,1
S01743,20,86,100,85,6.9,1
S01744,18,60,87,61,5.8,1
S01745,18,68,91,88,7.1,1
S01746,21,82,74,74,7.1,1
S01747,19,82,79,50,6.7,1
S01748,20,51,48,67,3.4,1
S01749,22,52,59,47,1.4,0
S01750,22,64,72,60,5.1,1
S01751,18,81,86,80,9.0,1
S01752,21,84,85,67,6.1,1
S01753,21,91,70,81,8.5,1
S01754,22,89,100,86,9.9,1
S01755,20,55,68,38,2.5,0
S01756,19,65,77,95,7.2,1
S01757,20,93,76,65,7.1,1
S01758,19,95,94,75,9.8,1
S01759,22,83,100,83,9.9,1
S01760,19,86,79,76,7.2,1
S01761,21,62,63,81,3.2,1
S01762,18,80,83,84,8.2,1
S01763,18,62,76,66,2.0,0
S01764,22,75,78,83,8.0,1
S01765,21,83,86,87,9.2,1
S01766,20,69,83,71,4.4,1
S01767,21,72,78,52,6.7,1
S01768,18,76,81,66,4.9,1
S01769,18,88,59,83,4.9,1
S01770,21,58,62,100,3.8,1
S01771,21,65,98,65,7.9,1
S01772,18,68,80,90,9.4,1
S01773,20,86,86,78,9.5,1
S01774,22,54,62,86,2.6,0
S01775,22,88,74,67,8.9,1
S01776,21,82,75,86,7.6,1
S01777,22,47,63,47,3.3,1
S01778,18,38,55,54,1.6,0
S01779,18,67,76,63,3.4,1
S01780,21,88,100,97,9.2,1
S01781,21,73,67,63,6.7,1
S01782,21,63,81,86,7.5,1
S01783,20,68,69,64,3.3,1
S01784,22,93,96,82,7.5,1
S01785,21,58,61,68,1.3,0
S01786,19,59,70,52,4.4,1
S01787,19,77,83,85,6.6,1
S01788,18,46,65,53,2.3,0
S01789,22,94,73,95,8.4,1
S01790,21,63,63,67,3.1,1
S01791,19,60,93,74,6.9,1
S01792,22,65,65,61,4.6,1
S01793,18,80,76,84,6.4,1
S01794,20,55,54,74,2.0,0
S01795,22,52,28,50,1.2,0
S01796,22,75,87,71,9.2,1
S01797,20,69,66,72,3.4,1
S01798,22,77,78,64,8.4,1
S01799,18,68,77,71,10.0,1
S01800,18,58,50,49,2.9,0
S01801,20,73,71,59,3.4,1
S01802,21,74,99,60,7.0,1
S01803,19,100,100,63,9.7,1
S01804,21,91,72,71,9.2,1
S01805,22,75,81,79,5.5,1
S01806,19,82,75,65,8.2,1
S01807,20,58,51,56,2.2,0
S01808,20,87,84,100,9.8,1
S01809,19,86,97,85,9.7,1
S01810,18,65,69,65,2.5,0
S01811,19,55,62,54,3.7,1
S01812,22,47,55,85,1.9,0
S01813,18,52,67,57,3.4,1
S01814,20,100,89,78,8.3,1
S01815,19,73,79,83,4.4,1
S01816,21,60,41,56,1.8,0
S01817,21,56,65,67,4.1,1
S01818,22,95,77,83,9.8,1
S01819,21,76,76,72,6.7,1
S01820,19,71,65,73,4.7,1
S01821,19,50,58,67,2.5,0
S01822,21,91,81,79,9.9,1
S01823,19,79,67,72,8.4,1
S01824,22,56,40,57,3.5,1
S01825,18,64,53,41,1.6,0
S01826,22,41,50,38,1.5,0
S01827,22,64,49,63,2.1,0
S01828,19,82,89,85,6.2,1
S01829,18,79,78,95,9.4,1
S01830,19,64,87,43,5.5,1
S01831,20,82,100,79,8.6,1
S01832,19,73,48,56,5.0,1
S01833,19,78,80,80,7.4,1
S01834,19,85,76,74,7.6,1
S01835,18,78,27,68,2.6,0
S01836,19,62,50,67,4.3,1
S01837,18,60,85,53,6.7,1
S01838,21,65,77,46,1.6,0
S01839,20,84,76,67,4.3,1
S01840,18,77,76,73,5.8,1
S01841,21,79,90,70,10.0,1
S01842,18,70,89,52,5.3,1
S01843,18,72,100,82,8.3,1
S01844,20,76,62,52,4.9,1
S01845,22,69,60,61,8.2,1
S01846,22,73,52,69,6.4,1
S01847,18,76,100,78,9.0,1
S01848,19,70,67,58,4.7,1
S01849,21,72,77,66,6.4,1
S01850,19,79,56,76,6.7,1
S01851,19,69,60,60,4.8,1
S01852,18,49,54,61,2.3,0
S01853,18,63,58,54,1.8,0
S01854,18,54,49,58,1.2,0
S01855,18,76,74,94,8.9,1
S01856,22,85,52,73,3.1,1
S01857,18,66,73,78,2.9,0
S01858,22,79,83,89,7.6,1
S01859,22,80,71,69,3.9,1
S01860,18,91,62,66,5.6,1
S01861,20,59,26,56,2.5,0
S01862,21,92,83,75,9.6,1
S01863,19,75,75,83,8.7,1
S01864,22,84,89,91,8.8,1
S01865,21,67,100,60,4.7,1
S01866,20,83,89,79,7.9,1
S01867,19,63,88,52,2.3,0
S01868,19,60,59,58,1.1,0
S01869,22,57,46,50,1.2,0
S01870,18,63,78,65,6.3,1
S01871,20,61,89,62,5.1,1
S01872,22,67,92,78,5.7,1
S01873,20,52,46,55,1.1,0
S01874,18,80,71,64,4.8,1
S01875,18,68,64,81,7.5,1
S01876,22,66,78,65,5.0,1
S01877,18,90,97,92,7.6,1
S01878,21,59,61,51,3.1,1
S01879,19,88,76,79,8.3,1
S01880,22,74,78,57,6.3,1
S01881,20,64,65,58,2.9,0
S01882,21,60,62,43,3.1,1
S01883,22,83,78,84,6.7,1
S01884,18,69,82,91,8.5,1
S01885,18,65,79,78,4.7,1
S01886,18,66,70,64,3.3,1
S01887,18,91,74,72,8.8,1
S01888,20,93,66,67,7.0,1
S01889,21,66,66,88,5.0,1
S01890,19,86,79,88,5.4,1
S01891,20,55,61,63,2.8,0
S01892,20,90,69,69,6.6,1
S01893,19,75,69,83,4.2,1
S01894,19,81,86,79,10.0,1
S01895,18,74,80,73,5.3,1
S01896,20,71,74,87,5.4,1
S01897,22,81,70,63,6.1,1
S01898,19,85,90,95,9.3,1
S01899,19,80,97,87,8.2,1
S01900,21,84,63,69,5.1,1
S01901,22,79,84,66,7.5,1
S01902,22,83,74,65,6.3,1
S01903,19,69,75,74,5.4,1
S01904,18,77,52,44,2.7,0
S01905,21,64,71,72,5.2,1
S01906,22,57,74,70,3.2,1
S01907,19,100,76,96,9.2,1
S01908,22,62,50,49,4.0,1
S01909,21,100,74,100,9.6,1
S01910,21,82,59,93,5.8,1
S01911,20,75,83,80,6.7,1
S01912,19,55,57,60,5.9,1
S01913,21,59,54,56,2.2,0
S01914,20,69,73,67,4.4,1
S01915,20,69,61,62,1.9,0
S01916,22,92,71,75,6.6,1
S01917,22,63,71,73,5.0,1
S01918,20,90,83,79,8.0,1
S01919,22,70,58,66,3.0,1
S01920,21,71,56,55,2.5,0
S01921,18,74,92,64,4.7,1
S01922,21,68,96,78,9.3,1
S01923,20,78,100,100,7.4,1
S01924,20,58,63,86,4.8,1
S01925,21,71,71,79,5.7,1
S01926,22,67,41,74,1.8,0
S01927,22,93,81,96,9.9,1
S01928,20,89,98,79,7.0,1
S01929,19,68,57,47,3.6,1
S01930,22,62,96,71,6.3,1
S01931,21,33,43,55,2.0,0
S01932,22,90,77,72,9.7,1
S01933,21,58,55,43,2.6,0
S01934,20,67,76,82,6.8,1
S01935,22,46,72,67,3.2,1
S01936,21,73,84,64,7.5,1
S01937,20,80,77,71,8.0,1
S01938,19,85,76,91,7.1,1
S01939,21,78,72,64,6.5,1
S01940,19,100,76,86,9.0,1
S01941,19,46,45,56,1.7,0
S01942,18,75,76,72,4.0,1
S01943,22,63,41,53,3.2,1
S01944,21,97,100,88,9.9,1
S01945,19,64,63,70,4.5,1
S01946,18,91,71,81,7.6,1
S01947,20,82,86,78,7.2,1
S01948,21,55,77,66,2.9,0
S01949,19,63,74,90,3.2,1
S01950,22,62,68,95,3.5,1
S01951,18,74,80,61,4.7,1
S01952,19,51,42,35,3.1,0
S01953,22,55,47,63,1.2,0
S01954,19,90,75,85,8.9,1
S01955,21,89,100,99,9.7,1
S01956,21,80,61,70,4.1,1
S01957,21,74,74,67,4.0,1
S01958,18,54,59,69,1.1,0
S01959,21,81,68,92,7.1,1
S01960,22,87,77,65,8.4,1
S01961,19,63,72,50,2.3,0
S01962,20,41,50,59,2.4,0
S01963,22,79,83,82,8.1,1
S01964,22,61,67,72,6.5,1
S01965,21,68,50,62,1.4,0
S01966,18,76,75,87,6.6,1
S01967,19,63,55,86,3.8,1
S01968,18,76,55,74,4.3,1
S01969,19,86,84,69,7.9,1
S01970,19,72,74,79,8.3,1
S01971,18,68,58,67,4.6,1
S01972,22,85,78,91,9.5,1
S01973,19,51,67,73,4.7,1
S01974,18,75,92,100,7.9,1
S01975,19,70,87,65,5.4,1
S01976,20,85,78,88,9.1,1
S01977,22,72,100,100,9.2,1
S01978,21,69,45,51,1.8,0
S01979,19,87,99,87,9.4,1
S01980,20,84,75,70,8.4,1
S01981,21,86,72,81,8.1,1
S01982,21,53,52,52,2.8,0
S01983,19,87,82,93,8.2,1
S01984,18,81,91,84,8.7,1
S01985,19,55,70,53,3.6,1
S01986,20,94,78,96,9.6,1
S01987,21,71,43,59,1.4,0
S01988,19,66,48,71,2.3,0
S01989,18,82,71,59,5.8,1
S01990,19,70,72,78,6.2,1
S01991,22,61,66,85,6.8,1
S01992,18,70,56,51,1.2,0
S01993,20,100,100,70,9.6,1
S01994,21,71,48,56,1.4,0
S01995,19,56,53,75,2.3,0
S01996,18,43,59,69,1.1,0
S01997,22,64,67,68,6.1,1
S01998,18,71,95,70,9.4,1
S01999,22,77,69,71,7.0,1
S02000,20,100,100,76,8.4,1
S02001,21,53,56,61,1.1,0
S02002,20,77,66,71,5.9,1
S02003,19,84,63,61,5.1,1
S02004,18,68,65,85,5.5,1
S02005,22,77,70,59,1.6,0
S02006,22,99,64,82,7.2,1
S02007,18,71,64,51,5.5,1
S02008,18,76,75,51,7.9,1
S02009,19,79,71,54,5.4,1
S02010,20,56,55,54,2.3,0
S02011,22,66,60,83,6.8,1
S02012,19,73,55,33,2.6,0
S02013,20,98,84,100,8.9,1
S02014,19,78,68,77,6.5,1
S02015,22,47,66,77,2.4,0
S02016,18,77,99,75,9.7,1
S02017,18,74,71,78,5.7,1
S02018,20,52,58,59,1.7,0
S02019,21,73,52,85,6.6,1
S02020,20,73,57,61,3.3,1
S02021,21,90,93,86,8.2,1
S02022,19,97,79,95,8.4,1
S02023,19,79,81,78,9.8,1
S02024,22,69,96,74,5.5,1
S02025,21,78,89,47,5.1,1
S02026,22,86,86,88,7.8,1
S02027,18,74,70,83,2.2,0
S02028,21,78,48,58,5.9,1
S02029,20,92,64,72,5.9,1
S02030,18,63,50,69,1.8,0
S02031,18,80,66,69,4.8,1
S02032,20,82,79,84,8.7,1
S02033,18,85,56,78,8.7,1
S02034,21,67,60,54,1.9,0
S02035,22,73,62,57,1.8,0
S02036,18,71,80,64,3.4,1
S02037,21,85,77,69,8.9,1
S02038,19,73,48,59,2.2,0
S02039,21,58,50,97,7.5,1
S02040,22,43,53,54,1.9,0
S02041,21,83,86,60,6.6,1
S02042,20,67,59,65,4.2,1
S02043,22,88,100,72,8.1,1
S02044,19,63,58,47,3.1,1
S02045,20,83,78,77,6.8,1
S02046,21,54,46,54,3.1,1
S02047,22,85,82,70,7.4,1
S02048,19,96,64,85,8.9,1
S02049,20,71,64,41,2.1,0
S02050,19,100,93,62,8.8,1
S02051,21,78,89,82,6.3,1
S02052,19,61,46,36,2.1,0
S02053,18,54,70,57,4.8,1
S02054,20,54,64,39,2.4,0
S02055,19,77,84,72,7.3,1
S02056,21,92,71,84,7.8,1
S02057,21,52,30,60,2.0,0
S02058,19,80,75,100,5.6,1
S02059,21,83,81,94,8.3,1
S02060,22,86,81,74,9.4,1
S02061,22,75,80,57,5.6,1
S02062,22,84,88,100,9.6,1
S02063,18,69,58,85,5.8,1
S02064,19,51,46,75,4.5,1
S02065,18,82,72,83,8.6,1
S02066,21,67,97,74,5.4,1
S02067,18,66,78,52,5.2,1
S02068,21,76,73,73,5.4,1
S02069,21,91,82,83,8.6,1
S02070,20,86,81,71,8.5,1
S02071,22,78,80,62,4.6,1
S02072,21,72,59,84,4.0,1
S02073,20,69,77,69,5.4,1
S02074,22,70,70,99,6.2,1
S02075,21,66,82,42,3.1,1
S02076,21,88,90,74,8.1,1
S02077,18,86,84,52,5.4,1
S02078,18,78,58,51,4.0,1
S02079,22,53,68,49,2.0,0
S02080,21,61,58,67,3.1,1
S02081,19,95,89,88,9.5,1
S02082,18,75,82,57,3.7,1
S02083,22,69,47,34,2.5,0
S02084,21,70,72,88,5.1,1
S02085,21,53,69,62,3.8,1
S02086,19,45,59,43,1.3,0
S02087,22,68,59,69,3.9,1
S02088,21,77,96,75,5.9,1
S02089,18,63,59,69,6.0,1
S02090,19,67,82,68,4.2,1
S02091,22,76,82,56,5.0,1
S02092,19,77,100,95,9.7,1
S02093,18,79,49,55,4.4,1
S02094,22,59,52,56,3.3,1
S02095,19,75,78,71,3.2,1
S02096,20,65,49,84,5.1,1
S02097,18,71,63,98,7.8,1
S02098,18,57,55,75,2.9,0
S02099,18,79,81,74,7.4,1
S02100,20,51,71,38,1.2,0
S02101,20,67,66,86,4.8,1
S02102,21,85,75,96,8.0,1
S02103,19,64,68,58,4.0,1
S02104,21,74,79,84,6.1,1
S02105,19,44,65,58,2.8,0
S02106,20,85,78,97,7.7,1
S02107,20,55,33,51,1.5,0
S02108,21,100,74,100,8.7,1
S02109,22,52,75,71,2.8,0
S02110,21,68,87,100,8.9,1
S02111,19,73,62,61,4.2,1
S02112,21,83,92,83,7.5,1
S02113,18,56,52,54,3.9,1
S02114,19,72,84,94,9.2,1
S02115,19,74,58,70,2.1,0
S02116,22,75,54,90,2.6,0
S02117,20,47,72,77,5.4,1
S02118,19,52,53,67,1.7,0
S02119,20,78,44,56,2.8,0
S02120,21,83,90,92,9.5,1
S02121,18,84,75,82,9.8,1
S02122,22,65,68,69,4.4,1
S02123,20,76,100,87,9.3,1
S02124,19,57,70,68,5.9,1
S02125,20,74,49,65,3.4,1
S02126,19,61,77,73,7.3,1
S02127,20,80,68,72,6.9,1
S02128,19,98,96,100,9.9,1
S02129,21,49,61,66,3.4,1
S02130,19,69,96,81,7.0,1
S02131,19,68,67,40,1.5,0
S02132,18,63,55,64,2.0,0
S02133,19,48,60,62,1.0,0
S02134,18,100,86,82,10.0,1
S02135,22,95,83,100,8.2,1
S02136,18,85,78,53,8.1,1
S02137,21,63,80,81,5.6,1
S02138,18,61,79,74,3.7,1
S02139,22,62,67,67,2.4,0
S02140,21,63,73,67,3.6,1
S02141,20,77,77,74,4.4,1
S02142,20,66,87,90,7.8,1
S02143,18,59,60,64,5.9,1
S02144,18,59,74,62,1.7,0
S02145,22,50,73,54,1.2,0
S02146,22,51,53,46,1.9,0
S02147,19,51,64,77,4.7,1
S02148,22,88,94,78,9.4,1
S02149,19,76,82,57,6.7,1
S02150,21,89,80,74,8.2,1
S02151,18,71,56,61,5.2,1
S02152,21,66,69,79,4.3,1
S02153,22,70,62,61,2.0,0
S02154,21,72,93,100,8.9,1
S02155,21,87,85,72,8.0,1
S02156,21,43,56,71,2.5,0
S02157,22,64,82,100,5.6,1
S02158,21,59,71,75,5.4,1
S02159,19,84,71,85,6.6,1
S02160,22,87,86,94,9.5,1
S02161,21,75,55,57,6.2,1
S02162,22,63,71,80,5.9,1
S02163,20,53,62,61,1.5,0
S02164,19,49,58,54,1.6,0
S02165,21,65,76,51,2.7,0
S02166,20,45,51,65,1.3,0
S02167,20,94,86,67,7.7,1
S02168,22,63,88,100,7.5,1
S02169,20,51,83,61,2.2,0
S02170,19,100,85,67,8.5,1
S02171,19,55,47,54,2.4,0
S02172,18,52,73,62,3.7,1
S02173,19,65,82,92,3.2,1
S02174,20,63,63,57,4.4,1
S02175,19,55,71,62,3.3,1
S02176,22,61,84,64,5.4,1
S02177,18,96,79,74,4.7,1
S02178,20,87,91,80,9.9,1
S02179,18,37,47,44,1.5,0
S02180,20,74,57,58,2.3,0
S02181,22,62,59,54,1.5,0
S02182,18,69,86,68,6.6,1
S02183,21,47,58,51,1.5,0
S02184,20,91,80,96,8.5,1
S02185,21,70,78,68,5.6,1
S02186,18,54,81,58,5.7,1
S02187,21,92,78,68,6.1,1
S02188,21,56,49,61,2.5,0
S02189,18,76,58,46,2.8,0
S02190,22,78,75,85,3.9,1
S02191,21,65,59,84,6.3,1
S02192,21,72,37,79,2.9,0
S02193,22,51,73,64,2.0,0
S02194,21,70,94,61,9.7,1
S02195,21,51,60,75,1.2,0
S02196,21,87,71,70,8.2,1
S02197,19,78,90,71,8.1,1
S02198,22,62,67,67,3.7,1
S02199,21,70,40,76,2.2,0
S02200,22,60,73,73,2.3,0
S02201,20,71,80,88,7.3,1
S02202,20,84,72,72,6.8,1
S02203,21,84,77,76,8.0,1
S02204,22,62,65,89,9.4,1
S02205,22,83,85,76,7.2,1
S02206,22,64,61,71,2.4,0
S02207,19,63,59,73,3.2,1
S02208,20,93,98,89,8.6,1
S02209,22,55,45,32,2.9,0
S02210,22,60,49,59,1.7,0
S02211,19,64,69,76,7.3,1
S02212,19,72,64,70,4.6,1
S02213,22,100,88,75,9.3,1
S02214,18,68,82,60,6.9,1
S02215,22,50,52,64,1.8,0
S02216,22,81,78,81,9.5,1
S02217,19,64,80,70,3.3,1
S02218,19,55,91,58,4.0,1
S02219,22,73,69,85,4.6,1
S02220,22,64,46,69,1.5,0
S02221,22,77,87,75,5.5,1
S02222,19,41,41,57,2.1,0
S02223,22,78,64,78,4.6,1
S02224,22,76,58,71,4.2,1
S02225,21,90,69,83,8.0,1
S02226,18,87,79,93,8.2,1
S02227,20,62,49,78,2.4,0
S02228,18,78,66,52,4.3,1
S02229,21,87,67,55,4.4,1
S02230,20,50,51,51,2.4,0
S02231,22,94,78,63,8.2,1
S02232,21,79,77,77,7.4,1
S02233,22,60,68,69,2.7,0
S02234,19,52,64,67,4.3,1
S02235,21,55,65,53,2.0,0
S02236,19,67,83,89,6.7,1
S02237,21,54,63,61,2.1,0
S02238,21,79,100,91,9.9,1
S02239,19,78,69,94,8.0,1
S02240,20,64,62,66,4.5,1
S02241,18,76,93,98,6.2,1
S02242,22,71,84,79,9.2,1
S02243,21,60,42,97,6.0,1
S02244,22,64,57,49,2.6,0
S02245,19,60,68,74,4.4,1
S02246,22,95,55,74,8.6,1
S02247,19,79,91,89,6.8,1
S02248,22,84,69,70,6.9,1
S02249,18,99,89,86,8.8,1
S02250,18,83,83,76,9.0,1
S02251,18,81,73,96,9.3,1
S02252,18,66,44,51,1.9,0
S02253,18,79,62,93,5.9,1
S02254,18,79,92,67,7.7,1
S02255,19,95,79,63,7.8,1
S02256,21,74,70,86,6.5,1
S02257,22,60,48,54,2.5,0
S02258,18,83,96,81,8.2,1
S02259,19,71,96,74,7.5,1
S02260,19,58,69,43,1.8,0
S02261,19,85,75,69,5.2,1
S02262,21,65,62,76,2.6,0
S02263,22,66,51,78,4.0,1
S02264,21,53,50,59,1.2,0
S02265,20,72,60,81,4.6,1
S02266,19,81,53,60,5.9,1
S02267,20,82,87,71,6.6,1
S02268,18,75,70,81,7.0,1
S02269,18,87,97,80,8.5,1
S02270,21,66,70,59,2.9,0
S02271,22,48,63,45,2.1,0
S02272,20,86,91,57,8.7,1
S02273,22,38,51,70,2.4,0
S02274,21,94,100,89,9.8,1
S02275,18,91,85,93,8.6,1
S02276,22,79,74,66,5.5,1
S02277,22,85,82,78,9.8,1
S02278,18,61,46,59,1.9,0
S02279,20,79,69,75,3.7,1
S02280,18,91,79,73,6.7,1
S02281,22,67,57,76,4.2,1
S02282,20,89,72,73,9.4,1
S02283,20,68,41,56,1.6,0
S02284,18,59,86,72,5.9,1
S02285,22,72,68,89,6.3,1
S02286,21,91,73,79,6.9,1
S02287,22,73,78,85,3.3,1
S02288,19,71,54,51,4.3,1
S02289,21,69,76,84,8.6,1
S02290,20,61,51,64,2.8,0
S02291,21,78,100,89,8.4,1
S02292,20,78,96,64,6.1,1
S02293,20,74,89,100,7.9,1
S02294,21,69,88,78,7.4,1
S02295,20,41,54,49,2.9,0
S02296,20,87,95,73,6.1,1
S02297,19,81,88,79,8.8,1
S02298,22,71,78,100,4.9,1
S02299,22,89,88,99,9.7,1
S02300,19,60,66,70,5.1,1
S02301,21,47,76,59,2.3,0
S02302,18,58,73,79,4.5,1
S02303,18,81,100,98,9.6,1
S02304,18,69,67,31,3.9,1
S02305,19,77,76,91,8.8,1
S02306,19,100,79,83,8.9,1
S02307,20,77,67,51,4.2,1
S02308,18,65,48,69,1.7,0
S02309,21,79,67,100,7.5,1
S02310,21,80,77,72,3.8,1
S02311,18,80,76,93,8.0,1
S02312,18,70,71,91,5.0,1
S02313,18,73,74,61,5.4,1
S02314,19,89,75,58,8.0,1
S02315,19,74,82,75,4.4,1
S02316,19,65,57,67,5.0,1
S02317,22,62,69,51,4.4,1
S02318,21,74,69,66,4.3,1
S02319,21,80,71,81,5.7,1
S02320,20,79,69,79,8.3,1
S02321,19,51,76,58,4.3,1
S02322,22,71,80,69,5.7,1
S02323,22,84,70,76,7.0,1
S02324,21,82,70,41,3.4,1
S02325,19,52,67,63,3.5,1
S02326,20,83,73,69,9.4,1
S02327,19,76,70,86,7.5,1
S02328,18,88,87,55,6.2,1
S02329,19,77,80,88,6.8,1
S02330,18,46,47,52,1.3,0
S02331,18,82,66,69,6.6,1
S02332,20,68,66,75,5.6,1
S02333,21,61,68,62,5.9,1
S02334,19,58,56,70,4.2,1
S02335,18,74,36,49,1.7,0
S02336,19,65,72,55,2.7,0
S02337,21,89,99,90,9.6,1
S02338,21,66,54,55,4.7,1
S02339,22,74,71,55,5.2,1
S02340,21,59,44,60,1.5,0
S02341,20,58,51,56,1.3,0
S02342,18,81,76,80,7.5,1
S02343,22,82,68,76,5.8,1
S02344,20,73,94,72,5.6,1
S02345,19,53,57,70,3.2,1
S02346,18,75,71,80,7.7,1
S02347,21,40,50,37,2.5,0
S02348,18,81,71,40,2.7,0
S02349,19,79,51,93,5.1,1
S02350,22,56,55,65,3.6,1
S02351,22,60,77,75,3.2,1
S02352,22,71,79,72,6.8,1
S02353,21,93,79,75,6.9,1
S02354,20,69,100,76,8.4,1
S02355,20,70,71,98,4.8,1
S02356,18,56,47,61,1.7,0
S02357,21,72,60,58,3.5,1
S02358,22,88,77,66,9.8,1
S02359,22,58,89,98,6.4,1
S02360,19,77,85,76,7.4,1
S02361,19,45,65,65,1.1,0
S02362,22,74,85,82,5.7,1
S02363,22,70,49,51,1.3,0
S02364,21,57,63,81,6.1,1
S02365,20,79,86,77,9.3,1
S02366,19,83,79,74,9.7,1
S02367,20,70,75,87,5.9,1
S02368,21,78,82,68,5.1,1
S02369,22,86,86,91,9.5,1
S02370,20,83,79,82,7.1,1
S02371,22,50,54,65,1.6,0
S02372,22,73,79,52,5.2,1
S02373,18,71,54,56,3.2,1
S02374,20,63,46,66,5.2,1
S02375,20,78,75,60,5.1,1
S02376,22,75,85,79,6.2,1
S02377,21,77,71,81,4.2,1
S02378,18,58,51,77,2.5,0
S02379,22,76,59,67,5.5,1
S02380,19,84,89,85,8.5,1
S02381,19,77,79,82,7.0,1
S02382,18,69,63,73,4.0,1
S02383,21,93,100,74,9.4,1
S02384,22,74,76,100,9.2,1
S02385,20,76,80,73,2.9,0
S02386,18,37,54,68,1.4,0
S02387,21,74,60,93,7.7,1
S02388,20,83,81,88,8.4,1
S02389,19,93,99,74,9.7,1
S02390,19,100,82,82,9.0,1
S02391,20,57,59,55,6.4,1
S02392,18,68,71,77,5.8,1
S02393,19,34,44,55,1.3,0
S02394,22,63,67,63,3.2,1
S02395,20,73,78,84,5.1,1
S02396,20,93,65,70,6.7,1
S02397,19,75,65,70,6.0,1
S02398,18,91,89,79,7.7,1
S02399,22,70,53,42,3.5,1
S02400,18,70,62,70,6.1,1
S02401,21,43,43,28,1.8,0
S02402,21,72,72,61,4.7,1
S02403,19,66,84,90,7.8,1
S02404,19,92,71,83,7.2,1
S02405,19,88,90,80,9.9,1
S02406,21,76,79,65,3.5,1
S02407,18,67,60,58,5.5,1
S02408,18,69,43,66,4.0,1
S02409,19,72,74,100,5.0,1
S02410,22,84,83,100,8.7,1
S02411,18,74,70,78,7.2,1
S02412,21,90,93,85,8.9,1
S02413,20,52,69,50,2.8,0
S02414,20,74,61,74,8.9,1
S02415,20,68,47,62,1.5,0
S02416,22,93,100,77,9.0,1
S02417,19,67,71,77,4.0,1
S02418,21,82,71,84,3.8,1
S02419,22,70,84,76,5.6,1
S02420,21,100,88,86,9.5,1
S02421,21,57,63,37,1.4,0
S02422,19,57,74,76,4.2,1
S02423,20,100,90,69,8.7,1
S02424,19,78,64,63,4.6,1
S02425,22,60,62,73,2.8,0
S02426,22,76,62,81,4.8,1
S02427,22,64,67,62,4.5,1
S02428,19,95,74,79,9.2,1
S02429,21,58,72,71,7.9,1
S02430,21,62,68,57,5.5,1
S02431,18,99,79,79,9.9,1
S02432,22,68,64,51,5.2,1
S02433,21,58,52,65,1.5,0
S02434,18,50,67,69,3.4,1
S02435,21,88,79,76,4.9,1
S02436,22,72,53,49,2.4,0
S02437,20,86,100,71,9.5,1
S02438,22,78,92,80,7.9,1
S02439,19,74,68,65,3.4,1
S02440,21,95,76,72,6.3,1
S02441,21,90,83,75,7.5,1
S02442,19,100,100,100,9.5,1
S02443,19,76,99,88,8.9,1
S02444,20,64,86,95,5.6,1
S02445,21,70,82,95,8.0,1
S02446,21,79,80,94,6.1,1
S02447,20,76,88,60,6.0,1
S02448,18,56,50,66,2.0,0
S02449,20,66,53,54,2.1,0
S02450,22,86,73,52,5.8,1
S02451,21,48,72,82,3.4,1
S02452,19,49,63,53,1.2,0
S02453,22,88,77,66,7.5,1
S02454,21,51,37,52,1.3,0
S02455,20,68,78,65,6.4,1
S02456,22,84,63,64,5.9,1
S02457,21,76,72,83,9.7,1
S02458,18,69,57,92,5.4,1
S02459,18,60,58,50,1.6,0
S02460,19,68,88,93,6.0,1
S02461,21,92,85,92,8.6,1
S02462,18,84,92,92,10.0,1
S02463,20,84,82,78,4.9,1
S02464,21,64,47,66,3.9,1
S02465,20,94,92,100,9.2,1
S02466,20,68,59,68,2.7,0
S02467,18,70,82,55,6.5,1
S02468,21,48,62,72,4.7,1
S02469,22,59,45,66,1.4,0
S02470,18,67,67,63,4.1,1
S02471,18,69,80,65,3.4,1
S02472,21,77,88,70,7.2,1
S02473,21,84,82,69,9.5,1
S02474,20,84,48,45,3.4,1
S02475,21,68,64,63,8.3,1
S02476,20,63,69,65,1.5,0
S02477,18,67,62,42,5.8,1
S02478,19,53,51,50,1.6,0
S02479,22,84,100,76,9.4,1
S02480,18,74,63,76,7.9,1
S02481,21,83,93,54,6.9,1
S02482,22,98,80,86,8.4,1
S02483,19,82,64,61,6.8,1
S02484,19,90,86,100,9.7,1
S02485,20,70,71,70,7.4,1
S02486,22,92,92,83,9.3,1
S02487,20,94,65,72,5.7,1
S02488,18,55,36,62,2.1,0
S02489,22,69,70,73,5.8,1
S02490,18,53,42,54,2.1,0
S02491,20,70,77,78,6.3,1
S02492,22,44,57,76,5.3,1
S02493,20,80,70,66,6.6,1
S02494,22,46,55,61,1.1,0
S02495,20,45,57,76,2.8,0
S02496,19,79,73,79,5.4,1
S02497,20,78,96,97,9.6,1
S02498,19,65,54,70,4.5,1
S02499,20,84,67,58,4.8,1
S02500,22,66,42,68,7.4,1
S02501,22,60,78,78,6.4,1
S02502,22,67,60,76,3.7,1
S02503,21,80,57,100,4.7,1
S02504,18,46,64,74,3.0,1
S02505,22,93,100,72,9.7,1
S02506,19,65,52,50,2.2,0
S02507,22,47,56,94,4.3,1
S02508,21,63,55,54,1.2,0
S02509,19,71,46,63,3.0,1
S02510,21,79,74,68,8.0,1
S02511,19,74,73,81,2.8,0
S02512,20,68,56,64,1.7,0
S02513,18,72,50,61,5.3,1
S02514,18,50,33,44,1.1,0
S02515,21,47,57,62,1.8,0
S02516,18,83,92,82,8.3,1
S02517,21,87,63,90,7.9,1
S02518,21,84,92,91,9.2,1
S02519,21,63,99,79,8.7,1
S02520,18,91,99,70,7.1,1
S02521,21,58,58,55,1.5,0
S02522,18,78,87,73,8.0,1
S02523,21,93,61,81,8.6,1
S02524,22,98,100,81,8.2,1
S02525,21,44,65,61,5.6,1
S02526,19,67,51,70,3.1,1
S02527,21,70,81,78,8.6,1
S02528,20,85,96,68,7.5,1
S02529,21,90,100,82,9.8,1
S02530,19,66,59,63,2.4,0
S02531,19,57,72,63,3.0,1
S02532,18,43,61,67,2.9,0
S02533,22,78,71,91,8.1,1
S02534,21,65,76,77,2.7,0
S02535,18,67,48,61,1.6,0
S02536,22,78,100,74,10.0,1
S02537,21,65,67,53,1.2,0
S02538,20,78,90,70,8.5,1
S02539,21,71,86,87,4.3,1
S02540,19,79,100,100,8.6,1
S02541,19,76,71,81,6.0,1
S02542,20,95,77,94,9.1,1
S02543,18,75,67,88,9.3,1
S02544,22,48,77,60,1.1,0
S02545,21,59,50,39,1.7,0
S02546,19,87,74,63,3.3,1
S02547,18,69,69,66,7.0,1
S02548,20,100,100,87,9.0,1
S02549,19,90,62,69,5.1,1
S02550,20,75,62,98,6.5,1
S02551,21,58,57,72,2.7,0
S02552,22,76,77,84,8.2,1
S02553,19,88,95,83,9.7,1
S02554,19,50,62,84,3.4,1
S02555,21,71,78,71,5.5,1
S02556,18,72,52,62,1.8,0
S02557,22,68,66,74,6.0,1
S02558,19,70,65,66,5.5,1
S02559,22,42,80,60,2.3,0
S02560,19,74,71,46,5.0,1
S02561,22,69,43,47,4.0,1
S02562,20,73,66,76,5.7,1
S02563,19,73,76,93,6.3,1
S02564,22,51,73,60,1.1,0
S02565,18,86,92,71,7.8,1
S02566,20,79,69,61,7.4,1
S02567,20,70,93,76,4.3,1
S02568,18,58,54,50,1.5,0
S02569,22,92,94,87,7.8,1
S02570,21,95,76,90,9.6,1
S02571,18,65,35,69,3.2,1
S02572,22,81,49,66,3.9,1
S02573,18,65,24,66,2.7,0
S02574,18,88,97,72,6.2,1
S02575,19,66,60,53,2.4,0
S02576,22,48,55,55,4.2,1
S02577,21,92,84,49,7.3,1
S02578,19,75,75,71,6.0,1
S02579,18,67,74,86,4.5,1
S02580,18,72,81,78,4.8,1
S02581,18,71,70,76,6.1,1
S02582,22,57,43,47,1.1,0
S02583,22,51,64,70,1.7,0
S02584,19,98,94,82,8.9,1
S02585,21,56,56,77,1.7,0
S02586,19,76,100,66,7.4,1
S02587,20,78,82,76,9.3,1
S02588,18,66,52,54,3.4,1
S02589,18,69,71,49,4.3,1
S02590,18,78,66,62,6.1,1
S02591,19,75,91,84,8.9,1
S02592,19,72,79,77,9.5,1
S02593,18,87,76,33,7.7,1
S02594,19,72,76,71,1.8,0
S02595,22,68,73,56,7.0,1
S02596,22,85,59,76,4.7,1
S02597,19,74,83,71,5.2,1
S02598,18,56,42,82,1.4,0
S02599,19,57,52,73,2.7,0
S02600,19,69,88,74,8.1,1
S02601,19,80,80,61,5.1,1
S02602,20,57,77,83,3.7,1
S02603,22,60,59,50,4.5,1
S02604,21,95,91,85,8.7,1
S02605,21,62,75,77,7.7,1
S02606,20,49,56,60,3.5,1
S02607,19,58,70,64,2.1,0
S02608,20,66,56,66,3.3,1
S02609,20,92,90,90,9.3,1
S02610,18,72,76,75,6.2,1
S02611,22,99,61,77,5.8,1
S02612,21,73,86,76,6.4,1
S02613,19,65,72,59,4.3,1
S02614,21,75,61,81,8.3,1
S02615,21,74,75,63,5.7,1
S02616,22,65,48,50,2.1,0
S02617,21,71,69,56,2.2,0
S02618,21,58,56,71,5.8,1
S02619,20,85,84,85,9.4,1
S02620,22,70,68,76,3.8,1
S02621,18,91,86,77,8.8,1
S02622,19,82,90,82,7.9,1
S02623,21,68,45,65,3.2,1
S02624,19,47,72,49,1.3,0
S02625,18,73,62,60,1.9,0
S02626,19,90,95,91,7.6,1
S02627,18,48,69,64,2.8,0
S02628,20,56,66,70,4.3,1
S02629,21,62,57,63,5.5,1
S02630,18,87,73,100,7.5,1
S02631,19,45,74,51,2.0,0
S02632,21,65,83,48,4.7,1
S02633,20,76,64,81,5.4,1
S02634,21,73,42,71,5.9,1
S02635,18,86,81,78,8.4,1
S02636,20,49,55,54,2.5,0
S02637,19,89,80,100,8.3,1
S02638,20,73,84,81,7.2,1
S02639,20,71,83,80,6.0,1
S02640,22,82,90,80,7.3,1
S02641,20,70,73,72,4.7,1
S02642,20,59,37,76,2.2,0
S02643,21,70,74,73,7.0,1
S02644,19,70,97,54,5.7,1
S02645,21,77,81,86,6.8,1
S02646,21,52,69,72,4.0,1
S02647,18,82,91,85,9.2,1
S02648,21,79,79,80,6.3,1
S02649,22,44,29,54,1.8,0
S02650,22,82,66,70,5.0,1
S02651,18,94,80,78,7.8,1
S02652,19,70,96,73,8.1,1
S02653,19,86,72,86,5.5,1
S02654,21,85,68,67,9.1,1
S02655,21,68,67,92,3.4,1
S02656,21,64,59,79,4.7,1
S02657,19,96,73,63,9.1,1
S02658,20,90,77,81,9.1,1
S02659,22,71,84,75,7.2,1
S02660,20,73,98,87,8.7,1
S02661,20,43,61,46,1.8,0
S02662,19,87,92,83,8.8,1
S02663,20,71,70,64,3.9,1
S02664,18,67,60,52,2.6,0
S02665,21,62,69,53,3.2,1
S02666,18,58,42,80,4.8,1
S02667,22,56,63,43,3.3,1
S02668,21,77,53,71,3.9,1
S02669,20,54,70,69,2.2,0
S02670,22,66,62,62,3.7,1
S02671,21,64,74,74,6.2,1
S02672,20,73,52,83,5.0,1
S02673,18,62,76,58,4.1,1
S02674,21,91,87,72,7.7,1
S02675,20,94,92,78,9.0,1
S02676,18,76,72,93,7.8,1
S02677,22,65,56,82,4.0,1
S02678,22,75,83,62,7.7,1
S02679,22,45,50,72,2.4,0
S02680,22,50,62,70,2.2,0
S02681,19,68,41,85,4.1,1
S02682,21,86,77,86,8.3,1
S02683,21,64,81,63,3.2,1
S02684,19,53,60,71,1.6,0
S02685,20,68,59,68,2.2,0
S02686,20,85,100,100,8.7,1
S02687,22,84,50,87,6.7,1
S02688,18,45,53,65,3.3,1
S02689,20,35,69,59,6.0,1
S02690,18,76,81,65,5.7,1
S02691,21,63,87,59,6.9,1
S02692,18,60,51,60,3.1,1
S02693,21,82,96,94,8.8,1
S02694,19,81,60,65,3.8,1
S02695,19,83,92,89,7.2,1
S02696,22,56,41,60,1.1,0
S02697,20,76,65,63,4.4,1
S02698,22,70,60,68,4.2,1
S02699,21,69,84,78,5.9,1
S02700,22,68,49,60,1.7,0
S02701,18,71,82,82,8.1,1
S02702,21,65,66,53,3.0,1
S02703,19,63,84,72,7.1,1
S02704,20,85,92,100,8.2,1
S02705,21,76,76,88,6.1,1
S02706,21,98,76,61,7.7,1
S02707,18,62,74,48,7.0,1
S02708,20,61,66,68,4.2,1
S02709,19,91,86,92,8.3,1
S02710,21,68,62,59,3.7,1
S02711,21,76,74,86,6.1,1
S02712,18,71,64,80,7.7,1
S02713,22,62,74,65,4.4,1
S02714,19,77,66,74,3.7,1
S02715,20,70,80,63,5.1,1
S02716,21,87,83,78,8.4,1
S02717,21,86,68,93,9.4,1
S02718,19,62,69,72,5.9,1
S02719,22,87,75,99,7.0,1
S02720,21,91,94,92,9.1,1
S02721,19,81,33,66,1.9,0
S02722,18,52,61,62,3.1,1
S02723,22,88,85,88,7.4,1
S02724,20,70,76,78,8.4,1
S02725,21,86,85,86,8.7,1
S02726,19,79,61,57,4.7,1
S02727,18,36,48,71,1.8,0
S02728,20,68,64,73,4.9,1
S02729,19,57,53,87,3.1,1
S02730,19,57,71,93,3.6,1
S02731,20,86,74,89,8.0,1
S02732,18,68,45,59,1.7,0
S02733,18,82,100,70,8.4,1
S02734,22,71,79,80,4.8,1
S02735,21,77,54,77,6.4,1
S02736,20,57,47,65,1.8,0
S02737,20,55,67,87,4.0,1
S02738,20,68,59,48,1.8,0
S02739,18,92,72,75,9.7,1
S02740,21,87,96,78,8.3,1
S02741,22,62,78,80,5.1,1
S02742,19,57,66,69,3.0,1
S02743,19,86,100,74,9.4,1
S02744,20,51,70,75,4.1,1
S02745,21,43,63,46,2.4,0
S02746,18,68,91,63,6.1,1
S02747,21,93,100,84,9.5,1
S02748,21,47,43,49,1.0,0
S02749,18,52,68,74,3.1,1
S02750,20,79,80,88,9.4,1
S02751,21,55,64,82,2.5,0
S02752,19,54,62,56,2.0,0
S02753,18,96,58,72,6.1,1
S02754,22,96,84,97,8.8,1
S02755,20,81,73,69,5.3,1
S02756,18,100,85,100,10.0,1
S02757,22,68,81,83,7.1,1
S02758,22,45,64,30,1.7,0
S02759,21,79,89,100,9.9,1
S02760,21,82,70,79,4.7,1
S02761,21,59,78,76,3.6,1
S02762,18,61,78,50,6.0,1
S02763,18,60,66,57,3.7,1
S02764,20,55,45,51,1.8,0
S02765,21,57,60,45,1.0,0
S02766,22,73,73,90,5.0,1
S02767,19,76,98,82,8.5,1
S02768,20,82,75,73,6.2,1
S02769,18,84,70,94,10.0,1
S02770,20,63,44,71,3.6,1
S02771,20,71,71,24,3.5,1
S02772,20,53,52,53,2.4,0
S02773,20,54,63,44,2.5,0
S02774,19,70,64,69,3.6,1
S02775,21,74,80,77,8.1,1
S02776,22,83,86,84,9.2,1
S02777,20,95,80,61,9.8,1
S02778,20,83,61,59,3.1,1
S02779,20,92,79,97,8.9,1
S02780,21,71,61,83,4.0,1
S02781,18,63,53,68,2.0,0
S02782,18,74,82,67,8.8,1
S02783,19,78,86,91,6.7,1
S02784,18,60,57,69,2.5,0
S02785,20,73,80,68,4.9,1
S02786,20,66,80,40,3.6,1
S02787,20,84,89,90,7.6,1
S02788,19,67,75,63,5.1,1
S02789,20,90,93,91,9.9,1
S02790,18,44,64,58,1.5,0
S02791,21,64,67,85,4.2,1
S02792,21,85,81,69,5.3,1
S02793,22,75,78,71,5.5,1
S02794,18,65,60,84,3.8,1
S02795,20,99,90,71,7.6,1
S02796,21,72,86,93,8.9,1
S02797,18,77,86,83,9.4,1
S02798,21,100,77,69,8.2,1
S02799,20,85,86,82,8.7,1
S02800,21,72,84,81,6.0,1
S02801,22,72,93,98,8.4,1
S02802,22,69,67,83,3.7,1
S02803,21,74,74,65,4.6,1
S02804,18,55,78,54,3.9,1
S02805,18,69,68,66,5.2,1
S02806,18,61,51,50,3.6,1
S02807,21,91,100,83,9.7,1
S02808,18,54,58,61,3.8,1
S02809,20,70,48,67,1.9,0
S02810,22,82,52,45,5.7,1
S02811,20,52,61,48,1.5,0
S02812,18,56,39,50,2.0,0
S02813,20,61,52,77,3.0,1
S02814,18,63,76,57,5.2,1
S02815,21,65,77,72,4.9,1
S02816,20,80,75,79,8.2,1
S02817,21,97,79,91,7.7,1
S02818,21,79,59,76,4.8,1
S02819,19,75,59,67,4.0,1
S02820,18,69,67,59,3.8,1
S02821,22,71,76,58,8.0,1
S02822,18,56,52,60,1.5,0
S02823,22,64,37,62,1.1,0
S02824,18,70,95,62,8.2,1
S02825,21,78,76,56,5.3,1
S02826,20,82,66,63,2.2,0
S02827,20,73,75,67,3.1,1
S02828,19,100,78,73,9.4,1
S02829,22,87,81,76,8.7,1
S02830,22,89,58,56,7.4,1
S02831,22,64,100,87,5.3,1
S02832,21,81,70,56,5.7,1
S02833,22,96,100,93,9.8,1
S02834,20,92,75,86,9.7,1
S02835,21,75,71,78,2.9,0
S02836,18,78,100,72,8.3,1
S02837,22,59,59,63,2.8,0
S02838,22,63,49,42,2.9,0
S02839,18,68,76,54,7.1,1
S02840,22,71,43,75,4.6,1
S02841,18,70,87,63,9.4,1
S02842,21,68,65,56,1.8,0
S02843,20,73,71,84,5.6,1
S02844,18,82,84,94,9.3,1
S02845,19,78,92,76,9.1,1
S02846,18,57,65,41,2.4,0
S02847,22,74,48,73,4.3,1
S02848,21,82,77,91,6.6,1
S02849,21,53,85,52,2.4,0
S02850,18,80,74,76,9.7,1
S02851,20,93,86,78,9.2,1
S02852,19,53,80,68,2.5,0
S02853,21,59,69,74,2.1,0
S02854,22,58,50,43,1.8,0
S02855,22,90,89,66,9.2,1
S02856,20,69,59,90,2.7,0
S02857,21,56,60,66,4.7,1
S02858,18,51,68,73,5.0,1
S02859,22,70,72,66,6.4,1
S02860,20,74,56,63,1.6,0
S02861,21,82,52,74,3.0,1
S02862,21,100,73,88,9.4,1
S02863,21,85,86,100,9.2,1
S02864,21,64,100,76,8.0,1
S02865,21,31,54,53,1.2,0
S02866,22,59,61,68,3.9,1
S02867,20,75,84,81,6.7,1
S02868,21,77,61,67,3.5,1
S02869,19,95,100,69,9.2,1
S02870,19,79,76,79,6.7,1
S02871,20,48,62,53,1.6,0
S02872,18,77,78,77,9.2,1
S02873,18,91,94,86,9.6,1
S02874,18,64,58,46,1.7,0
S02875,19,77,72,59,5.8,1
S02876,18,54,58,34,3.7,0
S02877,22,75,60,89,4.5,1
S02878,21,65,62,68,2.6,0
S02879,19,64,81,72,6.2,1
S02880,20,81,87,78,9.6,1
S02881,20,79,74,37,5.5,1
S02882,21,54,55,49,1.7,0
S02883,19,92,77,84,6.6,1
S02884,18,71,63,78,4.1,1
S02885,18,80,85,90,8.7,1
S02886,22,69,98,71,4.9,1
S02887,22,61,63,77,2.7,0
S02888,18,54,66,58,2.7,0
S02889,20,72,86,93,7.9,1
S02890,20,71,59,59,3.4,1
S02891,22,90,95,69,7.9,1
S02892,21,68,57,50,2.9,0
S02893,18,81,76,53,3.9,1
S02894,22,65,66,78,5.2,1
S02895,22,100,77,76,9.5,1
S02896,18,79,91,73,9.4,1
S02897,18,51,48,71,2.9,0
S02898,20,49,72,71,4.2,1
S02899,21,55,45,72,2.3,0
S02900,21,67,68,78,5.6,1
S02901,18,76,54,61,5.1,1
S02902,19,89,100,85,9.1,1
S02903,22,76,69,86,9.4,1
S02904,22,64,67,57,4.5,1
S02905,18,68,83,58,5.4,1
S02906,19,69,98,76,9.1,1
S02907,20,73,92,100,8.3,1
S02908,18,46,49,51,1.0,0
S02909,18,80,79,80,3.9,1
S02910,22,71,78,63,4.8,1
S02911,18,69,63,74,3.1,1
S02912,18,46,62,73,2.8,0
S02913,18,67,50,68,1.3,0
S02914,22,90,67,80,6.8,1
S02915,20,44,76,80,3.4,1
S02916,20,49,69,62,1.5,0
S02917,18,67,51,83,3.1,1
S02918,22,89,81,61,8.2,1
S02919,20,78,83,87,8.7,1
S02920,20,68,70,74,5.3,1
S02921,20,63,68,57,4.7,1
S02922,22,90,100,93,9.8,1
S02923,22,73,52,44,2.8,0
S02924,18,54,51,54,2.9,0
S02925,21,74,77,41,3.6,1
S02926,20,53,54,80,2.6,0
S02927,21,59,53,65,4.4,1
S02928,22,95,81,100,9.2,1
S02929,22,85,72,84,6.5,1
S02930,22,77,85,74,4.7,1
S02931,21,74,98,78,9.4,1
S02932,22,51,67,44,1.4,0
S02933,18,70,69,68,2.9,0
S02934,22,75,84,72,6.1,1
S02935,19,65,68,59,6.5,1
S02936,21,60,52,39,1.4,0
S02937,19,61,56,57,4.6,1
S02938,22,95,74,98,6.8,1
S02939,18,95,86,100,7.3,1
S02940,20,83,78,78,6.7,1
S02941,22,79,79,67,3.9,1
S02942,18,58,43,54,1.8,0
S02943,21,77,74,58,4.8,1
S02944,19,74,44,76,2.2,0
S02945,19,90,89,100,9.5,1
S02946,19,69,78,60,5.3,1
S02947,21,49,62,65,3.9,1
S02948,18,81,87,74,7.9,1
S02949,21,80,61,66,5.5,1
S02950,19,75,46,80,3.8,1
S02951,22,88,89,65,8.3,1
S02952,20,80,100,88,8.8,1
S02953,21,59,67,86,7.1,1
S02954,21,51,67,55,1.4,0
S02955,18,71,74,84,6.1,1
S02956,18,78,66,81,7.9,1
S02957,21,65,45,74,2.2,0
S02958,19,82,61,45,3.1,1
S02959,20,87,81,79,8.9,1
S02960,18,53,39,55,1.2,0
S02961,19,79,62,47,7.8,1
S02962,22,72,61,58,5.3,1
S02963,18,62,71,60,5.0,1
S02964,19,56,53,67,1.1,0
S02965,19,88,78,73,8.4,1
S02966,20,69,68,57,4.2,1
S02967,20,78,84,82,5.9,1
S02968,22,83,82,57,7.1,1
S02969,19,61,77,53,7.3,1
S02970,19,95,99,81,9.6,1
S02971,20,66,62,55,5.8,1
S02972,18,57,65,51,4.6,1
S02973,18,77,86,92,9.6,1
S02974,21,82,63,86,6.8,1
S02975,20,63,59,74,3.7,1
S02976,21,42,34,73,2.1,0
S02977,20,89,100,97,8.6,1
S02978,22,53,56,42,4.3,1
S02979,19,79,94,82,6.9,1
S02980,22,73,70,64,5.2,1
S02981,20,70,66,53,2.8,0
S02982,19,93,70,81,6.4,1
S02983,18,42,57,36,1.5,0
S02984,18,68,75,47,4.7,1
S02985,21,71,80,80,5.9,1
S02986,20,74,77,75,4.9,1
S02987,20,83,76,81,7.7,1
S02988,18,80,78,71,8.5,1
S02989,22,77,64,89,7.9,1
S02990,19,44,59,65,1.3,0
S02991,22,71,71,62,2.7,0
S02992,22,78,90,58,5.8,1
S02993,18,97,91,80,9.4,1
S02994,18,81,75,92,8.5,1
S02995,18,78,65,98,8.6,1
S02996,21,54,75,61,3.7,1
S02997,22,73,49,66,4.9,1
S02998,20,60,66,68,5.2,1
S02999,19,78,56,64,2.4,0
S03000,21,42,53,50,1.3,0
S03001,20,91,88,51,9.5,1
S03002,22,78,63,78,3.2,1
S03003,18,69,35,85,3.2,1
S03004,22,59,56,51,1.8,0
S03005,19,78,63,72,9.4,1
S03006,21,61,82,72,6.2,1
S03007,21,86,71,74,7.0,1
S03008,19,100,63,96,9.2,1
S03009,20,62,56,67,4.1,1
S03010,20,65,69,66,6.6,1
S03011,21,31,67,41,1.3,0
S03012,21,51,62,72,2.7,0
S03013,18,83,87,89,8.5,1
S03014,20,98,94,92,7.9,1
S03015,19,74,65,55,4.2,1
S03016,20,71,75,89,4.4,1
S03017,18,69,80,51,5.8,1
S03018,21,48,38,64,1.0,0
S03019,21,77,78,40,3.2,1
S03020,18,64,45,53,2.9,0
S03021,19,42,72,82,3.3,1
S03022,21,76,66,91,8.3,1
S03023,22,55,69,58,3.5,1
S03024,21,55,80,55,2.7,0
S03025,22,78,69,72,5.5,1
S03026,18,84,82,89,8.8,1
S03027,18,62,68,78,3.2,1
S03028,21,70,52,52,1.7,0
S03029,20,60,86,47,4.2,1
S03030,22,99,82,81,7.7,1
S03031,19,67,70,68,6.0,1
S03032,21,84,77,66,8.4,1
S03033,19,86,78,89,9.6,1
S03034,21,84,75,78,8.1,1
S03035,20,80,71,78,6.4,1
S03036,20,76,65,60,5.4,1
S03037,20,48,47,63,1.4,0
S03038,20,78,100,71,9.9,1
S03039,18,93,56,58,4.5,1
S03040,18,55,60,57,2.4,0
S03041,22,85,84,97,7.0,1
S03042,19,48,70,74,3.6,1
S03043,21,72,74,87,6.3,1
S03044,21,74,72,91,6.3,1
S03045,18,75,74,100,5.0,1
S03046,21,57,87,82,8.5,1
S03047,18,65,59,81,3.4,1
S03048,22,59,52,82,5.0,1
S03049,19,76,67,84,5.8,1
S03050,22,68,65,98,7.0,1
S03051,20,74,75,75,8.1,1
S03052,20,66,68,62,4.6,1
S03053,20,67,81,80,6.8,1
S03054,22,55,78,58,2.4,0
S03055,21,76,82,89,9.4,1
S03056,19,49,75,86,4.4,1
S03057,20,91,83,73,7.6,1
S03058,20,42,67,53,1.2,0
S03059,20,59,66,64,2.8,0
S03060,19,79,60,68,5.4,1
S03061,20,79,66,60,8.9,1
S03062,19,65,75,65,5.7,1
S03063,20,90,82,93,9.4,1
S03064,22,83,60,88,5.4,1
S03065,22,60,57,57,5.4,1
S03066,19,57,59,45,2.1,0
S03067,22,65,99,81,8.2,1
S03068,19,59,57,38,3.2,1
S03069,22,87,93,79,9.1,1
S03070,22,78,86,63,9.2,1
S03071,19,83,74,100,9.5,1
S03072,21,59,80,63,5.7,1
S03073,22,79,66,97,7.1,1
S03074,20,93,82,93,8.0,1
S03075,21,48,53,52,2.2,0
S03076,19,69,85,62,6.4,1
S03077,21,60,42,54,1.3,0
S03078,18,84,75,70,5.5,1
S03079,18,45,49,65,2.4,0
S03080,22,59,53,52,2.6,0
S03081,22,70,26,76,4.3,1
S03082,20,69,92,72,4.9,1
S03083,21,52,82,71,6.6,1
S03084,18,62,47,49,1.7,0
S03085,22,87,59,69,5.5,1
S03086,21,62,53,51,2.6,0
S03087,22,64,82,74,6.2,1
S03088,22,72,55,76,6.7,1
S03089,18,92,72,76,6.0,1
S03090,18,89,99,100,7.6,1
S03091,22,72,52,64,4.0,1
S03092,19,85,82,92,7.9,1
S03093,22,63,93,72,4.9,1
S03094,22,70,78,68,5.4,1
S03095,20,76,78,74,6.8,1
S03096,20,60,59,55,1.2,0
S03097,20,93,73,80,6.9,1
S03098,19,88,90,64,6.6,1
S03099,19,51,60,48,3.8,1
S03100,22,59,34,66,1.8,0
S03101,20,65,51,69,1.8,0
S03102,19,93,76,93,9.3,1
S03103,18,73,75,79,7.2,1
S03104,22,88,54,69,2.1,0
S03105,21,54,79,75,4.2,1
S03106,22,64,82,84,6.3,1
S03107,21,86,87,71,8.5,1
S03108,20,77,54,44,1.4,0
S03109,21,54,49,58,3.1,1
S03110,20,83,62,83,9.0,1
S03111,18,65,54,53,1.1,0
S03112,21,61,69,39,2.8,0
S03113,22,85,87,100,9.6,1
S03114,20,82,69,71,6.5,1
S03115,22,66,67,66,3.4,1
S03116,19,67,54,73,1.6,0
S03117,20,68,72,28,1.3,0
S03118,21,66,75,57,3.2,1
S03119,20,89,96,79,8.9,1
S03120,22,71,76,64,4.7,1
S03121,18,85,65,76,7.5,1
S03122,20,88,94,100,9.3,1
S03123,21,69,72,77,4.7,1
S03124,19,73,66,73,2.7,0
S03125,18,88,77,73,5.7,1
S03126,19,72,92,67,9.2,1
S03127,20,83,100,56,8.2,1
S03128,22,50,54,39,1.6,0
S03129,22,76,89,82,7.2,1
S03130,21,78,68,74,6.1,1
S03131,22,93,95,82,9.2,1
S03132,18,57,67,55,2.1,0
S03133,22,54,76,96,5.8,1
S03134,21,76,100,73,8.9,1
S03135,20,78,58,80,4.7,1
S03136,20,44,65,71,5.3,1
S03137,22,68,57,57,1.6,0
S03138,19,69,72,78,3.5,1
S03139,20,79,66,83,3.9,1
S03140,22,86,100,82,9.5,1
S03141,21,43,55,74,3.5,1
S03142,22,75,57,74,5.1,1
S03143,20,91,81,77,7.0,1
S03144,21,69,58,63,2.5,0
S03145,22,65,77,63,5.4,1
S03146,18,81,80,75,7.6,1
S03147,21,80,81,76,8.8,1
S03148,18,68,75,86,6.6,1
S03149,19,88,78,75,7.0,1
S03150,21,46,53,44,2.1,0
S03151,18,79,86,77,9.5,1
S03152,20,48,53,21,2.2,0
S03153,20,67,91,74,8.0,1
S03154,19,65,64,64,3.4,1
S03155,21,99,100,83,9.4,1
S03156,21,78,81,100,7.5,1
S03157,21,66,75,86,7.8,1
S03158,19,70,90,69,3.0,1
S03159,21,87,74,50,5.0,1
S03160,20,70,87,71,6.6,1
S03161,18,77,88,74,7.9,1
S03162,20,63,63,49,1.9,0
S03163,20,100,95,76,9.7,1
S03164,18,81,74,62,9.0,1
S03165,20,50,66,49,3.4,1
S03166,19,90,69,92,8.4,1
S03167,18,81,70,70,5.7,1
S03168,20,71,62,64,5.2,1
S03169,22,60,68,65,3.8,1
S03170,20,85,78,88,6.2,1
S03171,19,86,85,79,7.6,1
S03172,21,61,71,75,4.7,1
S03173,20,77,69,65,6.7,1
S03174,21,66,76,70,7.3,1
S03175,22,86,89,82,7.4,1
S03176,20,53,66,80,1.5,0
S03177,18,80,72,100,8.7,1
S03178,21,70,53,77,5.1,1
S03179,22,64,54,66,3.4,1
S03180,18,72,73,80,3.2,1
S03181,18,77,84,80,5.3,1
S03182,18,84,76,56,9.0,1
S03183,18,75,70,55,4.4,1
S03184,20,85,100,83,7.7,1
S03185,20,53,61,37,1.9,0
S03186,20,70,86,60,5.3,1
S03187,22,88,100,78,9.9,1
S03188,22,87,71,77,7.9,1
S03189,22,58,58,59,2.9,0
S03190,19,68,71,68,5.5,1
S03191,22,82,62,73,3.1,1
S03192,20,78,78,65,4.7,1
S03193,20,74,86,75,8.0,1
S03194,19,87,49,63,7.9,1
S03195,19,64,47,75,3.1,1
S03196,22,91,63,76,9.3,1
S03197,21,77,76,61,6.3,1
S03198,19,79,69,70,4.4,1
S03199,18,75,74,62,5.5,1
S03200,20,75,64,68,6.4,1
S03201,18,84,81,76,6.0,1
S03202,20,74,79,67,5.4,1
S03203,20,73,57,99,5.5,1
S03204,19,64,43,60,2.6,0
S03205,19,82,83,88,8.3,1
S03206,18,74,92,49,5.9,1
S03207,20,53,76,49,2.2,0
S03208,18,74,87,67,7.9,1
S03209,21,78,79,73,9.4,1
S03210,18,74,98,90,9.5,1
S03211,22,58,61,79,4.3,1
S03212,18,57,49,64,2.2,0
S03213,22,74,48,69,5.7,1
S03214,22,55,58,51,2.0,0
S03215,22,64,81,98,9.4,1
S03216,21,77,60,86,2.7,0
S03217,18,74,37,65,3.3,1
S03218,18,73,70,80,4.7,1
S03219,21,87,40,72,4.4,1
S03220,20,73,94,90,8.2,1
S03221,19,89,75,56,5.1,1
S03222,18,50,55,55,2.5,0
S03223,19,66,68,69,3.4,1
S03224,21,60,61,86,5.6,1
S03225,20,59,58,50,2.3,0
S03226,20,80,84,50,6.5,1
S03227,20,73,40,67,6.1,1
S03228,21,87,74,90,7.4,1
S03229,22,89,87,66,9.4,1
S03230,22,82,84,70,9.2,1
S03231,19,82,100,87,9.5,1
S03232,22,71,49,62,3.2,1
S03233,22,52,50,67,2.2,0
S03234,20,74,42,50,3.7,1
S03235,20,99,100,80,9.1,1
S03236,19,72,86,100,9.7,1
S03237,18,96,80,68,8.7,1
S03238,19,79,56,77,2.0,0
S03239,19,91,95,72,9.5,1
S03240,21,75,72,79,4.8,1
S03241,21,65,82,51,1.1,0
S03242,19,67,74,56,5.0,1
S03243,19,57,49,51,1.4,0
S03244,19,60,67,79,5.9,1
S03245,22,67,60,66,4.0,1
S03246,21,76,54,84,5.3,1
S03247,19,81,76,92,6.5,1
S03248,20,96,94,69,8.8,1
S03249,20,70,71,61,7.0,1
S03250,22,64,60,53,4.9,1
S03251,22,100,100,71,8.4,1
S03252,18,85,71,97,9.2,1
S03253,18,60,34,66,2.1,0
S03254,18,73,60,66,5.8,1
S03255,22,56,46,64,3.6,1
S03256,22,72,58,74,1.4,0
S03257,22,73,73,99,7.0,1
S03258,20,74,83,86,8.8,1
S03259,22,55,71,29,2.5,0
S03260,20,63,75,85,8.3,1
S03261,18,78,93,94,8.7,1
S03262,18,77,100,87,9.2,1
S03263,18,70,57,73,3.4,1
S03264,19,80,94,88,9.1,1
S03265,19,74,62,51,3.9,1
S03266,21,88,83,62,6.0,1
S03267,21,64,37,53,1.5,0
S03268,21,53,36,70,1.4,0
S03269,19,81,75,69,7.5,1
S03270,19,55,59,75,5.0,1
S03271,21,62,56,67,3.3,1
S03272,21,52,57,80,2.7,0
S03273,22,85,85,76,7.0,1
S03274,21,80,48,34,1.0,0
S03275,22,88,74,89,8.3,1
S03276,20,37,51,84,1.7,0
S03277,19,57,51,70,2.7,0
S03278,21,69,57,58,4.5,1
S03279,19,72,53,58,5.4,1
S03280,19,59,66,55,4.2,1
S03281,19,68,58,90,3.9,1
S03282,20,76,99,82,9.7,1
S03283,18,68,61,68,6.8,1
S03284,21,61,47,54,1.2,0
S03285,18,59,89,65,4.9,1
S03286,18,91,75,100,8.9,1
S03287,18,51,61,53,3.7,1
S03288,19,75,43,73,1.9,0
S03289,22,73,66,81,7.8,1
S03290,19,74,92,89,6.5,1
S03291,19,78,76,92,6.1,1
S03292,18,50,56,58,1.5,0
S03293,19,61,39,56,2.3,0
S03294,18,82,80,76,6.6,1
S03295,22,71,73,61,2.9,0
S03296,21,80,84,51,5.5,1
S03297,18,72,80,91,5.9,1
S03298,22,63,51,68,3.6,1
S03299,21,100,91,71,9.5,1
S03300,20,94,91,57,8.6,1
S03301,18,71,60,50,7.5,1
S03302,18,58,43,67,1.7,0
S03303,20,55,66,52,2.0,0
S03304,20,70,80,65,5.4,1
S03305,18,47,41,66,2.4,0
S03306,20,85,98,80,9.8,1
S03307,19,78,59,67,2.4,0
S03308,21,77,79,72,5.4,1
S03309,21,42,59,66,4.3,1
S03310,21,89,84,57,6.8,1
S03311,19,70,67,50,2.2,0
S03312,20,66,65,76,4.9,1
S03313,22,71,63,56,3.5,1
S03314,20,77,79,98,9.0,1
S03315,18,51,72,85,1.4,0
S03316,21,100,85,92,9.2,1
S03317,20,81,74,100,8.5,1
S03318,22,46,56,74,3.7,1
S03319,18,82,83,74,8.1,1
S03320,19,54,62,59,1.3,0
S03321,19,100,74,100,9.7,1
S03322,22,73,92,66,5.7,1
S03323,18,61,67,52,3.7,1
S03324,21,78,71,53,4.3,1
S03325,20,58,54,55,1.6,0
S03326,18,82,90,75,9.9,1
S03327,19,67,52,77,1.4,0
S03328,22,80,88,79,6.9,1
S03329,22,70,69,81,5.0,1
S03330,20,90,96,82,9.5,1
S03331,22,52,57,50,3.2,1
S03332,22,68,75,57,5.8,1
S03333,18,71,61,60,5.3,1
S03334,21,77,92,82,7.3,1
S03335,20,69,46,64,1.6,0
S03336,18,63,56,69,2.7,0
S03337,21,70,57,44,2.9,0
S03338,18,80,76,79,7.6,1
S03339,18,71,67,49,2.7,0
S03340,22,79,71,79,6.2,1
S03341,21,62,76,68,2.9,0
S03342,20,85,76,69,8.8,1
S03343,20,78,90,97,9.5,1
S03344,21,78,63,100,5.7,1
S03345,22,66,70,77,4.2,1
S03346,19,57,61,61,3.1,1
S03347,18,67,52,53,1.4,0
S03348,22,51,75,61,3.4,1
S03349,21,73,70,67,6.9,1
S03350,18,83,79,75,5.8,1
S03351,20,91,79,72,9.5,1
S03352,19,68,69,45,4.6,1
S03353,20,81,65,80,7.2,1
S03354,21,73,63,71,5.4,1
S03355,18,57,71,65,5.6,1
S03356,21,60,82,49,3.4,1
S03357,18,87,71,73,5.1,1
S03358,22,64,88,58,5.2,1
S03359,19,76,82,76,7.4,1
S03360,22,83,84,100,9.5,1
S03361,22,65,82,74,4.0,1
S03362,21,50,59,40,1.4,0
S03363,19,77,64,56,5.5,1
S03364,18,76,78,74,5.9,1
S03365,18,68,55,44,2.5,0
S03366,20,71,59,55,7.8,1
S03367,18,86,100,93,9.9,1
S03368,21,86,100,89,9.5,1
S03369,22,66,80,67,2.8,0
S03370,22,78,90,86,8.9,1
S03371,22,88,76,77,7.3,1
S03372,19,82,79,62,5.1,1
S03373,18,64,82,79,5.9,1
S03374,21,79,100,100,8.6,1
S03375,19,66,70,65,5.3,1
S03376,20,94,65,55,4.4,1
S03377,21,67,63,57,5.4,1
S03378,21,92,80,63,6.2,1
S03379,21,48,42,64,2.7,0
S03380,22,77,95,58,9.1,1
S03381,21,72,84,82,7.1,1
S03382,18,68,83,83,6.7,1
S03383,21,55,58,37,1.9,0
S03384,22,69,92,63,6.4,1
S03385,21,50,66,60,2.1,0
S03386,20,68,48,56,1.7,0
S03387,20,85,65,78,5.7,1
S03388,22,78,58,66,4.6,1
S03389,18,80,81,89,6.3,1
S03390,18,58,45,54,1.8,0
S03391,19,65,80,57,4.9,1
S03392,22,51,73,48,2.6,0
S03393,21,93,80,95,9.9,1
S03394,22,63,72,74,6.1,1
S03395,19,69,78,85,7.2,1
S03396,22,77,74,73,3.9,1
S03397,22,77,74,34,1.9,0
S03398,19,93,71,73,9.8,1
S03399,18,75,60,52,3.6,1
S03400,21,67,65,59,4.8,1
S03401,19,64,61,71,6.8,1
S03402,20,61,48,68,1.2,0
S03403,18,89,88,95,8.3,1
S03404,20,74,69,69,5.8,1
S03405,18,62,46,61,3.5,1
S03406,21,66,86,49,1.6,0
S03407,21,50,61,62,2.5,0
S03408,22,79,87,86,9.1,1
S03409,20,69,66,87,7.2,1
S03410,18,64,64,73,3.2,1
S03411,21,46,53,30,1.6,0
S03412,19,72,57,75,7.2,1
S03413,21,68,62,90,6.2,1
S03414,19,66,76,63,4.6,1
S03415,18,52,87,81,4.3,1
S03416,21,63,65,59,3.0,1
S03417,21,90,90,79,7.0,1
S03418,18,90,87,72,9.7,1
S03419,21,76,58,48,2.6,0
S03420,19,89,87,83,6.4,1
S03421,21,77,86,79,4.8,1
S03422,20,71,83,70,5.0,1
S03423,22,63,50,49,3.3,1
S03424,19,91,83,82,8.4,1
S03425,20,68,74,86,5.4,1
S03426,18,55,70,94,5.9,1
S03427,19,70,68,61,3.7,1
S03428,22,49,68,41,2.6,0
S03429,22,48,67,68,1.8,0
S03430,18,80,98,75,7.4,1
S03431,18,60,56,73,2.8,0
S03432,19,65,63,81,7.2,1
S03433,21,70,71,57,4.5,1
S03434,18,78,88,69,4.7,1
S03435,21,60,65,86,5.2,1
S03436,20,80,74,65,4.3,1
S03437,22,42,64,46,1.9,0
S03438,21,86,66,46,3.8,1
S03439,22,74,77,67,7.0,1
S03440,21,79,67,72,7.0,1
S03441,20,45,38,74,3.6,1
S03442,18,70,57,56,5.1,1
S03443,20,63,55,80,2.7,0
S03444,18,61,72,46,2.9,0
S03445,18,49,52,84,1.2,0
S03446,22,77,81,100,9.1,1
S03447,20,73,50,64,2.9,0
S03448,21,62,68,43,3.0,1
S03449,20,79,78,64,3.5,1
S03450,22,53,69,55,2.1,0
S03451,18,73,83,61,6.8,1
S03452,22,65,39,61,1.7,0
S03453,19,43,53,50,2.2,0
S03454,19,65,98,67,6.8,1
S03455,21,77,78,64,4.1,1
S03456,22,68,62,71,7.4,1
S03457,21,56,73,98,6.0,1
S03458,21,82,66,57,3.3,1
S03459,19,64,69,81,6.9,1
S03460,21,60,31,61,2.0,0
S03461,19,74,73,77,5.8,1
S03462,18,41,60,74,4.9,1
S03463,22,61,54,74,3.4,1
S03464,21,80,71,78,6.4,1
S03465,19,89,83,85,8.8,1
S03466,20,99,90,88,10.0,1
S03467,21,72,66,73,6.5,1
S03468,18,76,65,57,4.6,1
S03469,18,55,41,62,3.0,1
S03470,20,49,65,66,3.3,1
S03471,19,58,39,75,5.3,1
S03472,21,53,63,69,4.3,1
S03473,19,97,97,81,9.2,1
S03474,18,52,54,66,4.3,1
S03475,19,70,74,61,4.4,1
S03476,18,65,80,72,4.5,1
S03477,19,83,47,79,8.5,1
S03478,20,91,75,78,6.9,1
S03479,22,72,44,87,6.5,1
S03480,20,72,63,57,4.0,1
S03481,20,84,83,89,8.4,1
S03482,22,54,26,57,1.3,0
S03483,22,100,100,100,8.8,1
S03484,21,58,75,69,5.6,1
S03485,21,81,58,76,4.6,1
S03486,20,79,87,71,5.5,1
S03487,20,73,58,60,7.0,1
S03488,18,71,39,50,1.1,0
S03489,18,67,60,93,8.8,1
S03490,21,65,89,64,5.0,1
S03491,21,54,69,40,4.1,1
S03492,18,63,64,59,2.2,0
S03493,18,59,72,56,5.0,1
S03494,19,76,77,73,5.5,1
S03495,19,67,68,87,4.6,1
S03496,18,74,81,86,7.1,1
S03497,19,73,69,87,4.8,1
S03498,22,86,82,79,9.7,1
S03499,21,65,74,73,6.4,1
S03500,21,100,86,69,8.3,1
S03501,18,53,58,51,2.0,0
S03502,20,46,51,57,4.6,1
S03503,18,58,50,50,4.0,1
S03504,19,62,86,90,6.1,1
S03505,20,93,82,58,8.8,1
S03506,19,60,62,74,1.7,0
S03507,22,61,43,73,1.7,0
S03508,19,81,68,88,8.7,1
S03509,22,59,51,49,2.9,0
S03510,22,74,75,58,7.0,1
S03511,19,73,65,66,5.9,1
S03512,19,92,98,89,8.5,1
S03513,22,62,59,59,2.1,0
S03514,20,64,78,47,2.2,0
S03515,22,79,78,87,6.0,1
S03516,21,97,61,100,9.5,1
S03517,22,72,79,66,4.7,1
S03518,20,69,48,67,3.9,1
S03519,21,88,78,57,6.5,1
S03520,18,81,79,80,9.4,1
S03521,18,75,100,88,8.5,1
S03522,20,78,100,91,10.0,1
S03523,22,57,45,50,1.2,0
S03524,19,39,55,56,2.0,0
S03525,20,81,78,69,6.5,1
S03526,21,83,93,78,8.4,1
S03527,21,76,63,70,3.6,1
S03528,18,56,50,40,3.2,0
S03529,21,80,74,79,8.1,1
S03530,20,67,54,61,1.5,0
S03531,21,81,80,60,4.3,1
S03532,20,66,76,66,5.6,1
S03533,19,76,65,68,6.0,1
S03534,18,83,87,73,7.6,1
S03535,21,71,61,67,4.2,1
S03536,20,73,85,76,6.5,1
S03537,22,88,100,49,6.3,1
S03538,18,55,69,80,5.9,1
S03539,19,73,85,72,6.8,1
S03540,20,68,54,87,3.3,1
S03541,19,62,54,44,1.8,0
S03542,19,72,57,49,2.1,0
S03543,21,74,58,60,3.0,1
S03544,21,69,98,76,5.5,1
S03545,20,97,81,59,8.6,1
S03546,22,72,85,68,7.3,1
S03547,20,92,61,87,8.1,1
S03548,22,85,70,55,4.2,1
S03549,19,81,80,85,4.6,1
S03550,18,69,61,62,4.5,1
S03551,20,57,32,51,2.7,0
S03552,20,41,54,65,1.6,0
S03553,22,78,75,93,6.3,1
S03554,19,78,98,92,9.9,1
S03555,19,52,81,76,2.5,0
S03556,22,44,50,77,1.4,0
S03557,19,77,72,69,8.0,1
S03558,21,63,49,75,3.3,1
S03559,18,87,86,63,8.5,1
S03560,20,73,84,83,7.3,1
S03561,18,99,82,84,9.5,1
S03562,20,67,76,83,4.7,1
S03563,21,70,83,91,7.0,1
S03564,19,73,70,77,5.2,1
S03565,22,96,66,79,6.7,1
S03566,21,73,64,76,5.0,1
S03567,18,57,33,62,2.7,0
S03568,22,57,74,71,5.6,1
S03569,19,71,73,90,5.8,1
S03570,21,86,85,100,8.3,1
S03571,22,77,85,77,7.6,1
S03572,21,61,82,79,7.0,1
S03573,21,49,55,60,2.0,0
S03574,19,95,80,59,7.5,1
S03575,20,86,56,67,5.5,1
S03576,22,77,79,100,9.0,1
S03577,19,94,88,76,9.3,1
S03578,21,44,46,83,1.5,0
S03579,19,98,93,95,8.4,1
S03580,20,58,46,61,1.3,0
S03581,22,77,68,74,4.3,1
S03582,20,56,74,62,5.9,1
S03583,18,66,66,57,2.3,0
S03584,22,81,90,96,7.7,1
S03585,20,63,60,48,1.1,0
S03586,21,69,35,73,2.5,0
S03587,22,75,87,57,6.2,1
S03588,22,74,96,64,7.4,1
S03589,19,95,81,100,9.2,1
S03590,21,79,81,77,7.3,1
S03591,18,69,68,70,7.0,1
S03592,20,59,45,84,4.5,1
S03593,19,39,44,70,1.0,0
S03594,20,53,51,70,2.1,0
S03595,18,84,68,65,5.8,1
S03596,18,80,67,73,7.1,1
S03597,22,64,60,73,4.8,1
S03598,18,88,80,87,7.6,1
S03599,20,64,63,66,5.7,1
S03600,21,58,61,60,1.7,0
S03601,21,59,67,65,2.7,0
S03602,22,92,100,98,8.6,1
S03603,20,64,92,87,7.5,1
S03604,20,78,89,66,9.1,1
S03605,18,42,50,57,2.1,0
S03606,20,87,93,76,9.9,1
S03607,19,74,64,69,2.9,0
S03608,18,49,47,67,1.1,0
S03609,19,85,99,88,10.0,1
S03610,22,73,47,61,3.5,1
S03611,21,89,75,77,7.0,1
S03612,22,60,65,64,2.6,0
S03613,21,82,71,66,6.2,1
S03614,22,76,84,69,9.1,1
S03615,20,79,63,41,3.9,1
S03616,19,99,68,92,7.0,1
S03617,21,66,72,67,2.7,0
S03618,18,56,65,79,6.6,1
S03619,19,60,68,81,4.0,1
S03620,18,68,65,47,2.9,0
S03621,19,61,54,44,3.8,1
S03622,19,73,60,66,2.6,0
S03623,22,92,76,87,9.1,1
S03624,21,61,83,47,4.6,1
S03625,21,63,49,68,3.2,1
S03626,19,61,62,65,5.0,1
S03627,20,64,51,56,3.9,1
S03628,20,75,65,75,7.7,1
S03629,18,100,100,57,9.7,1
S03630,18,91,75,62,4.9,1
S03631,22,70,86,74,8.7,1
S03632,19,55,66,80,6.1,1
S03633,18,57,68,59,2.4,0
S03634,18,64,69,85,7.2,1
S03635,19,73,80,41,5.6,1
S03636,22,85,67,66,6.9,1
S03637,18,100,79,90,9.0,1
S03638,22,72,77,66,5.0,1
S03639,21,84,96,94,9.1,1
S03640,22,61,87,58,7.8,1
S03641,20,72,59,80,5.4,1
S03642,20,76,70,67,6.4,1
S03643,22,72,66,57,3.9,1
S03644,20,83,80,99,9.9,1
S03645,21,74,92,90,7.0,1
S03646,19,41,27,69,1.4,0
S03647,20,43,56,90,3.9,1
S03648,20,65,70,90,6.6,1
S03649,22,40,23,48,1.5,0
S03650,21,58,38,58,1.2,0
S03651,19,65,76,66,5.1,1
S03652,22,61,65,90,4.0,1
S03653,22,60,86,82,4.9,1
S03654,21,31,79,62,3.4,1
S03655,19,75,63,71,2.5,0
S03656,21,69,82,62,7.2,1
S03657,19,68,72,75,5.6,1
S03658,21,47,31,51,2.8,0
S03659,22,75,49,45,3.9,1
S03660,22,77,76,83,6.3,1
S03661,18,49,62,69,1.7,0
S03662,20,55,61,66,2.3,0
S03663,21,74,45,56,1.7,0
S03664,18,82,93,66,8.3,1
S03665,20,79,97,65,7.8,1
S03666,21,72,91,68,7.8,1
S03667,19,61,90,75,7.4,1
S03668,20,76,71,89,7.0,1
S03669,22,74,82,83,5.3,1
S03670,18,88,78,56,6.8,1
S03671,20,33,59,48,1.3,0
S03672,20,65,80,66,6.6,1
S03673,22,76,80,50,8.0,1
S03674,21,72,62,78,5.5,1
S03675,19,65,65,64,4.2,1
S03676,22,63,74,63,3.5,1
S03677,19,81,72,92,6.8,1
S03678,21,70,88,78,7.2,1
S03679,20,95,93,78,8.8,1
S03680,19,71,62,73,4.1,1
S03681,18,78,96,92,7.9,1
S03682,18,90,70,77,6.1,1
S03683,22,100,100,91,8.9,1
S03684,21,83,77,71,5.8,1
S03685,22,43,72,71,5.7,1
S03686,22,91,64,75,6.2,1
S03687,22,89,79,70,7.7,1
S03688,18,100,86,79,9.7,1
S03689,18,69,41,74,1.7,0
S03690,22,72,52,81,1.5,0
S03691,18,96,79,100,9.4,1
S03692,21,87,79,56,5.8,1
S03693,22,96,90,58,6.5,1
S03694,18,73,57,56,5.3,1
S03695,19,41,74,60,1.8,0
S03696,22,79,80,46,7.9,1
S03697,22,85,70,72,7.7,1
S03698,21,66,72,82,3.8,1
S03699,20,53,59,77,3.8,1
S03700,20,68,83,76,8.5,1
S03701,21,49,51,53,1.7,0
S03702,21,94,76,90,8.9,1
S03703,21,79,70,75,3.3,1
S03704,20,84,71,68,6.3,1
S03705,21,98,72,82,9.4,1
S03706,18,78,84,70,7.1,1
S03707,22,51,54,52,4.7,1
S03708,22,74,66,75,7.2,1
S03709,19,64,78,63,4.1,1
S03710,19,59,50,49,3.5,1
S03711,22,91,65,95,10.0,1
S03712,18,86,88,85,7.8,1
S03713,20,86,73,84,6.8,1
S03714,20,64,63,57,4.2,1
S03715,18,37,50,33,1.4,0
S03716,20,50,56,62,1.3,0
S03717,21,74,65,65,6.0,1
S03718,22,94,97,69,7.9,1
S03719,22,68,56,57,5.8,1
S03720,18,90,89,79,8.6,1
S03721,20,58,61,75,1.3,0
S03722,19,68,58,61,4.3,1
S03723,19,72,50,50,3.1,1
S03724,20,63,80,77,5.0,1
S03725,19,51,44,60,1.7,0
S03726,18,88,82,60,9.6,1
S03727,18,56,70,70,3.0,1
S03728,20,92,87,100,9.3,1
S03729,19,62,48,38,4.8,0
S03730,18,92,100,72,9.9,1
S03731,18,73,67,39,6.0,1
S03732,21,90,83,84,9.4,1
S03733,21,49,55,67,1.0,0
S03734,18,77,87,80,7.7,1
S03735,20,87,100,100,9.1,1
S03736,22,61,39,70,2.3,0
S03737,22,58,65,79,1.9,0
S03738,18,86,76,83,4.8,1
S03739,18,78,86,80,9.4,1
S03740,18,73,81,73,5.9,1
S03741,20,57,82,62,5.7,1
S03742,21,63,42,57,2.3,0
S03743,18,43,71,56,1.0,0
S03744,18,80,66,80,8.3,1
S03745,19,53,43,74,1.8,0
S03746,20,80,73,71,6.7,1
S03747,18,81,100,73,9.2,1
S03748,19,56,57,52,2.9,0
S03749,22,92,77,84,7.0,1
S03750,18,60,71,41,1.7,0
S03751,18,70,72,72,6.4,1
S03752,19,57,46,77,2.5,0
S03753,20,97,75,82,7.6,1
S03754,18,62,79,64,3.7,1
S03755,22,64,71,70,5.2,1
S03756,18,69,96,62,6.4,1
S03757,22,55,67,50,2.5,0
S03758,21,75,73,77,7.7,1
S03759,21,52,64,68,3.7,1
S03760,22,67,68,88,7.0,1
S03761,20,51,51,62,2.4,0
S03762,18,85,100,93,7.2,1
S03763,18,55,68,79,2.2,0
S03764,21,67,78,78,4.8,1
S03765,22,76,55,78,3.2,1
S03766,18,94,98,67,7.7,1
S03767,18,61,74,50,3.4,1
S03768,20,79,100,89,8.9,1
S03769,19,77,100,67,9.0,1
S03770,21,68,43,58,2.8,0
S03771,21,74,63,84,6.5,1
S03772,19,53,45,75,1.8,0
S03773,18,60,57,65,4.5,1
S03774,20,72,83,70,7.4,1
S03775,20,81,71,80,6.9,1
S03776,21,63,99,62,6.6,1
S03777,20,74,84,62,3.5,1
S03778,19,62,66,67,4.4,1
S03779,18,56,77,58,1.9,0
S03780,19,67,96,79,7.5,1
S03781,22,72,66,61,5.5,1
S03782,21,76,57,69,7.4,1
S03783,20,62,59,54,3.2,1
S03784,22,80,57,46,3.9,1
S03785,20,68,67,70,4.0,1
S03786,18,47,54,67,1.2,0
S03787,18,59,66,76,4.1,1
S03788,18,89,88,78,8.2,1
S03789,20,99,73,74,9.1,1
S03790,22,76,76,81,5.7,1
S03791,18,77,65,78,5.1,1
S03792,22,61,56,59,1.3,0
S03793,20,100,96,100,8.9,1
S03794,22,35,39,56,1.1,0
S03795,20,95,85,82,9.5,1
S03796,20,81,69,66,5.4,1
S03797,21,53,60,48,4.1,1
S03798,20,78,97,92,9.3,1
S03799,20,46,45,55,1.2,0
S03800,19,68,68,80,6.2,1
S03801,18,69,65,95,5.9,1
S03802,21,64,73,58,3.0,1
S03803,21,78,63,41,4.9,1
S03804,21,88,82,82,6.9,1
S03805,19,72,100,80,7.5,1
S03806,20,46,51,47,1.0,0
S03807,18,100,100,90,9.4,1
S03808,22,66,77,70,2.5,0
S03809,20,63,72,51,3.1,1
S03810,19,68,62,60,3.4,1
S03811,20,55,61,74,1.3,0
S03812,20,64,43,51,2.1,0
S03813,19,86,81,87,9.9,1
S03814,21,68,57,34,3.8,1
S03815,21,43,81,41,2.0,0
S03816,18,51,47,61,2.0,0
S03817,18,73,70,93,7.5,1
S03818,21,81,73,66,8.7,1
S03819,22,54,68,64,3.3,1
S03820,20,49,55,52,1.2,0
S03821,22,47,73,74,3.0,1
S03822,20,61,62,43,1.5,0
S03823,21,57,41,64,1.9,0
S03824,18,53,60,61,4.9,1
S03825,18,54,76,66,3.1,1
S03826,22,76,69,72,5.6,1
S03827,18,58,75,61,3.3,1
S03828,21,81,86,91,9.5,1
S03829,22,86,76,85,9.2,1
S03830,20,78,70,72,6.1,1
S03831,18,52,55,62,4.2,1
S03832,19,73,60,68,4.4,1
S03833,18,61,70,71,4.7,1
S03834,20,80,85,66,7.5,1
S03835,22,70,52,66,5.1,1
S03836,20,80,84,70,8.7,1
S03837,19,78,81,85,9.5,1
S03838,21,63,58,59,4.0,1
S03839,18,90,75,82,6.0,1
S03840,22,44,50,67,1.9,0
S03841,21,78,75,51,2.8,0
S03842,20,66,81,68,4.7,1
S03843,22,62,73,70,2.9,0
S03844,21,75,80,81,8.9,1
S03845,22,52,47,52,2.4,0
S03846,19,65,70,57,5.1,1
S03847,19,66,74,85,6.5,1
S03848,18,77,72,88,7.2,1
S03849,18,64,54,65,4.4,1
S03850,19,100,85,92,8.8,1
S03851,22,63,69,38,6.1,1
S03852,19,71,77,85,5.0,1
S03853,18,59,62,56,1.6,0
S03854,19,60,82,72,5.2,1
S03855,19,90,69,78,8.4,1
S03856,22,72,80,91,6.5,1
S03857,21,59,76,69,8.5,1
S03858,18,78,57,89,5.4,1
S03859,22,47,52,64,2.1,0
S03860,19,44,64,63,1.1,0
S03861,19,72,59,61,3.7,1
S03862,21,76,96,62,7.3,1
S03863,18,92,88,92,8.1,1
S03864,18,77,59,69,3.7,1
S03865,20,66,84,88,5.5,1
S03866,18,77,73,66,4.8,1
S03867,21,61,57,63,4.7,1
S03868,20,85,81,80,3.1,1
S03869,20,52,60,83,2.2,0
S03870,19,71,60,62,2.8,0
S03871,19,64,45,48,1.5,0
S03872,18,64,73,72,2.8,0
S03873,20,48,58,53,1.1,0
S03874,19,75,83,82,6.6,1
S03875,21,44,58,62,3.8,1
S03876,19,91,98,100,9.8,1
S03877,19,64,69,53,2.7,0
S03878,20,68,58,72,4.1,1
S03879,20,37,50,61,4.2,0
S03880,22,42,59,52,1.1,0
S03881,21,77,67,77,8.6,1
S03882,20,58,55,65,1.3,0
S03883,18,91,83,96,9.5,1
S03884,21,84,99,90,9.0,1
S03885,21,80,68,71,5.8,1
S03886,20,63,85,74,5.9,1
S03887,21,84,71,87,6.9,1
S03888,20,73,78,79,4.5,1
S03889,19,81,99,44,6.8,1
S03890,22,54,42,54,1.4,0
S03891,19,74,58,55,1.5,0
S03892,20,75,100,78,5.1,1
S03893,20,64,74,72,5.9,1
S03894,19,88,86,92,9.0,1
S03895,18,65,65,46,1.9,0
S03896,18,78,84,85,8.4,1
S03897,18,72,41,73,2.9,0
S03898,20,72,79,50,4.5,1
S03899,21,42,42,95,3.8,1
S03900,20,71,63,82,4.6,1
S03901,21,56,71,60,2.4,0
S03902,19,77,67,61,5.5,1
S03903,22,92,75,79,8.2,1
S03904,21,72,79,71,5.0,1
S03905,18,88,61,76,5.4,1
S03906,20,83,71,100,8.6,1
S03907,19,86,82,72,7.4,1
S03908,18,80,69,78,5.4,1
S03909,19,62,48,48,3.3,1
S03910,22,94,93,79,9.0,1
S03911,20,69,79,78,6.2,1
S03912,20,58,57,71,3.0,1
S03913,22,50,59,55,3.4,1
S03914,20,85,88,75,8.2,1
S03915,21,59,67,74,1.4,0
S03916,19,100,86,100,9.9,1
S03917,18,67,64,62,2.2,0
S03918,22,80,89,54,8.2,1
S03919,21,57,77,98,4.6,1
S03920,18,76,71,71,5.4,1
S03921,18,97,75,79,8.9,1
S03922,22,76,63,62,4.7,1
S03923,21,84,76,77,5.8,1
S03924,18,53,74,62,1.4,0
S03925,18,49,47,67,1.0,0
S03926,21,55,70,52,3.2,1
S03927,20,78,74,73,7.1,1
S03928,18,58,58,84,2.1,0
S03929,19,60,73,62,2.0,0
S03930,21,68,76,66,4.7,1
S03931,18,76,63,65,6.8,1
S03932,22,72,73,84,7.4,1
S03933,19,70,73,73,2.6,0
S03934,18,58,57,68,1.7,0
S03935,19,86,75,82,9.5,1
S03936,19,56,53,68,3.3,1
S03937,20,71,92,100,8.7,1
S03938,19,98,96,96,8.8,1
S03939,20,88,82,71,8.0,1
S03940,21,44,86,30,2.5,0
S03941,20,91,92,85,8.4,1
S03942,22,91,79,89,7.9,1
S03943,18,77,66,61,6.4,1
S03944,21,82,54,66,4.0,1
S03945,21,66,66,61,3.4,1
S03946,22,44,51,61,2.1,0
S03947,20,76,90,65,5.6,1
S03948,18,78,91,90,6.3,1
S03949,20,61,73,68,4.2,1
S03950,19,77,57,60,5.3,1
S03951,20,51,59,78,4.3,1
S03952,21,87,90,61,6.8,1
S03953,18,78,80,99,9.1,1
S03954,20,50,71,73,2.5,0
S03955,18,66,72,84,4.4,1
S03956,18,64,58,58,2.3,0
S03957,19,78,68,69,6.6,1
S03958,19,73,79,80,7.6,1
S03959,21,83,90,84,9.4,1
S03960,22,53,74,56,3.5,1
S03961,18,86,79,79,9.6,1
S03962,22,67,52,53,1.6,0
S03963,21,76,75,60,6.4,1
S03964,18,65,62,65,1.5,0
S03965,18,100,76,83,9.0,1
S03966,22,67,58,69,5.8,1
S03967,20,76,85,63,7.0,1
S03968,19,100,67,68,8.5,1
S03969,20,74,72,84,2.4,0
S03970,22,38,52,49,1.3,0
S03971,19,89,68,90,8.9,1
S03972,20,65,59,67,3.8,1
S03973,19,67,61,26,2.2,0
S03974,18,63,64,92,5.2,1
S03975,20,67,75,83,6.4,1
S03976,19,48,62,47,1.3,0
S03977,19,58,60,64,3.5,1
S03978,19,63,43,43,1.3,0
S03979,20,57,65,91,4.8,1
S03980,21,80,100,73,9.1,1
S03981,20,71,100,80,9.8,1
S03982,22,87,54,67,6.7,1
S03983,20,73,71,62,2.5,0
S03984,19,84,89,100,9.2,1
S03985,18,69,82,93,5.6,1
S03986,20,64,52,56,2.4,0
S03987,20,100,68,89,9.3,1
S03988,19,85,87,80,7.8,1
S03989,18,73,70,67,7.6,1
S03990,18,63,64,100,7.4,1
S03991,22,50,45,78,2.8,0
S03992,20,62,67,64,2.9,0
S03993,18,72,80,96,7.2,1
S03994,18,64,69,77,3.0,1
S03995,21,64,76,70,4.9,1
S03996,21,71,77,84,8.0,1
S03997,18,71,81,98,8.1,1
S03998,22,86,64,58,5.1,1
S03999,18,91,80,100,8.1,1
S04000,19,100,73,79,8.5,1
S04001,20,83,81,94,6.9,1
S04002,22,58,73,63,3.1,1
S04003,19,77,54,68,3.5,1
S04004,22,65,78,65,3.8,1
S04005,19,61,58,53,2.1,0
S04006,20,64,65,61,3.5,1
S04007,20,32,41,79,2.9,0
S04008,21,86,50,42,5.1,1
S04009,19,92,88,69,9.2,1
S04010,21,61,65,50,1.9,0
S04011,19,79,72,65,7.5,1
S04012,21,80,97,95,7.2,1
S04013,20,52,64,74,1.9,0
S04014,22,93,77,92,9.3,1
S04015,21,61,74,66,6.1,1
S04016,19,69,93,83,4.3,1
S04017,19,87,67,60,7.8,1
S04018,20,61,68,89,3.3,1
S04019,19,83,75,69,7.2,1
S04020,18,46,62,54,1.4,0
S04021,22,75,98,77,8.6,1
S04022,21,72,65,57,5.0,1
S04023,22,84,88,99,6.7,1
S04024,20,43,85,72,3.0,1
S04025,21,84,79,91,7.1,1
S04026,21,77,90,65,8.0,1
S04027,18,69,64,73,5.3,1
S04028,20,63,76,81,6.6,1
S04029,19,62,67,73,5.1,1
S04030,18,96,95,70,9.0,1
S04031,18,72,84,84,5.5,1
S04032,22,81,83,84,8.6,1
S04033,22,82,99,69,8.2,1
S04034,22,74,85,46,4.7,1
S04035,18,67,70,70,3.1,1
S04036,19,68,62,98,4.7,1
S04037,21,95,77,69,8.4,1
S04038,22,72,52,65,3.0,1
S04039,19,77,82,85,5.7,1
S04040,20,84,70,66,8.3,1
S04041,22,73,73,61,4.2,1
S04042,21,80,65,65,6.8,1
S04043,20,73,70,75,3.2,1
S04044,20,67,57,75,2.0,0
S04045,21,72,97,82,8.1,1
S04046,22,47,69,49,1.9,0
S04047,18,57,78,59,3.4,1
S04048,21,95,100,75,8.7,1
S04049,21,51,67,55,4.1,1
S04050,21,93,76,85,9.8,1
S04051,20,93,78,93,9.8,1
S04052,19,75,39,70,3.4,1
S04053,18,57,42,57,1.4,0
S04054,22,66,79,78,7.3,1
S04055,22,61,63,69,5.1,1
S04056,19,46,54,43,1.9,0
S04057,21,74,84,80,7.4,1
S04058,18,53,50,50,1.3,0
S04059,22,74,73,67,8.8,1
S04060,22,74,57,64,2.2,0
S04061,21,45,47,52,2.1,0
S04062,19,74,56,64,2.6,0
S04063,18,100,100,96,9.6,1
S04064,19,88,75,66,7.2,1
S04065,19,76,100,82,8.2,1
S04066,18,72,83,46,4.6,1
S04067,18,53,58,84,4.0,1
S04068,22,72,49,47,3.1,1
S04069,22,70,70,64,5.3,1
S04070,18,70,86,89,6.0,1
S04071,20,65,71,73,6.7,1
S04072,22,38,72,49,3.3,1
S04073,20,78,100,94,9.5,1
S04074,18,71,50,69,2.5,0
S04075,22,85,81,78,9.7,1
S04076,19,53,60,50,1.1,0
S04077,18,78,72,65,5.3,1
S04078,21,84,57,64,4.0,1
S04079,20,83,65,47,5.0,1
S04080,18,65,73,71,6.1,1
S04081,18,50,51,91,4.9,1
S04082,22,92,76,58,4.7,1
S04083,22,100,75,72,7.6,1
S04084,22,81,48,63,7.2,1
S04085,21,71,83,89,8.5,1
S04086,22,72,53,78,3.2,1
S04087,18,75,94,89,6.5,1
S04088,22,74,68,59,6.3,1
S04089,19,76,54,73,4.3,1
S04090,22,75,76,88,5.4,1
S04091,21,53,57,71,3.8,1
S04092,19,56,49,66,2.3,0
S04093,18,68,66,56,2.9,0
S04094,18,63,45,61,1.9,0
S04095,20,81,62,92,7.1,1
S04096,19,87,96,80,6.9,1
S04097,20,85,95,71,9.6,1
S04098,19,82,77,73,7.6,1
S04099,19,22,54,72,1.5,0
S04100,21,82,91,87,9.0,1
S04101,20,93,96,84,8.8,1
S04102,21,66,61,63,5.0,1
S04103,19,71,78,88,6.3,1
S04104,18,79,84,100,9.8,1
S04105,19,83,70,87,5.8,1
S04106,21,92,88,100,9.1,1
S04107,20,65,55,54,1.7,0
S04108,20,44,67,55,2.7,0
S04109,21,68,74,68,5.0,1
S04110,20,72,58,75,6.3,1
S04111,22,80,68,98,8.3,1
S04112,18,83,86,100,9.9,1
S04113,18,65,87,74,4.5,1
S04114,18,64,45,40,1.4,0
S04115,20,64,80,60,8.2,1
S04116,20,93,69,77,6.4,1
S04117,19,66,54,72,2.8,0
S04118,19,72,73,70,5.5,1
S04119,18,90,96,100,7.7,1
S04120,22,67,86,67,7.9,1
S04121,19,65,62,57,5.5,1
S04122,19,64,94,57,3.7,1
S04123,20,100,90,78,9.8,1
S04124,22,78,71,83,7.0,1
S04125,18,73,83,63,4.7,1
S04126,19,58,58,46,3.5,1
S04127,22,85,98,89,7.6,1
S04128,22,80,52,42,3.2,1
S04129,18,70,74,48,2.5,0
S04130,22,72,75,53,5.8,1
S04131,22,71,77,67,3.6,1
S04132,22,83,97,78,6.7,1
S04133,19,63,44,82,2.1,0
S04134,18,89,91,87,6.9,1
S04135,22,75,47,82,3.5,1
S04136,22,53,41,59,1.0,0
S04137,19,65,48,48,2.1,0
S04138,18,84,93,86,9.4,1
S04139,20,76,85,90,8.8,1
S04140,19,60,59,71,3.1,1
S04141,18,81,83,74,8.0,1
S04142,22,59,82,81,6.5,1
S04143,18,97,96,75,9.7,1
S04144,18,40,79,55,4.4,1
S04145,18,100,98,63,7.1,1
S04146,20,71,54,58,1.6,0
S04147,18,66,62,54,4.6,1
S04148,20,89,95,81,9.7,1
S04149,22,77,60,83,5.9,1
S04150,20,59,56,52,3.6,1
S04151,22,60,68,53,2.1,0
S04152,22,78,77,78,7.3,1
S04153,20,76,63,79,6.8,1
S04154,19,69,50,61,4.4,1
S04155,21,75,89,95,9.6,1
S04156,18,55,66,63,1.2,0
S04157,21,66,76,79,3.7,1
S04158,18,88,88,84,9.3,1
S04159,18,63,86,59,3.9,1
S04160,22,75,61,55,3.3,1
S04161,18,70,71,76,5.8,1
S04162,18,86,55,77,8.4,1
S04163,20,71,51,52,1.9,0
S04164,21,87,97,80,9.5,1
S04165,20,85,100,72,8.2,1
S04166,18,59,50,63,2.6,0
S04167,22,92,84,61,7.4,1
S04168,20,65,78,71,4.5,1
S04169,20,81,67,76,4.6,1
S04170,19,81,56,73,8.0,1
S04171,18,80,91,100,9.7,1
S04172,22,65,65,60,2.1,0
S04173,20,66,58,50,4.8,1
S04174,20,77,67,67,5.3,1
S04175,22,40,54,68,4.4,1
S04176,18,67,38,72,4.3,1
S04177,19,51,66,54,1.5,0
S04178,20,68,78,65,7.2,1
S04179,19,64,86,56,4.9,1
S04180,21,55,69,54,2.8,0
S04181,18,83,79,74,8.3,1
S04182,21,69,82,67,8.2,1
S04183,21,75,77,62,5.4,1
S04184,21,78,74,73,3.7,1
S04185,18,80,80,95,6.7,1
S04186,18,72,75,74,3.6,1
S04187,22,73,58,79,3.1,1
S04188,19,93,69,90,7.6,1
S04189,19,74,53,67,1.4,0
S04190,22,53,58,55,1.9,0
S04191,22,47,39,58,1.1,0
S04192,21,67,43,55,2.4,0
S04193,22,63,60,55,1.6,0
S04194,20,98,86,88,10.0,1
S04195,19,83,61,73,3.6,1
S04196,22,59,54,65,2.3,0
S04197,20,67,78,61,3.2,1
S04198,20,78,100,86,9.4,1
S04199,20,94,58,77,5.7,1
S04200,20,64,60,75,4.3,1
S04201,21,83,95,65,8.9,1
S04202,20,65,74,55,4.6,1
S04203,21,60,64,79,4.0,1
S04204,21,54,48,61,2.9,0
S04205,20,62,59,62,4.4,1
S04206,19,52,59,62,3.9,1
S04207,20,71,81,74,7.1,1
S04208,20,84,82,71,3.6,1
S04209,20,82,66,60,6.2,1
S04210,19,66,43,58,1.6,0
S04211,18,73,58,64,2.7,0
S04212,18,87,79,73,4.7,1
S04213,21,70,72,88,9.4,1
S04214,21,55,82,74,4.4,1
S04215,19,70,76,70,7.0,1
S04216,22,59,54,52,3.3,1
S04217,18,55,39,89,2.1,0
S04218,21,52,62,54,1.5,0
S04219,18,67,62,63,3.7,1
S04220,19,60,60,69,2.4,0
S04221,19,53,49,80,2.6,0
S04222,22,59,77,73,7.8,1
S04223,22,44,47,44,1.1,0
S04224,19,69,72,58,6.0,1
S04225,21,65,59,87,4.4,1
S04226,18,61,55,59,5.6,1
S04227,20,69,100,73,6.1,1
S04228,22,54,49,54,3.8,1
S04229,20,64,66,48,3.7,1
S04230,21,70,60,75,7.6,1
S04231,22,77,63,72,8.8,1
S04232,20,48,60,53,2.7,0
S04233,21,56,58,83,1.9,0
S04234,18,78,100,89,9.1,1
S04235,21,75,70,78,4.1,1
S04236,22,78,72,83,6.0,1
S04237,19,66,55,65,4.2,1
S04238,18,50,73,54,2.1,0
S04239,20,79,85,77,6.3,1
S04240,22,80,58,74,5.7,1
S04241,19,63,60,55,2.8,0
S04242,21,86,71,71,5.1,1
S04243,19,87,79,72,8.2,1
S04244,22,84,83,72,6.3,1
S04245,22,59,65,55,1.9,0
S04246,19,80,71,57,5.9,1
S04247,21,71,76,49,7.3,1
S04248,19,78,99,69,8.1,1
S04249,22,80,86,97,6.7,1
S04250,22,63,59,57,2.4,0
S04251,20,85,61,87,7.4,1
S04252,20,89,82,51,7.1,1
S04253,18,41,61,44,1.2,0
S04254,22,59,37,52,4.7,0
S04255,20,68,68,64,4.0,1
S04256,19,71,73,100,7.0,1
S04257,21,95,58,68,2.9,0
S04258,19,80,64,94,6.3,1
S04259,21,86,85,81,9.2,1
S04260,20,78,98,97,8.2,1
S04261,18,82,82,100,9.3,1
S04262,19,90,100,85,9.8,1
S04263,19,56,44,49,1.1,0
S04264,19,72,84,59,6.6,1
S04265,21,66,68,65,4.7,1
S04266,20,98,88,83,8.7,1
S04267,19,77,62,88,3.3,1
S04268,19,92,96,71,9.8,1
S04269,18,63,47,75,6.5,1
S04270,18,88,66,59,8.1,1
S04271,20,73,60,53,1.8,0
S04272,20,74,37,65,2.7,0
S04273,22,89,75,85,7.8,1
S04274,18,69,52,63,1.2,0
S04275,22,84,74,86,8.4,1
S04276,21,61,45,63,1.1,0
S04277,22,71,80,77,6.9,1
S04278,19,70,77,54,4.3,1
S04279,22,89,65,53,6.5,1
S04280,20,73,72,71,7.3,1
S04281,21,58,57,65,4.1,1
S04282,19,59,30,74,2.0,0
S04283,22,54,56,56,1.6,0
S04284,21,82,85,72,6.3,1
S04285,21,68,83,77,5.7,1
S04286,19,98,71,76,7.7,1
S04287,22,60,58,81,5.6,1
S04288,21,82,68,93,4.8,1
S04289,21,61,76,94,4.6,1
S04290,18,37,55,57,1.2,0
S04291,21,68,68,70,4.0,1
S04292,18,87,100,100,9.8,1
S04293,22,75,77,81,8.9,1
S04294,22,49,62,74,4.0,1
S04295,22,75,92,60,6.3,1
S04296,20,94,82,78,8.6,1
S04297,22,76,55,83,5.0,1
S04298,21,55,46,48,1.2,0
S04299,19,62,45,56,1.7,0
S04300,18,72,75,53,5.6,1
S04301,20,75,79,100,9.7,1
S04302,22,65,81,92,7.2,1
S04303,22,54,47,60,1.6,0
S04304,19,59,36,68,2.7,0
S04305,19,90,85,84,7.9,1
S04306,20,92,86,99,8.6,1
S04307,18,82,81,69,6.6,1
S04308,22,74,69,85,6.8,1
S04309,20,41,45,69,1.3,0
S04310,21,88,88,96,8.5,1
S04311,21,88,99,53,8.1,1
S04312,20,39,62,56,3.3,1
S04313,22,71,84,66,7.4,1
S04314,20,55,57,64,2.9,0
S04315,22,57,37,33,1.4,0
S04316,19,53,70,37,2.8,0
S04317,20,60,69,87,2.6,0
S04318,22,64,73,73,4.0,1
S04319,20,68,66,70,4.8,1
S04320,20,65,78,76,5.6,1
S04321,22,65,80,72,5.3,1
S04322,22,53,80,76,3.4,1
S04323,18,59,64,49,1.3,0
S04324,20,81,76,77,6.4,1
S04325,21,61,53,71,4.6,1
S04326,20,80,65,52,3.7,1
S04327,20,82,88,98,8.8,1
S04328,22,96,88,74,7.7,1
S04329,20,78,99,95,8.7,1
S04330,20,52,70,73,5.5,1
S04331,21,63,80,79,2.2,0
S04332,22,82,59,65,7.3,1
S04333,20,62,65,49,2.9,0
S04334,19,64,60,59,5.0,1
S04335,18,56,34,59,1.6,0
S04336,21,78,81,100,8.4,1
S04337,20,55,41,78,2.1,0
S04338,19,95,84,56,9.1,1
S04339,20,87,85,86,8.8,1
S04340,20,77,82,32,5.2,1
S04341,22,78,64,88,7.7,1
S04342,22,73,86,89,6.6,1
S04343,22,71,84,80,8.2,1
S04344,19,66,80,70,4.9,1
S04345,20,49,77,81,8.1,1
S04346,18,65,55,61,5.2,1
S04347,21,87,75,90,9.5,1
S04348,22,77,56,68,5.4,1
S04349,22,68,75,81,5.2,1
S04350,20,86,98,79,8.1,1
S04351,20,62,77,71,8.4,1
S04352,19,73,80,55,6.0,1
S04353,19,44,42,39,2.6,0
S04354,22,59,72,86,5.2,1
S04355,20,87,96,80,9.7,1
S04356,18,94,65,83,7.8,1
S04357,21,87,81,100,8.3,1
S04358,20,55,61,50,1.3,0
S04359,20,71,38,63,5.2,1
S04360,19,70,91,74,6.8,1
S04361,21,79,88,82,8.5,1
S04362,22,60,62,80,1.4,0
S04363,20,71,80,100,8.7,1
S04364,22,80,54,80,5.9,1
S04365,20,57,66,79,2.8,0
S04366,22,74,63,64,3.9,1
S04367,21,74,63,68,3.5,1
S04368,19,56,84,69,5.8,1
S04369,21,50,63,42,1.5,0
S04370,18,51,79,75,2.4,0
S04371,19,65,85,87,8.3,1
S04372,21,48,50,60,2.2,0
S04373,18,87,59,63,3.1,1
S04374,20,76,74,52,5.1,1
S04375,20,92,83,60,5.7,1
S04376,22,90,65,84,7.9,1
S04377,19,63,69,63,5.0,1
S04378,20,79,100,78,8.1,1
S04379,19,82,73,74,6.6,1
S04380,20,62,67,51,2.0,0
S04381,22,54,64,49,2.4,0
S04382,21,55,79,50,4.9,1
S04383,22,100,58,66,4.6,1
S04384,18,79,71,86,7.7,1
S04385,20,72,74,54,6.2,1
S04386,18,69,50,67,4.5,1
S04387,18,58,56,64,2.5,0
S04388,19,63,63,51,3.0,1
S04389,20,88,94,91,6.2,1
S04390,18,68,73,64,4.8,1
S04391,21,61,78,70,5.6,1
S04392,18,58,71,59,2.5,0
S04393,21,73,67,55,7.0,1
S04394,19,99,83,95,8.7,1
S04395,18,75,89,52,3.3,1
S04396,22,73,70,68,5.4,1
S04397,19,76,100,93,9.8,1
S04398,21,54,75,84,4.0,1
S04399,19,76,59,61,6.4,1
S04400,18,61,59,53,1.8,0
S04401,20,72,77,91,6.5,1
S04402,20,52,59,64,1.8,0
S04403,21,82,80,94,9.6,1
S04404,21,79,67,65,7.4,1
S04405,20,59,77,76,8.1,1
S04406,21,68,78,76,7.3,1
S04407,19,69,87,64,6.3,1
S04408,22,82,89,49,5.0,1
S04409,22,77,100,76,8.7,1
S04410,19,90,98,100,9.6,1
S04411,22,74,60,72,5.5,1
S04412,18,100,83,100,9.4,1
S04413,19,87,76,76,6.2,1
S04414,21,73,65,63,5.8,1
S04415,19,66,76,85,5.1,1
S04416,20,55,68,65,2.9,0
S04417,21,52,58,67,1.0,0
S04418,20,58,73,50,3.2,1
S04419,21,78,62,84,5.6,1
S04420,22,72,77,80,4.4,1
S04421,19,76,61,73,5.0,1
S04422,18,100,79,77,9.8,1
S04423,21,85,71,66,4.2,1
S04424,21,72,83,77,5.1,1
S04425,20,70,63,63,2.2,0
S04426,22,52,54,64,1.4,0
S04427,20,94,85,92,8.0,1
S04428,20,85,75,66,6.1,1
S04429,22,91,68,65,7.8,1
S04430,18,60,44,60,2.3,0
S04431,20,68,73,69,6.1,1
S04432,20,49,63,73,3.3,1
S04433,21,62,61,50,3.1,1
S04434,22,70,60,68,1.1,0
S04435,19,56,55,76,2.2,0
S04436,18,73,70,65,3.8,1
S04437,18,67,55,60,2.1,0
S04438,22,87,100,77,9.9,1
S04439,21,78,65,59,3.8,1
S04440,21,30,83,55,2.2,0
S04441,22,49,64,79,2.8,0
S04442,21,66,72,73,6.3,1
S04443,18,48,45,42,1.6,0
S04444,18,89,69,86,8.8,1
S04445,19,92,78,96,9.7,1
S04446,22,67,52,63,3.2,1
S04447,20,76,74,87,5.1,1
S04448,20,45,47,66,1.2,0
S04449,19,65,79,63,6.8,1
S04450,19,73,82,62,4.7,1
S04451,21,57,61,67,3.4,1
S04452,19,46,83,42,2.9,0
S04453,19,87,64,80,6.9,1
S04454,20,83,66,47,4.7,1
S04455,21,76,53,73,2.6,0
S04456,19,81,89,88,7.2,1
S04457,19,81,49,79,6.1,1
S04458,21,98,69,74,8.7,1
S04459,22,52,56,61,2.1,0
S04460,21,94,99,74,8.1,1
S04461,20,81,80,64,7.1,1
S04462,22,67,42,55,2.0,0
S04463,18,81,65,86,7.3,1
S04464,21,83,87,70,5.0,1
S04465,20,90,81,100,9.5,1
S04466,22,44,47,69,2.3,0
S04467,21,92,93,84,6.8,1
S04468,19,58,78,48,4.4,1
S04469,21,100,100,82,9.6,1
S04470,18,65,54,53,4.0,1
S04471,21,100,72,84,9.7,1
S04472,22,98,88,76,9.1,1
S04473,22,68,66,59,3.4,1
S04474,21,88,86,93,8.2,1
S04475,22,94,100,93,10.0,1
S04476,19,43,43,76,3.3,1
S04477,21,71,78,50,4.9,1
S04478,19,62,60,73,5.7,1
S04479,19,67,73,77,3.7,1
S04480,20,43,47,74,1.1,0
S04481,21,50,52,44,3.0,0
S04482,22,80,56,60,3.5,1
S04483,19,81,53,82,5.0,1
S04484,20,60,59,58,2.5,0
S04485,21,87,77,72,8.9,1
S04486,21,77,87,59,7.3,1
S04487,18,63,63,47,1.8,0
S04488,18,71,96,56,6.9,1
S04489,19,88,81,77,6.9,1
S04490,18,86,94,96,9.6,1
S04491,19,50,68,40,1.0,0
S04492,22,63,55,66,3.2,1
S04493,19,82,71,95,9.4,1
S04494,18,91,90,85,9.4,1
S04495,22,75,64,59,7.5,1
S04496,18,86,100,84,7.9,1
S04497,19,69,72,58,1.8,0
S04498,20,65,95,70,5.6,1
S04499,21,61,62,56,3.1,1
S04500,18,65,65,62,2.6,0
S04501,19,79,78,87,8.3,1
S04502,22,63,67,88,2.2,0
S04503,18,76,56,72,5.2,1
S04504,18,98,60,100,9.4,1
S04505,21,55,51,66,2.7,0
S04506,19,80,73,85,9.8,1
S04507,20,87,100,88,9.9,1
S04508,22,64,93,58,6.0,1
S04509,19,66,43,64,2.5,0
S04510,22,54,78,41,3.8,1
S04511,18,93,79,58,4.8,1
S04512,21,78,47,67,3.8,1
S04513,21,64,58,79,3.5,1
S04514,20,98,83,100,9.8,1
S04515,21,43,66,58,2.4,0
S04516,18,100,66,80,7.6,1
S04517,20,48,51,67,1.0,0
S04518,19,74,67,58,6.4,1
S04519,21,68,92,89,9.2,1
S04520,20,69,61,55,3.6,1
S04521,18,50,53,59,2.7,0
S04522,22,79,75,71,6.9,1
S04523,22,74,100,83,7.4,1
S04524,18,68,74,84,7.2,1
S04525,18,58,53,76,3.9,1
S04526,22,65,68,68,3.3,1
S04527,20,76,87,88,9.6,1
S04528,22,80,71,100,9.3,1
S04529,18,77,94,52,5.1,1
S04530,21,100,80,100,8.6,1
S04531,19,75,65,66,5.1,1
S04532,21,60,70,76,4.8,1
S04533,21,56,77,56,2.4,0
S04534,18,70,50,60,4.8,1
S04535,22,70,75,78,5.8,1
S04536,20,64,76,69,1.2,0
S04537,21,72,70,75,5.0,1
S04538,22,91,68,73,8.0,1
S04539,20,75,71,100,7.1,1
S04540,21,90,78,90,6.7,1
S04541,20,85,100,95,9.2,1
S04542,22,45,49,52,1.2,0
S04543,19,96,82,65,6.0,1
S04544,22,64,66,77,8.1,1
S04545,18,66,57,86,5.9,1
S04546,20,59,59,54,3.9,1
S04547,19,84,73,47,2.2,0
S04548,20,100,87,90,9.0,1
S04549,20,86,73,74,5.2,1
S04550,21,82,88,74,8.9,1
S04551,18,99,87,61,6.3,1
S04552,20,82,71,94,7.1,1
S04553,22,93,90,85,8.2,1
S04554,22,79,68,60,6.9,1
S04555,21,68,89,53,4.6,1
S04556,18,70,63,67,5.6,1
S04557,18,81,73,89,8.2,1
S04558,22,74,73,75,4.4,1
S04559,19,72,68,81,4.5,1
S04560,21,57,60,41,1.9,0
S04561,21,100,89,87,9.2,1
S04562,22,28,44,75,1.8,0
S04563,22,82,94,92,6.8,1
S04564,19,76,78,73,4.7,1
S04565,19,80,83,97,4.7,1
S04566,18,78,72,84,7.1,1
S04567,21,58,59,70,1.6,0
S04568,21,85,77,75,6.3,1
S04569,22,97,94,70,7.9,1
S04570,18,81,96,71,8.5,1
S04571,21,63,61,63,2.5,0
S04572,18,100,70,81,9.1,1
S04573,18,56,97,55,6.9,1
S04574,22,79,91,71,8.9,1
S04575,18,86,64,67,5.4,1
S04576,19,85,77,81,5.9,1
S04577,19,92,70,84,9.3,1
S04578,20,82,98,83,9.1,1
S04579,22,61,53,58,5.0,1
S04580,20,58,60,65,3.5,1
S04581,19,83,70,84,4.5,1
S04582,20,62,78,70,4.5,1
S04583,22,65,64,47,3.6,1
S04584,22,56,69,49,3.4,1
S04585,18,93,84,90,8.7,1
S04586,21,51,54,55,1.6,0
S04587,18,77,79,76,7.1,1
S04588,22,44,57,54,2.6,0
S04589,19,50,47,72,4.1,1
S04590,19,56,46,54,1.6,0
S04591,18,50,65,62,3.4,1
S04592,22,100,78,69,7.9,1
S04593,19,65,84,95,9.0,1
S04594,22,54,57,60,3.0,1
S04595,19,71,60,77,5.2,1
S04596,22,67,64,56,5.2,1
S04597,20,75,82,100,8.9,1
S04598,22,72,81,95,7.9,1
S04599,22,62,76,49,5.6,1
S04600,18,75,75,67,7.0,1
S04601,20,100,73,88,8.6,1
S04602,21,55,37,40,1.1,0
S04603,18,80,96,67,4.6,1
S04604,21,92,74,89,9.2,1
S04605,19,92,75,77,7.7,1
S04606,21,46,78,79,5.9,1
S04607,22,70,76,64,5.8,1
S04608,21,79,71,39,4.1,1
S04609,18,67,67,84,5.7,1
S04610,18,95,80,88,6.9,1
S04611,21,84,69,99,4.8,1
S04612,18,75,76,51,7.4,1
S04613,18,80,88,92,8.8,1
S04614,21,49,70,37,2.4,0
S04615,20,64,69,91,5.1,1
S04616,20,56,68,74,4.7,1
S04617,19,83,90,66,7.2,1
S04618,18,48,72,73,3.2,1
S04619,21,83,94,69,6.8,1
S04620,18,92,66,87,8.9,1
S04621,22,53,78,71,4.8,1
S04622,18,100,93,100,9.2,1
S04623,18,95,80,100,9.9,1
S04624,20,65,59,52,2.0,0
S04625,21,55,73,76,3.1,1
S04626,18,95,79,90,9.6,1
S04627,20,100,93,69,9.6,1
S04628,19,57,66,50,1.9,0
S04629,20,74,41,84,1.1,0
S04630,20,60,57,65,2.4,0
S04631,20,100,93,99,10.0,1
S04632,18,63,50,59,2.6,0
S04633,18,78,61,65,5.5,1
S04634,19,68,83,82,8.6,1
S04635,22,59,62,53,1.2,0
S04636,22,68,82,56,6.4,1
S04637,22,56,53,52,3.5,1
S04638,19,100,92,91,8.8,1
S04639,22,62,54,60,3.6,1
S04640,22,69,61,78,7.2,1
S04641,20,75,74,80,7.1,1
S04642,18,49,73,66,3.0,1
S04643,18,70,61,70,1.3,0
S04644,20,62,68,55,4.7,1
S04645,20,70,59,71,3.6,1
S04646,20,97,79,90,8.3,1
S04647,18,78,84,93,8.2,1
S04648,22,76,58,53,5.1,1
S04649,20,66,71,78,6.5,1
S04650,19,100,73,95,6.4,1
S04651,20,93,68,80,8.4,1
S04652,21,67,59,75,4.8,1
S04653,20,56,67,74,3.5,1
S04654,18,62,62,52,3.4,1
S04655,20,70,69,94,5.8,1
S04656,21,90,59,75,5.0,1
S04657,19,58,86,76,5.0,1
S04658,22,59,46,38,1.8,0
S04659,20,80,82,88,7.5,1
S04660,21,60,55,68,2.9,0
S04661,21,60,60,81,2.8,0
S04662,19,68,73,65,4.7,1
S04663,18,71,46,51,3.1,1
S04664,20,81,74,66,6.3,1
S04665,21,71,79,61,4.3,1
S04666,19,40,88,56,5.0,1
S04667,22,76,71,88,5.8,1
S04668,21,45,60,78,2.8,0
S04669,19,66,82,58,2.4,0
S04670,18,100,98,78,8.9,1
S04671,18,60,62,47,4.9,1
S04672,21,66,61,77,4.7,1
S04673,21,49,64,76,1.3,0
S04674,20,84,60,64,5.5,1
S04675,19,75,85,72,6.0,1
S04676,21,91,77,78,6.0,1
S04677,20,84,85,99,7.4,1
S04678,20,63,56,63,2.6,0
S04679,21,64,55,66,3.3,1
S04680,18,91,99,83,8.3,1
S04681,19,71,85,68,9.5,1
S04682,19,60,53,42,2.2,0
S04683,18,71,70,62,5.5,1
S04684,21,69,62,74,2.9,0
S04685,19,54,43,53,1.5,0
S04686,21,55,58,59,3.9,1
S04687,21,59,51,53,2.3,0
S04688,20,69,88,76,7.4,1
S04689,18,54,63,93,5.8,1
S04690,21,66,38,58,2.3,0
S04691,22,60,31,46,1.1,0
S04692,18,88,67,81,8.3,1
S04693,19,73,74,82,2.6,0
S04694,20,69,75,69,6.5,1
S04695,19,52,70,52,4.0,1
S04696,19,74,80,68,6.3,1
S04697,18,62,65,67,3.8,1
S04698,19,49,55,67,1.8,0
S04699,21,61,72,75,3.0,1
S04700,19,55,61,49,2.7,0
S04701,20,51,84,58,4.9,1
S04702,20,73,84,72,6.9,1
S04703,22,52,55,72,3.4,1
S04704,20,57,47,41,1.1,0
S04705,19,66,64,65,5.7,1
S04706,20,87,89,68,6.5,1
S04707,18,100,84,97,9.7,1
S04708,20,82,66,80,6.3,1
S04709,21,55,73,81,5.2,1
S04710,18,90,73,90,6.2,1
S04711,22,100,91,81,9.4,1
S04712,21,84,100,68,8.5,1
S04713,19,79,74,51,3.9,1
S04714,19,57,61,41,3.1,1
S04715,19,45,47,58,3.4,1
S04716,21,64,66,67,5.5,1
S04717,21,98,88,88,7.7,1
S04718,21,57,58,71,5.5,1
S04719,18,56,78,52,1.6,0
S04720,18,80,80,77,7.5,1
S04721,19,78,83,69,8.3,1
S04722,20,60,56,77,3.6,1
S04723,19,79,83,67,7.0,1
S04724,22,64,55,55,4.8,1
S04725,18,72,100,93,9.0,1
S04726,21,87,99,89,8.6,1
S04727,18,84,83,51,5.7,1
S04728,21,87,63,87,7.2,1
S04729,22,78,88,75,9.0,1
S04730,22,59,84,67,5.5,1
S04731,18,62,70,68,3.8,1
S04732,21,97,70,86,7.8,1
S04733,22,68,53,68,3.0,1
S04734,19,75,62,67,4.5,1
S04735,19,94,78,78,8.8,1
S04736,21,84,96,83,7.5,1
S04737,18,70,46,67,4.6,1
S04738,22,68,67,84,2.9,0
S04739,18,61,51,74,4.2,1
S04740,19,50,53,54,3.6,1
S04741,22,68,37,55,2.6,0
S04742,18,93,74,80,7.7,1
S04743,20,52,78,79,3.3,1
S04744,21,79,72,87,5.1,1
S04745,21,85,54,63,4.5,1
S04746,20,89,100,75,9.8,1
S04747,19,60,80,55,4.5,1
S04748,22,58,56,61,1.7,0
S04749,21,52,78,86,1.8,0
S04750,20,69,83,81,6.3,1
S04751,20,80,82,55,6.4,1
S04752,19,53,59,60,4.8,1
S04753,19,55,75,62,4.9,1
S04754,18,56,57,47,1.5,0
S04755,21,72,77,67,5.6,1
S04756,18,75,64,76,5.5,1
S04757,20,78,59,68,2.3,0
S04758,22,59,47,72,1.9,0
S04759,22,64,33,66,2.1,0
S04760,19,48,67,35,1.9,0
S04761,22,84,59,62,6.5,1
S04762,22,56,61,60,2.8,0
S04763,22,64,66,65,3.3,1
S04764,20,59,63,71,2.6,0
S04765,22,99,85,86,9.6,1
S04766,22,72,88,83,8.7,1
S04767,22,40,66,66,3.1,1
S04768,18,63,72,63,3.9,1
S04769,20,66,79,63,2.9,0
S04770,19,73,73,84,5.4,1
S04771,18,67,54,55,1.2,0
S04772,21,82,67,76,7.0,1
S04773,20,67,77,72,5.7,1
S04774,20,63,94,99,9.1,1
S04775,21,58,56,47,2.5,0
S04776,21,93,88,100,8.2,1
S04777,21,78,79,66,8.1,1
S04778,19,59,64,51,2.1,0
S04779,22,73,77,77,4.6,1
S04780,20,50,68,73,2.5,0
S04781,22,69,63,47,3.3,1
S04782,22,80,51,51,3.4,1
S04783,21,72,66,76,6.0,1
S04784,19,58,74,97,4.7,1
S04785,18,87,100,100,9.5,1
S04786,19,36,53,56,2.1,0
S04787,22,93,94,57,9.8,1
S04788,19,67,55,64,3.1,1
S04789,21,99,71,84,8.0,1
S04790,18,64,58,62,4.1,1
S04791,21,63,35,50,2.3,0
S04792,18,76,99,84,8.7,1
S04793,22,62,39,54,3.8,1
S04794,18,62,74,99,6.9,1
S04795,18,72,61,92,6.1,1
S04796,18,68,60,78,5.2,1
S04797,19,75,86,72,5.5,1
S04798,19,74,82,71,7.6,1
S04799,22,58,45,58,1.8,0
S04800,18,75,71,96,7.0,1
S04801,20,83,78,94,9.1,1
S04802,22,57,54,60,1.5,0
S04803,18,60,60,71,2.3,0
S04804,18,87,100,84,7.4,1
S04805,19,68,48,74,4.9,1
S04806,22,65,67,80,4.6,1
S04807,18,57,54,66,2.2,0
S04808,18,65,82,82,5.6,1
S04809,22,55,61,61,2.1,0
S04810,20,92,77,68,5.3,1
S04811,22,72,85,73,7.9,1
S04812,22,60,52,56,3.3,1
S04813,20,67,84,51,5.3,1
S04814,22,87,98,76,9.9,1
S04815,18,75,88,66,7.2,1
S04816,22,87,98,76,8.6,1
S04817,20,52,72,87,4.7,1
S04818,21,92,97,78,7.9,1
S04819,22,62,58,60,1.4,0
S04820,19,46,54,63,2.1,0
S04821,18,39,60,81,2.8,0
S04822,18,59,67,61,4.6,1
S04823,19,82,78,79,8.6,1
S04824,19,92,83,65,4.1,1
S04825,22,83,80,90,6.9,1
S04826,19,62,80,94,7.4,1
S04827,21,68,79,80,6.3,1
S04828,20,66,98,81,4.2,1
S04829,19,77,62,76,6.2,1
S04830,19,53,56,64,4.1,1
S04831,21,56,40,72,1.8,0
S04832,18,82,87,93,9.9,1
S04833,18,47,60,51,2.1,0
S04834,22,59,50,70,1.7,0
S04835,21,93,79,81,8.9,1
S04836,20,73,65,61,3.7,1
S04837,20,83,71,87,6.9,1
S04838,21,61,68,65,4.0,1
S04839,20,75,79,72,4.5,1
S04840,18,67,70,72,3.4,1
S04841,20,68,75,57,4.1,1
S04842,20,63,80,73,4.7,1
S04843,21,75,83,94,7.5,1
S04844,21,73,70,60,5.6,1
S04845,20,100,79,91,9.5,1
S04846,19,59,50,47,1.4,0
S04847,21,66,65,84,5.5,1
S04848,22,67,83,86,6.3,1
S04849,22,82,91,80,9.3,1
S04850,18,77,62,83,1.4,0
S04851,20,71,61,87,6.2,1
S04852,19,94,100,91,8.7,1
S04853,18,59,57,71,3.2,1
S04854,20,88,73,95,8.9,1
S04855,21,63,48,44,1.2,0
S04856,22,75,100,81,7.6,1
S04857,19,81,83,89,9.4,1
S04858,22,94,73,71,6.9,1
S04859,21,80,67,75,5.0,1
S04860,20,64,52,72,1.4,0
S04861,21,95,78,79,9.3,1
S04862,21,75,71,70,5.2,1
S04863,22,75,65,47,1.3,0
S04864,19,79,82,56,7.2,1
S04865,21,77,58,80,5.3,1
S04866,22,44,53,59,2.1,0
S04867,19,53,54,63,2.9,0
S04868,20,44,55,46,1.6,0
S04869,20,88,89,71,6.2,1
S04870,18,51,74,88,6.6,1
S04871,22,68,71,72,5.6,1
S04872,19,54,100,82,8.4,1
S04873,21,76,94,85,8.7,1
S04874,20,71,82,60,6.5,1
S04875,19,68,74,63,1.1,0
S04876,22,83,84,62,7.3,1
S04877,18,61,46,58,4.8,1
S04878,20,85,83,61,6.1,1
S04879,19,77,59,74,6.8,1
S04880,19,67,71,62,4.2,1
S04881,19,75,68,85,9.3,1
S04882,22,49,52,49,2.2,0
S04883,22,70,73,89,7.0,1
S04884,22,54,44,66,1.0,0
S04885,21,88,83,82,9.3,1
S04886,19,73,68,53,2.0,0
S04887,20,61,48,52,1.9,0
S04888,22,39,71,62,4.0,1
S04889,22,70,56,51,4.4,1
S04890,19,47,58,51,2.9,0
S04891,22,66,78,84,6.3,1
S04892,21,62,58,73,5.0,1
S04893,21,49,39,76,1.3,0
S04894,22,52,70,62,3.9,1
S04895,19,85,95,77,8.3,1
S04896,19,65,77,72,7.2,1
S04897,19,84,74,74,7.5,1
S04898,18,100,80,70,7.3,1
S04899,22,52,65,69,3.8,1
S04900,19,55,59,59,1.9,0
S04901,21,39,35,58,3.5,0
S04902,20,81,72,97,8.5,1
S04903,20,96,80,100,9.8,1
S04904,19,79,72,85,5.4,1
S04905,20,55,55,63,1.1,0
S04906,20,68,65,69,2.3,0
S04907,18,91,67,88,3.9,1
S04908,21,92,60,83,6.2,1
S04909,21,52,71,51,1.7,0
S04910,18,73,100,90,9.5,1
S04911,18,63,52,75,4.3,1
S04912,20,77,90,72,9.2,1
S04913,22,87,75,77,8.0,1
S04914,20,69,82,93,7.8,1
S04915,18,75,87,53,6.5,1
S04916,21,85,99,60,6.6,1
S04917,20,76,84,73,6.7,1
S04918,22,67,79,80,6.7,1
S04919,20,86,69,57,6.0,1
S04920,19,71,92,85,9.9,1
S04921,20,77,95,92,7.6,1
S04922,18,82,81,81,8.0,1
S04923,21,86,76,94,8.9,1
S04924,21,63,42,55,2.9,0
S04925,18,63,61,49,1.8,0
S04926,19,71,73,81,5.3,1
S04927,18,69,64,76,5.6,1
S04928,20,80,95,68,8.5,1
S04929,18,64,64,60,5.0,1
S04930,18,82,72,92,6.1,1
S04931,19,66,72,61,5.7,1
S04932,20,64,50,68,1.3,0
S04933,22,76,78,69,6.5,1
S04934,22,79,96,82,8.5,1
S04935,21,66,46,64,2.4,0
S04936,18,68,80,49,6.3,1
S04937,21,82,76,56,6.3,1
S04938,19,62,60,62,2.5,0
S04939,22,52,66,51,2.1,0
S04940,18,94,90,98,9.8,1
S04941,19,73,72,48,4.5,1
S04942,19,74,68,69,3.0,1
S04943,18,70,53,44,2.5,0
S04944,19,83,81,72,7.0,1
S04945,18,65,73,62,6.5,1
S04946,18,100,75,99,6.8,1
S04947,20,43,52,42,1.8,0
S04948,21,95,91,82,9.0,1
S04949,19,72,68,47,4.5,1
S04950,19,53,68,84,3.8,1
S04951,20,70,70,75,5.2,1
S04952,20,67,49,69,4.5,1
S04953,20,98,85,100,8.8,1
S04954,22,80,88,87,9.4,1
S04955,22,62,66,68,3.7,1
S04956,22,62,78,84,8.8,1
S04957,18,99,68,87,8.0,1
S04958,19,77,94,79,9.4,1
S04959,21,66,58,61,3.2,1
S04960,18,74,76,83,6.2,1
S04961,19,63,60,68,3.5,1
S04962,19,92,83,80,8.4,1
S04963,20,71,47,39,1.0,0
S04964,20,77,63,91,6.1,1
S04965,18,73,70,58,4.1,1
S04966,20,69,58,77,3.9,1
S04967,19,87,78,78,6.8,1
S04968,20,80,89,67,8.7,1
S04969,22,87,69,90,6.5,1
S04970,20,96,71,86,8.7,1
S04971,19,74,89,80,3.4,1
S04972,18,66,66,70,5.7,1
S04973,21,69,76,78,5.1,1
S04974,20,57,74,35,1.1,0
S04975,19,60,82,67,6.0,1
S04976,21,94,74,61,7.0,1
S04977,21,75,74,70,6.3,1
S04978,22,83,71,84,7.6,1
S04979,21,69,83,66,6.1,1
S04980,19,43,61,68,1.6,0
S04981,19,52,51,49,2.0,0
S04982,20,78,63,85,6.4,1
S04983,20,71,48,80,3.5,1
S04984,20,58,66,70,1.7,0
S04985,21,73,70,65,4.9,1
S04986,21,71,76,47,6.0,1
S04987,22,71,56,73,4.0,1
S04988,20,95,63,77,7.5,1
S04989,18,84,87,64,6.8,1
S04990,22,74,65,59,4.0,1
S04991,18,84,91,97,7.8,1
S04992,21,62,72,62,6.8,1
S04993,22,66,74,81,6.7,1
S04994,22,79,81,76,6.0,1
S04995,19,54,61,52,1.1,0
S04996,21,84,87,85,7.3,1
S04997,21,84,63,87,4.4,1
S04998,22,95,95,82,9.5,1
S04999,21,96,95,78,8.4,1
S05000,22,76,73,82,6.3,1
